hospital_name,county,level,ownership
Kaka Medical Clinic,Kakamega,Level 2,Private Practice - Medical Specialist
KOPANGA DISPENSARY,Migori,Level 2,Ministry of Health
Fairview Medical Centre,Nairobi,Level 2,Private Practice - Unspecified
RADIANT GROUP OF HOSPITALS-UMOJA,Nairobi,Level 3,Private Practice - Unspecified
Songot Medical Clinic,Turkana,Level 2,Private Practice - Nurse / Midwifery
Vital Solutions Health Centre,Narok,Level 3,Non-Governmental Organizations
St.Ann's Catholic Dispensary Kapsorok,Kericho,Level 2,Kenya Episcopal Conference-Catholic Secretariat
Ankara Medical Centre,Garissa,Level 2,Private Practice - Clinical Officer
George Mudenyo Kadima Nasio Trust (Mumias West),Kakamega,Level 2,Private Practice - Clinical Officer
Nazareth Medical Services-Githurai,Nairobi,Level 2,Private Practice - Clinical Officer
Penda Medical Care-Kahawa West,Nairobi,Level 2,Private Practice - General Practitioner
The Mater Hospital-Satelite Clinic(TRM),Nairobi,Level 2,Kenya Episcopal Conference-Catholic Secretariat
NAMUNYAK MEDICAL CENTRE,Kajiado,Level 2,Private Practice - Nurse / Midwifery
THE MAZIRA MEMORIAL HOSPITAL,Kajiado,Level 2,Private Company
PREMIERCARE DIAGNOSTICS NAROK LIMITED,Narok,Level 4,Private Company
Itoleka Smartext Medical Services,Kitui,Level 2,Private Practice - Clinical Officer
Africare Limited Embakasi Clinic,Nairobi,Level 2,Private Enterprise (Institution)
AVENUE HEALTHCARE GREENSPAN,Nairobi,Level 3,Private Enterprise (Institution)
Yalatani Dispensary,Kitui,Level 2,Ministry of Health
Musuani Mdc,Kitui,Level 2,Private Practice - General Practitioner
Musuani Medical Centre,Kitui,Level 2,Private Practice - General Practitioner
Muthangira Dispensary,Nyeri,Level 2,Ministry of Health
ST.TRESA'S OLK MEDICAL CLINIC,Nyandarua,Level 2,Private Practice - Clinical Officer
Kericho Medical Clinic,Kericho,Level 2,Private Practice - Medical Specialist
Orion Healthcare Medical Centre,Busia,Level 2,Private Practice - Medical Specialist
COMMUNITY HEALTH SERVICE,Murang'A,Level 2,Private Practice - Nurse / Midwifery
Kilele Medical Specialist Centre,Nairobi,Level 2,Private Practice - Medical Specialist
Sanctuary Rains Medical Centre,Nairobi,Level 3,Private Practice - Clinical Officer
Highway Medical Clinic Mukuyuni,Bungoma,Level 2,Private Practice - Clinical Officer
ScanHealth Limited-Kericho,Kericho,Level 2,Private Practice - Medical Specialist
Aimo Dispensary,Homa Bay,Level 2,Ministry of Health
Saika Community Medical Centre,Nairobi,Level 2,Private Practice - Nurse / Midwifery
Selina's Health Care,Nairobi,Level 3,Private Practice - Nurse / Midwifery
Naagis Dispensary,Turkana,Level 2,Public Institution
Oasis Doctors Plaza Nairobi Green House,Nairobi,Level 2,Private Practice - Medical Specialist
Karen Roses Medical Clinic,Nairobi,Level 2,Private Practice - Nurse / Midwifery
South C Hospital Limited(South C),Nairobi,Level 3,Private Enterprise (Institution)
Our Mother of Perpetual Help Bamba Catholic Dispensary,Kilifi,Level 2,Private Practice - Nurse / Midwifery
Nasianda,Trans Nzoia,Level 2,Ministry of Health
Gynocare womens &fistula hospital,Uasin Gishu,Level 4,Private Practice - Medical Specialist
Quality care medical clinic,Uasin Gishu,Level 2,Private Practice - Nurse / Midwifery
Katsakakairu Disp,Lamu,Level 2,Ministry of Health
Uziwa Dispensary,Lamu,Level 2,Ministry of Health
Dago,Kisumu,Level 2,Ministry of Health
South C Dialysis Centre,Nairobi,Level 2,Private Company
Tewe Dispensary,Lamu,Level 2,Ministry of Health
Sinambio Disp,Lamu,Level 2,Ministry of Health
MaishaMaish  Dispensary,Lamu,Level 2,Ministry of Health
Holsoms Nursing Home,Nyamira,Level 3,Private Practice - Clinical Officer
Chepsoo Medical Centre,Nandi,Level 2,Private Practice - General Practitioner
Agahkan Ngong Clinic,Kajiado,Level 2,Private Practice - Nurse / Midwifery
Gertrude's Children Hospital-Thika Rd,Nairobi,Level 2,Private Practice - General Practitioner
Equity Afia Kayole,Nairobi,Level 2,Company Medical Service
Lomunyenekirionok dispensary,Turkana,Level 2,Ministry of Health
Rushi Medical Clinic,Busia,Level 2,Private Practice - Nurse / Midwifery
Blissfam medical centre,Kilifi,Level 2,Private Practice - General Practitioner
st Angela Medical Centre,Kakamega,Level 2,Private Practice - Clinical Officer
Bethlehem Home Hospital,Kisumu,,Private Practice - Clinical Officer
HEARTLANDS MEDICAL CENTRE,Narok,Level 2,Private Practice - Clinical Officer
Bliss M Clinic,Kakamega,Level 2,Private Practice - Clinical Officer
Jimba Dispensary,Kilifi,Level 2,Ministry of Health
Rungut Dispensary,Kericho,Level 2,Public Institution
Hope care medical centre,Kajiado,Level 2,Private Practice - Clinical Officer
MASAKA DISPENSARY,Kakamega,Level 2,Ministry of Health
EREGI TTC CLINIC,Kakamega,Level 2,Non-Governmental Organizations
LUKANJI HEALTH CLINIC,Kakamega,Level 2,Non-Governmental Organizations
Bahati Hospital - Malaa,Machakos,Level 2,Private Practice - Clinical Officer
Eastern Afya Medical Centre,Machakos,Level 2,Private Practice - Nurse / Midwifery
Ruai Family Hospital - Tala,Machakos,Level 3,Private Practice - Medical Specialist
Lwakhakha Dispensary,Bungoma,Level 2,Public Institution
Get Well Clinic,Kisumu,Level 2,Private Practice - Clinical Officer
OTIENDE OUTPATIENT CLINIC,Homa Bay,Level 2,Private Practice - Clinical Officer
KOTIENDE OUPATIENT CLINIC,Homa Bay,Level 2,Private Practice - Clinical Officer
Afya Bora Clinic(Busia),Busia,Level 2,Private Practice - Clinical Officer
TOGONYE DISPENSARY,Kirinyaga,Level 2,Ministry of Health
Wananchi Clinic and Optician,Embu,Level 2,Private Practice - Clinical Officer
MAMAS NURSING HOME,Homa Bay,Level 2,Non-Governmental Organizations
MAISHA CLINIC NDHIWA,Homa Bay,Level 2,Non-Governmental Organizations
KIAGUTHU DISPENSARY,Nyeri,Level 2,Ministry of Health
Cieni dispensary,Nyeri,Level 2,Ministry of Health
Palis Medical Clinic,Kirinyaga,Level 2,Private Practice - Clinical Officer
Kianjogu Dispensary,Nyeri,Level 2,Ministry of Health
Gathumbi Dispensary,Nyeri,Level 2,Ministry of Health
St. Akidiva Memorial,Narok,Level 3,Other Faith Based
Faith CFW Clinic,Embu,Level 2,Non-Governmental Organizations
Patience CFW Clinic,Embu,Level 2,Non-Governmental Organizations
Tumaini CFW Clinic,Embu,Level 2,Non-Governmental Organizations
Africare Limited Eastleigh,Nairobi,Level 3,Private Practice - Unspecified
Mtwapa drop in and resource centre,Kilifi,Level 2,Non-Governmental Organizations
Masii Medical Centre,Machakos,Level 2,Private Practice - Clinical Officer
Mwangea community Dispensary,Kwale,Level 2,Ministry of Health
Unicure Medical Centre,Kirinyaga,Level 2,Private Practice - General Practitioner
Endoscopy and Diagnostic Center Kerugoya,Kirinyaga,Level 2,Private Practice - Medical Specialist
Professor Wasuna Clinic,Nairobi,Level 2,Private Practice - Medical Specialist
Githima Disp,Nyeri,Level 2,Ministry of Health
machesa dispensary,Wajir,Level 2,Public Institution
Kapkitony,Baringo,Level 2,Ministry of Health
Lokorkor Dispensary,Turkana,Level 2,Ministry of Health
Lobulono Dispensary,Turkana,Level 2,Public Institution
Fountain Healthcare Ltd Bungoma,Bungoma,Level 3,Private Practice - General Practitioner
CENTRAL MEDICAL CLINIC,Kisii,Level 2,Private Practice - Clinical Officer
Sirende medical clinic,Trans Nzoia,Level 2,Private Practice - Clinical Officer
Primecare medical centre,Trans Nzoia,Level 2,Private Practice - Clinical Officer
Bliss CVS Healthcare Limited Kapsabet,Nandi,Level 2,Private Practice - General Practitioner
Marysyl Medical Clinic,Kakamega,Level 2,Private Practice - Clinical Officer
Africare Ltd Karen Clinic,Nairobi,Level 2,Private Company
Koykoy Dispensary,Trans Nzoia,Level 2,Ministry of Health
Chemichem Dispensary,Trans Nzoia,Level 2,Ministry of Health
MAISHA HEALTH CARE CLINIC,Homa Bay,Level 2,Non-Governmental Organizations
Rafiki Health Centre,Trans Nzoia,Level 2,Ministry of Health
Nzoia Medical Centre Chwele,Bungoma,Level 3,Private Enterprise (Institution)
Oltumusoi Dispensary,Narok,Level 2,Ministry of Health
Nzioa Medical Centre Chwele,Bungoma,Level 3,Private Enterprise (Institution)
Koinange Dispensary,Nyandarua,Level 2,Public Institution
AFYALINK MEDICAL LABARATORIES,Kirinyaga,Level 2,Laboratory Technician/Technologist
Gitunduti Medical Clinic,Nyeri,Level 2,Private Practice - Nurse / Midwifery
ACK NGUNI CBHC ANNEX CLINIC,Kitui,Level 2,Christian Health Association of Kenya
Goshen Medical clinic,Nyeri,Level 2,Private Practice - Nurse / Midwifery
Interlink Optical and Care Services,Kirinyaga,Level 3,Private Practice - Clinical Officer
Bwake,Trans Nzoia,Level 2,Ministry of Health
Saboti Medical Clinic,Trans Nzoia,Level 2,Private Practice - Nurse / Midwifery
Chanuka Youth Centre,Trans Nzoia,Level 2,Non-Governmental Organizations
Mercal Health Care Ltd,Trans Nzoia,Level 2,Private Practice - General Practitioner
Aruba,Trans Nzoia,Level 2,Ministry of Health
Dr.Stephen Kamore Wanjohi,Nairobi,Level 2,Private Practice - Medical Specialist
Cheptobot,Trans Nzoia,Level 2,Ministry of Health
GINGO COMMUNITY,Homa Bay,Level 2,Private Practice - Clinical Officer
SINDO MEDICAL CENTRE,Homa Bay,Level 3,Private Practice - Clinical Officer
Kesogon,Trans Nzoia,Level 2,Ministry of Health
Kapsigilai,Trans Nzoia,Level 2,Ministry of Health
KEMRI ALUPE HOSPITAL,Busia,Level 3,Non-Governmental Organizations
KARI TRC HOSPITAL,Busia,Level 3,Non-Governmental Organizations
KARI HOSPTAL,Busia,Level 3,Non-Governmental Organizations
Mutunyi Dispensary,Meru,Level 2,Ministry of Health
Baibariu Dispensary,Meru,Level 2,Ministry of Health
Kayos Dispensary Puiblic,Trans Nzoia,Level 2,Ministry of Health
Kayos Dispensary,Trans Nzoia,Level 2,Ministry of Health
Nyakoigwana Dispensary,Trans Nzoia,Level 2,Ministry of Health
Khalwenge Dispensary,Trans Nzoia,Level 2,Ministry of Health
Matumbei Dispensary,Trans Nzoia,Level 2,Ministry of Health
Twiga Dispensary,Trans Nzoia,Level 2,Ministry of Health
Kapkarwa,Trans Nzoia,Level 2,Ministry of Health
Avenue Health Care Embakasi,Nairobi,Level 3,Private Practice - Unspecified
CENTER VIEW MEDICAL HEALTH CARE,Busia,Level 3,Private Practice - Clinical Officer
Kiptenden,Trans Nzoia,Level 2,Ministry of Health
ST Marys' Health Care,Kilifi,Level 2,Kenya Episcopal Conference-Catholic Secretariat
Benard Vision Medical Center,Homa Bay,Level 2,Company Medical Service
MILIMANI DISPENSARY,Kakamega,Level 2,Ministry of Health
Karaus Disp,Trans Nzoia,Level 2,Ministry of Health
Soy Mining Disp,Trans Nzoia,Level 2,Ministry of Health
Marinda Disp,Trans Nzoia,Level 2,Ministry of Health
Biketi Dispensary,Trans Nzoia,Level 2,Ministry of Health
BUYEMI DISPENSARY,Kakamega,Level 2,Ministry of Health
Kaptain Dispensary,Nyandarua,Level 2,Ministry of Health
Imani Medical Centre(Kitui Central),Kitui,Level 2,Private Practice - Clinical Officer
Alaro community dispensary,Homa Bay,Level 2,Non-Governmental Organizations
Okita Health Center,Homa Bay,Level 2,Non-Governmental Organizations
mawego community medical centre,Homa Bay,Level 2,Non-Governmental Organizations
Ager community dispensary,Homa Bay,Level 2,Non-Governmental Organizations
Kabolet,Trans Nzoia,Level 2,Ministry of Health
Bliss GVS Health care Limited,Nyeri,Level 2,Private Practice - Unspecified
Diamension medical Labolatory,Nyeri,Level 2,Laboratory Technician/Technologist
Transami Clinic,Nairobi,Level 2,Private Practice - Clinical Officer
Makololwe Dispensary,Bungoma,Level 2,Ministry of Health
Namang'ofulo Dispensary,Bungoma,Level 2,Ministry of Health
Tinashe Medical Centre,Embu,Level 2,Private Enterprise (Institution)
Muromutua Dispensary,Meru,Level 2,Ministry of Health
Kilera Dispensary,Meru,Level 2,Ministry of Health
Kairuru Dispensary,Meru,Level 2,Ministry of Health
Namwatikho Dispensary,Bungoma,Level 2,Community
Bukokholo Dispensary,Bungoma,Level 2,Ministry of Health
Chitsanze Dispensary,Kwale,Level 2,Ministry of Health
Nduumoni Dispensary,Makueni,Level 2,Ministry of Health
RADHORE DISPENSARY,Homa Bay,Level 2,Ministry of Health
GAENA,Homa Bay,Level 2,Non-Governmental Organizations
Mwomo Dispensary,Bungoma,Level 2,Ministry of Health
Tupado Drop in Centre,Turkana,Level 2,Non-Governmental Organizations
Kajiado west medical clinic,Kajiado,Level 2,Private Practice - Clinical Officer
Graceheal Health Care,Nakuru,Level 3,Private Practice - Clinical Officer
Otamba Dispensary,Kisii,Level 2,Ministry of Health
St. Jane Medical Clinic,Kilifi,Level 2,Private Practice - Clinical Officer
Kilifi GK Prison VCT,Kilifi,Level 2,Prisons
Mwangaza Gen/Eye Clinic,Nyeri,Level 2,Private Practice - Clinical Officer
KIPASI COMMUNITY HEALTH CENTRE,Homa Bay,Level 2,Non-Governmental Organizations
Kimbo Dispensary,Meru,Level 2,Ministry of Health
LITARE COMMUNITY HEALTH CENTRE,Homa Bay,Level 2,Non-Governmental Organizations
Bamako Dispensary,Taita Taveta,Level 2,Ministry of Health
Rithika Medical And Counselling Centre Kangeta,Meru,Level 2,Private Practice - Nurse / Midwifery
Rithika Medical And Counselling Centre,Meru,Level 2,Private Practice - Nurse / Midwifery
Ubuntu Afya Manyatta,Nyandarua,Level 2,Non-Governmental Organizations
Mwangea Dispensary,Taita Taveta,Level 2,Ministry of Health
Nyaramba Junction Medical Centre,Nyamira,Level 2,Private Practice - Clinical Officer
Buxton Hospital,Mombasa,Level 4,Private Practice - General Practitioner
GATEWAY PEDIATRIC MEDICAL CLINIC,Kirinyaga,Level 2,Private Practice - Clinical Officer
GATAMAIYU BENJAMIN WELLNESS CENTRE,Kiambu,Level 2,Private Practice - Clinical Officer
Linax medical centre,Nakuru,Level 2,Private Practice - Clinical Officer
OptimuM current health care,Nakuru,Level 2,Private Practice - Medical Specialist
CELIPHAM MEDICAL CLINIC,Kiambu,Level 2,Private Practice - Nurse / Midwifery
Elwak Nursing Home,Mandera,Level 2,Private Practice - Nurse / Midwifery
ULTRAMED HEALTH CARE,Kilifi,Level 2,Private Practice - Clinical Officer
Sasa,Kiambu,Level 2,Non-Governmental Organizations
Obwogre Dispensary,Siaya,Level 2,Ministry of Health
Uloma Dispensary,Siaya,Level 2,Ministry of Health
Tumaini DISC Clinic,Siaya,Level 2,Non-Governmental Organizations
Matibabu Ugunja Clinic,Siaya,Level 2,Non-Governmental Organizations
NYAMUSI MEDICAL CENTER,Nyamira,Level 2,Private Practice - Clinical Officer
Kithia Dispensary,Machakos,Level 2,Ministry of Health
Sere Dispensary (Nyamira north),Nyamira,Level 2,Public Institution
Nuclear Medical Laboratory,Nyeri,Level 2,Laboratory Technician/Technologist
Lilyon Nursing Home,West Pokot,Level 2,Private Practice - Clinical Officer
Sagatia Medical centre,Kajiado,Level 2,Private Practice - Clinical Officer
Jowasi Medical clinic,Nyeri,Level 2,Private Practice - Clinical Officer
MFANGANO COMMUNITY HEALTH CENTREM,Homa Bay,Level 2,Non-Governmental Organizations
Musyi Medical Clinic,Machakos,Level 2,Private Practice - Clinical Officer
Sun Rise Medical Clinic,Tharaka-Nithi,Level 2,Private Practice - Nurse / Midwifery
Mt.Sinai Hospital,Kisumu,Level 2,Private Practice - Medical Specialist
Chogoria Cospital Chuka Medical Center,Tharaka-Nithi,Level 2,Other Faith Based
Lomidat dispensary,Turkana,Level 2,Ministry of Health
Lolupe (Turkana West) Dispensary,Turkana,Level 2,Ministry of Health
Locheredome (Turkana West) Dispensary,Turkana,Level 2,Ministry of Health
sukut dispensary,West Pokot,Level 2,Ministry of Health
The Almond Clinic,Kitui,Level 2,Private Practice - Clinical Officer
Chrizah Medical Clinic,Bungoma,Level 2,Private Practice - Clinical Officer
Kisumu Specialist Hospital,Kisumu,Level 3,Private Practice - Medical Specialist
Komarock Modern Hospital Utawala,Nairobi,Level 4,Private Enterprise (Institution)
EURAKA MEDICAL CENTRE,Nairobi,Level 3,Private Enterprise (Institution)
SWOP Clinic Donholm,Nairobi,Level 2,Non-Governmental Organizations
Facility Official Name * Nyamage,Migori,Level 2,Ministry of Health
Gomba Medical Clinic,Mombasa,Level 2,Private Practice - Nurse / Midwifery
Bacasavi Medical Clinic,Trans Nzoia,Level 2,Private Practice - General Practitioner
Mitambo dispensary,Trans Nzoia,Level 2,Ministry of Health
Kibormos dispensary,Trans Nzoia,Level 2,Ministry of Health
MFANGANO COMMUNITY HEALTH CENTRE,Homa Bay,Level 2,Non-Governmental Organizations
Maviaume Dispensary,Makueni,Level 2,Ministry of Health
Rapha Healthcare Centre,Kisumu,,Private Practice - Clinical Officer
"IOM MIGRATION HEALTH ASSESMENT CENTRE,KAKUMA",Turkana,,Non-Governmental Organizations
Avenue Health  Care Garden City Clinic,Nairobi,Level 2,Private Practice - General Practitioner
Gateway Health Services,Kiambu,Level 2,Private Practice - Nurse / Midwifery
KIPASI COMMUNITY HEALTH CENTRE (Lambwe),Homa Bay,Level 2,Ministry of Health
mogondo dispensary,Narok,Level 2,Ministry of Health
Chaka Medical Clinic,Kiambu,Level 2,Private Practice - Clinical Officer
Medicross Medical Clinic,Kiambu,Level 2,Private Practice - Clinical Officer
Juja Modern Hospital & Maternity,Kiambu,Level 2,Private Practice - Nurse / Midwifery
Talana specialist centre,Kajiado,Level 2,Private Practice - Medical Specialist
REHOBOTH MEDICAL CLINIC,Embu,Level 2,Private Practice - Nurse / Midwifery
ISHIARA HEALTH CARE CLINIC,Embu,Level 2,Private Practice - Nurse / Midwifery
Machakos Central Clinic,Machakos,Level 2,Private Practice - General Practitioner
ISHIARA FOCUS MEDICAL CARE,Embu,Level 2,Private Practice - Clinical Officer
Homabay Central Medical Clinic (Homa Bay Central),Homa Bay,Level 2,Private Practice - Clinical Officer
OTARO,Homa Bay,Level 2,Christian Health Association of Kenya
Oasis Doctors Plaza,Homa Bay,Level 2,Private Practice - Medical Specialist
Rachare Dispensary,Siaya,Level 2,Ministry of Health
Mazola Dispensary,Kwale,Level 2,Ministry of Health
Nabuala Medical Centre,Bungoma,Level 2,Private Practice - Clinical Officer
Phoenix Healthcare (Maua),Meru,Level 3,Private Practice - General Practitioner
OBAMA DISPENSARY,Migori,Level 2,Public Institution
Nairiri Dispensary,Uasin Gishu,Level 2,Ministry of Health
Solonamu medical centre,Trans Nzoia,Level 2,Private Practice - Clinical Officer
Galaxy Medical Centre-Ngatataek,Kajiado,Level 2,Private Practice - General Practitioner
Whiterose Medical centre Gategi satellite,Embu,Level 3,Private Enterprise (Institution)
Makutano Dispensary (Mwea),Embu,Level 2,Ministry of Health
Kangungi Dispensary,Embu,Level 2,Ministry of Health
Korakora Health Centre,Garissa,Level 3,Ministry of Health
Damasa Dispensary,Mandera,Level 2,Ministry of Health
Gari Dispensary,Mandera,Level 2,Ministry of Health
Bambo Dispensary (Waranqara),Mandera,Level 2,Ministry of Health
Kabo Dispensary,Mandera,Level 2,Ministry of Health
Alungu Dispensary,Mandera,Level 2,Ministry of Health
Mkondoni Dispensary,Kilifi,Level 2,Ministry of Health
Sosobora Dispesary,Kilifi,Level 2,Ministry of Health
Gianchere Dispensary,Kisii,Level 2,Ministry of Health
Makdavis Medical Clinic,Kajiado,Level 2,Private Practice - Nurse / Midwifery
Lagsure Dispensary,Mandera,Level 2,Ministry of Health
Didkuro Dispensary,Mandera,Level 2,Ministry of Health
Qarsahama Dispensary,Mandera,Level 2,Ministry of Health
El-Danada Dispensary,Mandera,Level 2,Ministry of Health
Alpha Hill Medical Centre,Nandi,Level 4,Private Practice - Clinical Officer
Arrow Web Clinic,Nairobi,Level 3,Company Medical Service
KIHOME DISPENSARY,Nyeri,Level 2,Ministry of Health
THUNGURI DISPENSARY,Nyeri,Level 2,Ministry of Health
Kyondoni Dispensary (Kauwi),Kitui,Level 2,Ministry of Health
MAISHA CLINIC,Homa Bay,Level 2,Private Practice - Nurse / Midwifery
Nyalunya Community Nursing Home,Kisumu,Level 2,Ministry of Health
Kenya Red Cross Kalobeyei Health centre,Turkana,Level 4,Non-Governmental Organizations
Wasio  dispensary,Bungoma,Level 2,Ministry of Health
Roses Healthcare Clinc,Nyandarua,Level 2,Private Practice - Nurse / Midwifery
GALAXY MEDICAL CENTRE,Kisii,Level 3,Private Practice - Medical Specialist
LADACA,Kisii,Level 3,Private Practice - Clinical Officer
THE AVENUE MEDICAL AND DIAGNOSTIC CENTRE.,Nyeri,Level 2,Private Practice - Clinical Officer
Prince Alvin Medical Centre,Kiambu,Level 2,Private Practice - Clinical Officer
Thika Heart Centre,Kiambu,Level 2,Private Practice - Medical Specialist
Kirege Dispensary,Tharaka-Nithi,Level 2,Other Faith Based
Avenue Health Care-Eldoret Clinic,Uasin Gishu,Level 2,Private Enterprise (Institution)
Velma Memorial Medical Centre,Kirinyaga,Level 4,Private Practice - Medical Specialist
Bongu Konyango Dispensary,Kisumu,Level 2,Ministry of Health
Vuyika Dispensary,Kakamega,Level 3,Ministry of Health
Sigma Medical Centre,Embu,Level 2,Company Medical Service
Uae Dispensary,Kitui,Level 2,Ministry of Health
Bethsaida Family Hospital,Machakos,Level 2,Private Practice - Nurse / Midwifery
Emmanuel community health clinic (Rware),Nyeri,Level 2,Private Practice - Nurse / Midwifery
Faith medical Laboratory,Nyeri,Level 2,Private Practice - General Practitioner
Hope community Nursing services,Nyeri,Level 2,Private Practice - Nurse / Midwifery
Mary Immaculate (Kingongo),Nyeri,Level 2,Other Faith Based
The Agha Khan Medical Centre-Rigeways(Kiambu Rd.),Nairobi,Level 2,Private Practice - General Practitioner
Springs Health Services,Nairobi,Level 2,Private Practice - Clinical Officer
Mary Immaculate (Ruringu),Nyeri,Level 2,Other Faith Based
TUMAINI DISC-SIAYA,Siaya,Level 3,Non-Governmental Organizations
Providence Medical Centre - Mathare North,Nairobi,Level 3,Private Practice - General Practitioner
Imani 44 Medical Clinic,Nairobi,Level 2,Private Practice - Clinical Officer
Mercylight  Hospital-Lucky Summer,Nairobi,Level 3,Private Practice - Nurse / Midwifery
Nelly Medical Centre,Nairobi,Level 2,Private Practice - Nurse / Midwifery
Mulot stand alone (Bomet),Bomet,Level 2,Christian Health Association of Kenya
Rosemed clinic,Kajiado,Level 2,Private Practice - Clinical Officer
ST. JULIANS MEDICAL CLINIC,Makueni,Level 2,Private Practice - Nurse / Midwifery
AAR Nyali Heal,Mombasa,Level 3,Private Practice - General Practitioner
Ebenezar Medical clinic,Meru,Level 2,Private Practice - Nurse / Midwifery
GALAXY,Isiolo,Level 4,Private Practice - General Practitioner
KIRIA-INI HEALTH CARE,Murang'A,Level 2,Private Practice - Clinical Officer
CFW Cheera,Tharaka-Nithi,Level 2,Private Practice - Nurse / Midwifery
Sipili maternity and nursing home (Githiga),Laikipia,Level 2,Private Practice - Nurse / Midwifery
North Gate School - Koma Hill Clinic,Machakos,Level 2,Private Enterprise (Institution)
SAINT GABRIEL HOSPITAL AND WELLNESS CENTER,Kericho,Level 4,Private Practice - Medical Specialist
Kitololoni Catholic Dispensary,Embu,Level 2,Kenya Episcopal Conference-Catholic Secretariat
ST.Bakhita Mission,Bungoma,Level 3,Other Faith Based
SVG Health Care Limited,Nairobi,Level 2,Private Enterprise (Institution)
Dr. Mazaher Hassan Jaffer,Nairobi,Level 2,Private Practice - General Practitioner
Dr. Racheal Muthoni Rukaria,Nairobi,Level 2,Private Practice - Medical Specialist
FURAHA MEDICAL CARE,Kirinyaga,Level 2,Private Practice - Nurse / Midwifery
Columbia Africa Health Care Ltd,Nairobi,Level 2,Company Medical Service
Nyaronde(Borabu),Nyamira,Level 2,Ministry of Health
Mailo Inya Medical Clinic,Nyandarua,Level 2,Private Practice - Clinical Officer
MEDICARE HEALTH- SATELITTE,Nyamira,Level 2,Private Practice - Clinical Officer
Ndumberi Clinical Services,Kiambu,Level 2,Private Practice - Clinical Officer
Dr Paul S Njuguna (Healthwise Medical centre Ltd),Nyeri,Level 2,Private Practice - Medical Specialist
Kimbimbi Medical Centre,Kirinyaga,Level 2,Private Practice - Nurse / Midwifery
Sugubo Dispensary,Kisii,Level 2,Ministry of Health
Hillsway Medical Centre,Kajiado,Level 2,Private Practice - Clinical Officer
St. Peters Medical Centre Bulwani,Busia,Level 2,Private Practice - Clinical Officer
Kyase Dispensary,Makueni,Level 2,Ministry of Health
Mulenyu dispensary,Makueni,Level 2,Ministry of Health
Kawala Medical clinic,Makueni,Level 2,Private Practice - General Practitioner
Pala Dispensary,Homa Bay,Level 2,Ministry of Health
Kyeeko Dispensary,Makueni,Level 2,Ministry of Health
Nyaroha Dispensary,Migori,Level 2,Ministry of Health
Hayat Hospital,Nairobi,Level 3,Private Practice - General Practitioner
Sikia dispensary,Machakos,Level 2,Ministry of Health
Maeta Dispensary,Migori,Level 2,Ministry of Health
Getrudes Mathare Outreach Clinic,Nairobi,Level 2,Private Enterprise (Institution)
Nyamagongwi Dispensary,Migori,Level 2,Ministry of Health
Transcom Health Network Medical Centre,Machakos,Level 2,Private Practice - General Practitioner
st lukes medical and diabetes cenre,Kiambu,Level 2,Private Practice - Medical Specialist
Kiambu Plains Medical Clinic,Kiambu,Level 2,Private Practice - Clinical Officer
Precious care medical centre,Kiambu,Level 2,Private Practice - Nurse / Midwifery
Hope for Widows & Children Foundation  Nursing Home,Kisumu,Level 2,Private Practice - General Practitioner
Paradise Medical clinic,Nakuru,Level 2,Private Practice - Clinical Officer
Chimoi Medical Centre,Kakamega,Level 3,Private Practice - Clinical Officer
Lifespan medical centre,Kiambu,Level 2,Private Practice - Clinical Officer
MAAYGO Dice,Kisumu,Level 2,Non-Governmental Organizations
mara  medical clinic,Narok,Level 2,Private Practice - Clinical Officer
TRINITY MEDICAL CENTRE,Nakuru,Level 2,Private Practice - Clinical Officer
Ziwa la ngo'mbe Health centre,Mombasa,Level 3,Ministry of Health
Athi Mission Clinic,Kitui,Level 2,Other Faith Based
Equity Afia Buruburu,Nairobi,Level 2,Private Practice - General Practitioner
kelonget dispensary,Narok,Level 2,Ministry of Health
Marie Stopes Kenya,Kajiado,Level 2,Private Practice - Nurse / Midwifery
OBER OGUNGA DISPENSARY,Siaya,Level 3,Ministry of Health
Machakos Doctors' Plaza,Machakos,Level 4,Private Practice - General Practitioner
Universal Family Health Services( Machakos),Machakos,Level 4,Private Practice - General Practitioner
WESPRAM MEDICAL CENTRE,Siaya,Level 3,Private Practice - Clinical Officer
Jaralam Medical Centre,Nairobi,Level 2,Other Faith Based
Pongwe Dispensary,Kwale,Level 2,Ministry of Health
Dadas VCT,Nairobi,Level 2,Private Practice - Unspecified
Samawati medical Centre,Nairobi,Level 2,Private Practice - General Practitioner
Kisharu Dispensary,Kajiado,Level 2,Ministry of Health
Kapserton Dispensary,Uasin Gishu,Level 2,Ministry of Health
JOYRIDE MEDICAL CENTRE,Nyamira,Level 2,Private Practice - Clinical Officer
Chelambut Dispensary,Nandi,Level 2,Ministry of Health
SANIAK DISPENSARY,Nandi,Level 2,Ministry of Health
Galilee medical center milimani kitale limited,Trans Nzoia,Level 4,Private Practice - Medical Specialist
Dunga Dispensary,Kisumu,Level 2,Ministry of Health
Tana River County Beyond Zero Clinic,Tana River,Level 2,Ministry of Health
Nyatalio Dispensary,Mandera,Level 2,Ministry of Health
Gazi Dispensary,Kwale,Level 2,Ministry of Health
Alwalidayn Dispensary,Kwale,Level 2,Other Faith Based
Mwachande Medical Services,Kwale,Level 2,Private Practice - Nurse / Midwifery
Munje Dispensary,Kwale,Level 2,Ministry of Health
NARAMAT MEDICAL AND DENTAL CLINIC,Narok,Level 3,Private Practice - Clinical Officer
Caritas community hospital (Hospital),Kiambu,Level 4,Private Practice - General Practitioner
Agakhan Medical Centre-Busia,Busia,Level 2,Private Practice - General Practitioner
Medigold,Nairobi,Level 2,Private Practice - Clinical Officer
Shiraz Dispensary,Kwale,Level 2,Ministry of Health
Deviruco Medical Centre,Busia,Level 2,Private Practice - Clinical Officer
Nairutia Medical Clinic,Nyeri,Level 2,Private Practice - Nurse / Midwifery
Smile Medical Clinic,Nyeri,Level 2,Private Practice - Nurse / Midwifery
Alliance community medical centre,Migori,Level 2,Private Practice - Nurse / Midwifery
Hope Eastwards Medical Services (Kikuyu),Kiambu,Level 2,Private Practice - General Practitioner
Nyangori dispensary (Masaba north),Nyamira,Level 2,Ministry of Health
Neemma Medical clinic,Kilifi,Level 2,Private Practice - Clinical Officer
Hope Cure Medical Clinic,Tharaka-Nithi,Level 2,Private Practice - Clinical Officer
Kiburuti Dispensary,Nyandarua,Level 2,Ministry of Health
Mikeu Dispensary,Nyandarua,Level 2,Ministry of Health
Nairobi County Beyond Zero Clinic,Nairobi,Level 2,Ministry of Health
Domiciliary Health Care Medical Clinic,Bungoma,Level 2,Private Practice - Nurse / Midwifery
Musumaa Disp,Machakos,Level 2,Ministry of Health
SILIBWET YOUTH CENTRE,Bomet,Level 2,Other Faith Based
Kanco wellness centre Mariakani,Kilifi,Level 2,Non-Governmental Organizations
Chebu healthcare services ltd,Kiambu,Level 2,Private Practice - General Practitioner
KABUNGUT DISPENSARY,Bomet,Level 2,Ministry of Health
Norman Munyiri Medical Clinic,Kiambu,Level 2,Private Practice - Nurse / Midwifery
Exodan Medical clinic,Kiambu,Level 2,Private Practice - Nurse / Midwifery
St James medical centre and health servics,Kiambu,Level 2,Private Practice - Clinical Officer
Kenya Airways Pride Clinic,Nairobi,Level 3,Public Institution
Kamuchege Dispensary (Mirangine),Nyandarua,Level 2,Ministry of Health
St  Francis  Health services,Kiambu,Level 3,Private Practice - Clinical Officer
COSMOS MEDICAL CLINIC,Kiambu,Level 2,Private Practice - Clinical Officer
MOFA-AFYA,Nairobi,Level 2,Private Practice - Clinical Officer
Kayuyu Dispensary,Murang'A,Level 2,Public Institution
Kimkan Hospital,Murang'A,Level 4,Private Practice - Medical Specialist
Chebukutumi Dispensary,Bungoma,Level 2,Ministry of Health
Annex loc.Medical clinic,Laikipia,Level 3,Private Practice - Clinical Officer
ABRAR HEALTH SERVICES-BANISA,Mandera,Level 4,Private Enterprise (Institution)
Jope Medical Clinic,Mombasa,Level 2,Private Practice - Clinical Officer
Lifesprings Health Care,Machakos,Level 2,Private Practice - General Practitioner
Mumui Dispensary (Githioro),Nyandarua,Level 2,Ministry of Health
Galaxy medicare consultants ltd,Kiambu,Level 2,Private Practice - Medical Specialist
Kwale Medicare Center,Kwale,Level 2,Private Practice - Clinical Officer
Dima Mwangaza Clinic,Kwale,Level 2,Other Faith Based
Haradhaal Medical Centre,Machakos,Level 2,Private Practice - General Practitioner
Pearl Medicare Clinic,Machakos,Level 2,Private Practice - General Practitioner
Family Health Optons,Homa Bay,Level 2,Non-Governmental Organizations
Njogu-ini Medical servics,Machakos,Level 2,Private Practice - Clinical Officer
Imani Medical Clinic Gachie,Kiambu,Level 2,Private Practice - Nurse / Midwifery
Medicross Limited Medical Clinic,Machakos,Level 2,Company Medical Service
ST. ANN HOSPITAL,Kiambu,Level 2,Private Practice - Clinical Officer
AAR HEALTH CARE RUAKA,Kiambu,Level 2,Private Practice - General Practitioner
Kamayech,West Pokot,Level 2,Ministry of Health
GEDMED MEDICAL CENTER AND NURSING HOME,Siaya,Level 4,Private Practice - Nurse / Midwifery
Kifables Chemist,Meru,Level 2,Private Practice - General Practitioner
Munje Chemist,Meru,Level 2,Private Practice - General Practitioner
Mwanika dispensary,Meru,Level 2,Ministry of Health
Marathi dispensary,Meru,Level 2,Ministry of Health
St James Opticals Clinic,Bungoma,Level 2,Private Practice - General Practitioner
survivors organization clinic,Busia,Level 2,Non-Governmental Organizations
Holy Rosary Health Centre,Trans Nzoia,Level 2,Kenya Episcopal Conference-Catholic Secretariat
Kimurgoi Dispensary,Uasin Gishu,Level 2,Ministry of Health
OREDHO HEALTH CENTRE,Homa Bay,Level 3,Ministry of Health
St Padre Pio Medical and Surgical Centre,Bungoma,Level 3,Private Practice - Medical Specialist
Chobosta Dispensary,Uasin Gishu,Level 2,Ministry of Health
Segero Central Dispensary,Uasin Gishu,Level 2,Ministry of Health
Chepterit Dispensary,Uasin Gishu,,Ministry of Health
Rayaan Hospital,Kajiado,Level 3,Private Practice - General Practitioner
Kahuhia Girls School Dispensary,Murang'A,Level 2,Private Practice - Nurse / Midwifery
Gaceuni dispensary,Tharaka-Nithi,Level 2,Ministry of Health
Eluanata Dispensary,Kajiado,Level 2,Ministry of Health
Rukindu  Dispensary,Tharaka-Nithi,Level 2,Ministry of Health
Kitabisi Dispensary,Bungoma,Level 2,Ministry of Health
SCAN LAB KITENGELA LIMITED,Kajiado,Level 2,Company Medical Service
Makanyanya Dispensary,Tharaka-Nithi,Level 2,Ministry of Health
KYANZASU DISPENSARY,Machakos,Level 2,Ministry of Health
KITANGA DISPENSARY,Machakos,Level 2,Ministry of Health
Mbuvori Prime,Embu,,Private Practice - Nurse / Midwifery
FRANKMART MEDICAL CENTRE,Machakos,Level 2,Private Practice - Clinical Officer
Wajir East  nomadic clinic,Wajir,Level 2,Ministry of Health
Medlink Clinic,Migori,Level 2,Private Practice - Clinical Officer
Gods Favour CNS,Nyeri,Level 2,Private Practice - Nurse / Midwifery
Kapkaremba Dispensary,West Pokot,Level 2,Ministry of Health
Chesra Dispensary,West Pokot,Level 2,Ministry of Health
BEYOND ZERO MOBILE CLINIC,Garissa,Level 2,Ministry of Health
Afya International Hospital,Kilifi,Level 4,Private Practice - Medical Specialist
Romkan Medical Cetre,Kiambu,Level 3,Private Practice - Clinical Officer
JUMUIA HOSPITALS KAKAMEGA,Kakamega,Level 3,Other Faith Based
Kilifi Tumaini Medical Centre,Kilifi,Level 2,Private Practice - Clinical Officer
Noor Foundation Clinic,Kilifi,Level 2,Private Practice - Nurse / Midwifery
Mama Amany Health Centre,Kilifi,Level 2,Private Practice - Nurse / Midwifery
CJ CARNELY,Kakamega,Level 2,Private Practice - Clinical Officer
Swahilati Medical clinic,Mombasa,Level 2,Private Practice - Clinical Officer
CARE MEDICAL CLINIC (Kiamaina),Nakuru,Level 2,Private Practice - Nurse / Midwifery
Vinkmed healthcareclinic,Uasin Gishu,Level 2,Private Practice - Clinical Officer
Kericho Women's Clinic,Kericho,Level 2,Private Practice - Clinical Officer
Nakuru west central store,Nakuru,Level 4,Ministry of Health
THE AGAKHAN HEALTH SERVICES KAKAMEGA,Kakamega,Level 3,Private Enterprise (Institution)
Osarai Dispensary,Kajiado,Level 2,Ministry of Health
Blessed Medicare Centre,Nairobi,Level 3,Private Practice - General Practitioner
By-Faith Medical Clinic,Nakuru,Level 2,Private Practice - Nurse / Midwifery
Kiaga Dispensary,Kirinyaga,Level 2,Ministry of Health
Chamunga Dispensary,Tharaka-Nithi,Level 2,Ministry of Health
Kotunga Dispensary,Kisumu,Level 2,Ministry of Health
Kamuiru Dispensary,Kirinyaga,Level 2,Ministry of Health
Huduma Centre- Bungoma,Bungoma,Level 2,Public Institution
Sambocho Health Centre,Bungoma,Level 3,Other Faith Based
Kamwangu Dispensary,Tharaka-Nithi,Level 2,Ministry of Health
Chemalal Dispensary,Uasin Gishu,Level 2,Ministry of Health
Emkwen Dispensary,Uasin Gishu,Level 2,Ministry of Health
Chebarus dispensary,Uasin Gishu,Level 2,Ministry of Health
Muchorwe Dispensary,Uasin Gishu,Level 2,Ministry of Health
Horec Medical Clinic,Machakos,Level 2,Private Practice - Nurse / Midwifery
Capital clinics - Kathonzweni,Makueni,Level 3,Private Practice - General Practitioner
Yordanos Health Clinic,Laikipia,Level 2,Private Practice - Nurse / Midwifery
Poneni Medical Clinic,Mombasa,Level 2,Private Enterprise (Institution)
Mikulinzi Nursing Home,Nairobi,Level 3,Private Practice - Clinical Officer
Cheptiret Dispensary,Uasin Gishu,Level 2,Ministry of Health
Kamuyu  Dispensary (Cheptiret/kipchamo),Uasin Gishu,Level 2,Ministry of Health
MUGEKA HEALTH CLINIC,Murang'A,Level 2,Private Practice - Clinical Officer
Murang'a County Beyond Zero Clinic,Murang'A,Level 2,Ministry of Health
Nandi County Beyond Zero Mobile Clinic,Nandi,Level 2,Ministry of Health
Consolata Maternity and Children's Hospital,Laikipia,Level 4,Kenya Episcopal Conference-Catholic Secretariat
Dr C. Mwangi Clinic,Nairobi,Level 2,Private Practice - Medical Specialist
Vihiga County Beyond Zero Clinic,Vihiga,Level 2,Ministry of Health
Hullow Dispensary,Mandera,Level 2,Ministry of Health
Sunshine Medical  Clinc,Kajiado,,Private Practice - Nurse / Midwifery
Ngong View dental clinic,Kajiado,Level 2,Private Practice - Medical Specialist
Kwetu Medical centre,Kajiado,Level 2,Private Practice - Medical Specialist
Joysprings medical clinic,Kajiado,Level 2,Private Practice - Nurse / Midwifery
Tabernacle health  clinic,Kajiado,Level 2,Private Practice - General Practitioner
AAR Ngong Clinic,Kajiado,Level 2,Private Practice - General Practitioner
Karen hospital rongai,Kajiado,Level 2,Private Practice - General Practitioner
Sinai hospital,Kajiado,Level 2,Private Practice - General Practitioner
Little woods medical centre,Kajiado,Level 2,Private Practice - General Practitioner
Trinity care centre (Ngong),Kajiado,Level 2,Private Practice - Nurse / Midwifery
KIGANE DISPENSARY,Meru,Level 2,Ministry of Health
Uzima White Medical Clinic,Nairobi,Level 2,Private Practice - Nurse / Midwifery
TUMBURA DISPENSARY,Tharaka-Nithi,Level 2,Ministry of Health
RUKURINI DISPENSARY,Tharaka-Nithi,Level 2,Ministry of Health
Amani Mary Ballard Medical Clinic,Homa Bay,Level 2,Ministry of Health
EVANS HEALTHCARE CLINIC (West Kamagak),Homa Bay,Level 2,Private Practice - Clinical Officer
Charryl MC,Nakuru,Level 2,Private Practice - Clinical Officer
Capital MC,Nakuru,Level 2,Private Practice - Nurse / Midwifery
Bliss GVS Healthcare Kitale,Trans Nzoia,Level 2,Private Practice - Clinical Officer
Safecare Medical Centre,Trans Nzoia,Level 2,Private Practice - Medical Specialist
Pap Oriang' Dispensary,Siaya,Level 2,Ministry of Health
SIGONA MEDICAL CLINIC,Kiambu,Level 2,Private Practice - Nurse / Midwifery
Weru Dispensary (Muthambi),Tharaka-Nithi,Level 2,Ministry of Health
MAVIRIVIRINI DESPENSARY,Kwale,Level 2,Ministry of Health
CHIGATO DISPENSARY,Kwale,Level 2,Ministry of Health
Kathathani Medical Centre  Annex,Meru,Level 2,Private Practice - Nurse / Midwifery
NKARINI DISPENSARY,Tharaka-Nithi,Level 2,Ministry of Health
KMC,Kajiado,Level 2,Non-Governmental Organizations
RUUNGU DISPENSARY,Tharaka-Nithi,Level 2,Ministry of Health
Mukwa Dispensary,Bungoma,Level 2,Ministry of Health
Mateka Clinic,Bungoma,Level 2,Private Practice - General Practitioner
Christ Hospital,Kisii,Level 2,Private Practice - Clinical Officer
IRUMA DISPENSARY,Tharaka-Nithi,Level 2,Ministry of Health
Emmanuel Community Health Clinic (Mutira),Kirinyaga,Level 2,Private Practice - Nurse / Midwifery
kirundi dispensary,Tharaka-Nithi,Level 2,Ministry of Health
Utugi Healthcare Centre,Meru,Level 2,Private Practice - Nurse / Midwifery
University of Kabianga Health Unit,Kericho,Level 2,Parastatal
Pemah Nursing and Maternity Home,Siaya,Level 3,Private Practice - Clinical Officer
Mwamanga,Kwale,Level 2,Ministry of Health
Machakos University College Clinic Machakos,Machakos,Level 2,Public Institution
Jirani Diagnostic Centre Machakos,Machakos,Level 2,Private Practice - Clinical Officer
Konza Dispensary,Machakos,Level 2,Ministry of Health
Athipoint Medical centre,Machakos,Level 2,Private Practice - Clinical Officer
KANCO DIC Kakamega,Kakamega,Level 2,Non-Governmental Organizations
ST. Nicholas MC,Nakuru,Level 2,Private Practice - Nurse / Midwifery
New Point MC,Nakuru,Level 2,Private Practice - Medical Specialist
Goodcare MC,Nakuru,Level 2,Private Practice - General Practitioner
New Point Medical Center,Nakuru,Level 3,Private Practice - Medical Specialist
Thung'ari Dispensary,Nyeri,Level 2,Ministry of Health
Mwanyas Medical Centre,Machakos,Level 2,Private Practice - Clinical Officer
KUTAYU DISPENSARY,Mandera,Level 2,Ministry of Health
Got Koyembe Dispensary,Siaya,Level 2,Ministry of Health
ST. ANNAH,Nakuru,Level 2,Private Practice - Nurse / Midwifery
Mundaha Medical Clinic,Kakamega,Level 2,Private Practice - Nurse / Midwifery
Eshibinga Health Centre,Kakamega,Level 2,Ministry of Health
Mulunguni Dispensary,Kilifi,Level 2,Ministry of Health
Miumoni Dispensary,Makueni,Level 2,Ministry of Health
Radiant Medical Clinic (Kiambu ),Kiambu,Level 2,Private Practice - General Practitioner
Misikhu Dispensary,Bungoma,Level 2,Ministry of Health
Uhembo Community Dispensary,Siaya,Level 2,Ministry of Health
Thika high school,Kiambu,Level 2,Public Institution
Kiboko farm dispensary,Kiambu,Level 2,Private Practice - Nurse / Midwifery
Ndeya Medical Clinic Magut,Kakamega,Level 2,Private Practice - Clinical Officer
Koromaiti Dispensary,Kakamega,Level 2,Ministry of Health
Beyond Zero Clinic,Migori,Level 2,Ministry of Health
Beyond Zero Mobile Clinic (Kirinyaga),Kirinyaga,Level 2,Ministry of Health
Gakanga Dispensary,Nyeri,Level 2,Ministry of Health
Mulachi Dispensary,Bungoma,Level 2,Ministry of Health
Nomadic Clinic,Wajir,Level 2,Ministry of Health
Namarambi Dispensary,Bungoma,Level 2,Ministry of Health
Shallom Medical Clinic,Vihiga,Level 2,Non-Governmental Organizations
Mung'oma Hospital,Vihiga,Level 4,Non-Governmental Organizations
St. Jairus Hospital,Kisumu,Level 4,Company Medical Service
KIAMWERI DISPENSARY,Meru,Level 2,Ministry of Health
The Green Park Health Care,Kilifi,Level 2,Private Practice - General Practitioner
Grace memorial clinic,Kiambu,Level 2,Private Practice - Medical Specialist
Nasaka Dispensary,Bungoma,Level 2,Ministry of Health
Port Florence Community Hospital-Kericho,Kericho,Level 3,Private Practice - General Practitioner
Scanlab centre Nakuru,Nakuru,Level 2,Private Practice - Medical Specialist
Beyond Zero mobile clinic -Busia,Busia,Level 2,Ministry of Health
Tuwan Highway Medical Clinic,Trans Nzoia,Level 2,Private Practice - Clinical Officer
Trans Nzoia Wellness Centre (Neighbours In Action Kenya),Trans Nzoia,Level 2,Non-Governmental Organizations
Femicare Medical Centre,Machakos,Level 2,Private Practice - Clinical Officer
Kakimanyi Dispensary,Bungoma,Level 2,Ministry of Health
Equity Afia Ongata Rongai,Kajiado,Level 2,Private Practice - General Practitioner
Sitikho Dispensary,Bungoma,Level 2,Ministry of Health
Jamii Medical and Diagnostic centre,Nyamira,Level 2,Private Practice - Medical Specialist
The Hope spring Medical Clinic,Machakos,Level 2,Private Practice - Nurse / Midwifery
Pioneer medical clinic,Kiambu,Level 2,Private Practice - Nurse / Midwifery
kiganjo medical clinic,Kiambu,Level 2,Private Practice - Nurse / Midwifery
Emmanuel Medical Clinic,Embu,Level 2,Private Practice - Nurse / Midwifery
Korr Health Centre,Marsabit,Level 3,Ministry of Health
Liza Medical clinic,Migori,Level 2,Private Enterprise (Institution)
St. Lydia Okore Dispensary,Kisumu,Level 2,Ministry of Health
Kuoyo Health Center,Kisumu,Level 3,Ministry of Health
Inuka Medical Center,Kisumu,Level 2,Private Practice - General Practitioner
Utugi Cfw Clinic,Embu,Level 2,Private Practice - Nurse / Midwifery
Outspan Hospital-Embu Medical Clinic,Embu,Level 2,Private Enterprise (Institution)
Musikoma Dispensary,Bungoma,Level 2,Ministry of Health
Ndengelwa Dispensary,Bungoma,Level 2,Ministry of Health
West Oljoroorok Medical Clinic,Nyandarua,Level 2,Private Practice - Clinical Officer
VINYUNDUNI DISPENSARY,Kwale,Level 2,Ministry of Health
Timiza Medical Centre,Machakos,Level 2,Private Practice - Clinical Officer
St James Health Services Medical Clinic,Meru,Level 2,Private Practice - Nurse / Midwifery
Kaguma Dispensary,Meru,Level 2,Ministry of Health
Gitauga Dispensary,Meru,Level 2,Ministry of Health
Rays of Hope,Meru,Level 2,Non-Governmental Organizations
Mikuyu Dispensary,Machakos,Level 2,Ministry of Health
RAPHA HOSPITAL -MAKUENI,Makueni,Level 3,Private Practice - General Practitioner
Mutuyu Dispensary,Machakos,,Ministry of Health
Ikulu Dispensary,Machakos,Level 2,Ministry of Health
Kochieng Health Centre,Kisumu,Level 3,Ministry of Health
Syotuvali Dispensary,Makueni,Level 2,Ministry of Health
Beyond Zero mobile clinic(Trans-Nzoia county),Trans Nzoia,Level 3,Ministry of Health
Garissa Beyond Zero Mobile Clinic,Garissa,Level 2,Ministry of Health
Jubilee Medical Centre,Nyandarua,Level 2,Private Practice - Nurse / Midwifery
Kadhiambo dispensary,Kisumu,Level 2,Ministry of Health
MARY BALLARD COMMUNITY CLINIC,Homa Bay,Level 2,Ministry of Health
TUIYOBEI AGC DISPENSARY,Kericho,Level 2,Christian Health Association of Kenya
Bondo Awino,Homa Bay,Level 2,Other Faith Based
Beyond Zero Clinic Lamu,Lamu,Level 2,Ministry of Health
Gibea Medical Clinic,Nakuru,Level 2,Private Practice - Clinical Officer
Imani Medical Centre Kiamunyi,Nakuru,Level 2,Private Practice - Clinical Officer
The Samari-Med,Homa Bay,Level 2,Private Practice - Clinical Officer
Dr. Bashir,Nairobi,Level 2,Private Practice - General Practitioner
Mary Magdaline Medical Clinic,Samburu,Level 2,Private Practice - Nurse / Midwifery
Dr. C.K Jandu,Samburu,Level 2,Private Practice - General Practitioner
Makadara Sub County  Office,Nairobi,Level 3,Ministry of Health
Charolyn Specialist Clinic,Nairobi,Level 2,Private Practice - Medical Specialist
Kisasi Dispensary,Baringo,Level 2,Ministry of Health
Development Pamoja Dispensary,Turkana,Level 2,Non-Governmental Organizations
"ST Faustine""s Health Services",Bungoma,Level 2,Private Practice - Nurse / Midwifery
Soliat Dispensary(Eldoret ),Uasin Gishu,Level 2,Ministry of Health
Suva health services,Kiambu,Level 2,Private Enterprise (Institution)
Magogoni Dispensary,Kiambu,Level 2,Ministry of Health
Ngaru Dispensary,Nyeri,Level 2,Ministry of Health
Jirena Medical Centre,Marsabit,Level 2,Private Practice - Nurse / Midwifery
Riziki Medical Clinic,Kwale,Level 2,Private Practice - Clinical Officer
Tumaini Letu Health Services,Machakos,Level 2,Private Practice - General Practitioner
Kambu Life Care Medical Centre,Makueni,Level 2,Private Practice - Clinical Officer
Olchorro Dispensary,Kajiado,Level 2,Ministry of Health
Marie Stopes Kakamega Clinic,Kakamega,Level 2,Non-Governmental Organizations
Lupe Medical Centre,Kakamega,Level 3,Private Practice - Medical Specialist
Rehemah Medical Clinic,Meru,Level 2,Private Practice - Clinical Officer
St. Joseph Medical Clinic-Kangundo,Machakos,Level 2,Private Practice - Clinical Officer
Mombasa Golden Care Services,Mombasa,Level 2,Private Practice - Clinical Officer
Pankad Medical Clinic,Nakuru,Level 2,Private Practice - Nurse / Midwifery
Robarisia Dispensary,Migori,Level 2,Ministry of Health
Border View Medical Clinic,Migori,Level 2,Ministry of Health
Musunguti Dispensary,Vihiga,Level 2,Ministry of Health
Narumoru Medical Clinic,Nyeri,Level 2,Private Practice - Nurse / Midwifery
Mariira Community Dispensary,Murang'A,Level 2,Ministry of Health
Aberdare Medical C.Ltd,Murang'A,Level 2,Private Practice - Clinical Officer
Kenneth Matiba Eye and Dental Hospital,Murang'A,Level 4,Ministry of Health
Mukuyu Health Centre,Homa Bay,Level 3,Ministry of Health
Kamsaki Dispensary,Migori,Level 2,Ministry of Health
PACE Dental Clinic,Nyandarua,Level 2,Other Faith Based
Bahati Medical Clinic(Nyandarua),Nyandarua,Level 2,Private Practice - Nurse / Midwifery
Nyandarua Prisons Dispensary,Nyandarua,Level 2,Ministry of Health
Laikipia Medical Laboratory,Laikipia,Level 2,Private Practice - General Practitioner
Lukhokhwe Dispensary,Bungoma,Level 2,Ministry of Health
Tumaini Brigadier Medical Clinic,Bungoma,Level 2,Private Practice - Nurse / Midwifery
Impact RDO Clinic-Nyatike,Migori,Level 2,Non-Governmental Organizations
Beyond Zero Nyandarua,Nyandarua,Level 2,Ministry of Health
St. Teresa Medical Clinic,Nyandarua,Level 2,Private Practice - Nurse / Midwifery
Roman Maternity and Nursing Home,Nyamira,Level 3,Private Practice - Nurse / Midwifery
Charity Medical Clinic ( Nyandarua),Laikipia,Level 2,Private Practice - Clinical Officer
Kanga Onditi Dispensary,Migori,Level 2,Ministry of Health
Nakapelewoi Dispensary,Turkana,Level 2,Ministry of Health
Ekicheles Dispensary,Turkana,Level 2,Ministry of Health
Brisil Medical Clinic,Mombasa,Level 2,Private Practice - Nurse / Midwifery
St Michael Medical Clinic-Nyali,Mombasa,Level 2,Private Practice - Nurse / Midwifery
Tsavo Clinic,Taita Taveta,Level 2,Ministry of Health
Lulis Dispensary,Mandera,Level 2,Ministry of Health
Choroko Dispensary,Mandera,Level 2,Ministry of Health
Birkan Dispensary,Mandera,Level 2,Ministry of Health
Embu County Beyond Zero Clinic,Embu,Level 2,Ministry of Health
Fina Medical Clinic,Kakamega,Level 2,Private Practice - Nurse / Midwifery
Oneno  Nam,Homa Bay,Level 2,Ministry of Health
Kapseret Medical Centre,Uasin Gishu,Level 2,Private Enterprise (Institution)
Emurua Dikirr VCT Stand Alone,Narok,Level 2,Non-Governmental Organizations
ACK Ikulu Faith Dispensary,Machakos,Level 2,Christian Health Association of Kenya
Open Heart Medical Centre,Bungoma,Level 2,Other Faith Based
Nyamira County Beyond Zero Clinic,Nyamira,Level 2,Ministry of Health
Lokichar Sub County Hospital,Turkana,Level 4,Ministry of Health
Kakuma Sub County Hospital,Turkana,Level 3,Ministry of Health
Kericho Out Patient Medical Centre,Kericho,Level 3,Private Practice - Medical Specialist
Fig Tree Health Options-Kericho,Kericho,Level 3,Private Practice - Medical Specialist
Nina Slopes Medical Centre,Embu,Level 2,Private Enterprise (Institution)
Mukende Health Centre,Homa Bay,Level 2,Ministry of Health
Olchoro Oirowa,Narok,Level 2,Ministry of Health
Ilmotiok,Narok,Level 2,Ministry of Health
Iloirero Dispensary,Kajiado,Level 2,Ministry of Health
Babito Health Care,Kajiado,Level 2,Private Practice - Nurse / Midwifery
Luciuti Dispensary,Meru,Level 2,Ministry of Health
Karuko Dispensary,Turkana,Level 2,Ministry of Health
Maggy star and sons clinic Lokori,Turkana,,Ministry of Health
Komwaga Health Center,Kisumu,Level 3,Ministry of Health
Lwako Ubuntu Afya Clinic,Siaya,Level 2,Private Practice - Clinical Officer
Barani Medical Clinic,Kilifi,Level 2,Private Practice - Clinical Officer
Cheboror Dispensary,Bomet,Level 2,Ministry of Health
Chemengwa Dispensary,Bomet,Level 2,Ministry of Health
Kakimirai Dispensary,Bomet,Level 2,Ministry of Health
Cheboin Dispensary (Bomet),Bomet,Level 2,Ministry of Health
Kwetu Home Of Peace Dispensary(Ruai),Nairobi,Level 2,Kenya Episcopal Conference-Catholic Secretariat
Heri Wema Health Centre (Ruai),Nairobi,Level 2,Non-Governmental Organizations
Adopta Life Foundation (Ruai),Nairobi,Level 2,Private Practice - General Practitioner
Aga Khan University Hospital(Njiru),Nairobi,Level 2,Private Practice - General Practitioner
Imara Mediplus Centre,Embu,Level 2,Private Practice - General Practitioner
Bomet GK Prison Dispensary,Bomet,Level 2,Ministry of Health
Good Shepherd Medical Centre,Bomet,Level 3,Private Practice - Nurse / Midwifery
Gachui Medical Centre,Nairobi,Level 2,Private Practice - General Practitioner
Refuge Point International,Nairobi,Level 2,Non-Governmental Organizations
Avenue House Medical Centre,Nairobi,Level 2,Private Practice - General Practitioner
Family Health Options Kenya,Kajiado,Level 3,Non-Governmental Organizations
Nairobi Women's Kitengela,Kajiado,Level 3,Private Practice - Medical Specialist
Nyamadede Community Dispensary,Homa Bay,Level 2,Ministry of Health
The Zambezi Hospital Limited,Nairobi,Level 3,Private Enterprise (Institution)
Wapate initiative centre,Kiambu,Level 2,Ministry of Health
Pamoja Medical Centre,Siaya,Level 2,Private Practice - Clinical Officer
Vision Medical Clinic- Esibuye,Vihiga,Level 2,Private Practice - Nurse / Midwifery
Fame Outreach Rescue Clinic,Kitui,Level 2,Other Faith Based
ST. Mark Ndutumi (ACK) Dispensary,Murang'A,Level 2,Christian Health Association of Kenya
Hekima Medical Centre,Nairobi,Level 2,Private Practice - Clinical Officer
Lolwe Dispensary,Kisumu,Level 2,Ministry of Health
Opemble Dispensary,Homa Bay,Level 2,Ministry of Health
Mayanja St. Pauls Medical Services,Bungoma,Level 2,Private Practice - General Practitioner
St.Anne Medical Clinic (Ndumberi ),Kiambu,Level 2,Private Practice - Clinical Officer
Naibor Dispensary,Laikipia,Level 2,Ministry of Health
Magao Dispesnsary,Homa Bay,Level 2,Ministry of Health
Kodula Dispensary,Homa Bay,Level 2,Ministry of Health
Kapkuikui Dispensary,Baringo,Level 2,Ministry of Health
Tinomoi Dispensary,Baringo,Level 2,Ministry of Health
PCEA Makupa Medical Clinic,Mombasa,Level 2,Christian Health Association of Kenya
Kapchemibei Dispensary,Bomet,Level 2,Ministry of Health
Kipajit Dispensary,Bomet,Level 2,Ministry of Health
Kamirai Dispensary,Bomet,Level 2,Ministry of Health
Kijebi Dispensary,Homa Bay,Level 2,Ministry of Health
Baharini Dispensary,Uasin Gishu,Level 2,Ministry of Health
St Michaels Uzima Laboratories Clinic,Nyandarua,Level 2,Private Practice - General Practitioner
Chelopoy Dispensary,West Pokot,Level 2,Ministry of Health
Global Medical Centre,Kiambu,Level 2,Private Practice - General Practitioner
Kefri Clinic,Kiambu,Level 2,Parastatal
Shacolas Orthodox Medical Clinic,Kiambu,Level 2,Christian Health Association of Kenya
By Faith (PCEA)Mai-A-ihii women's Guild Dispensary,Kiambu,Level 2,Christian Health Association of Kenya
Joy Medical Clinic (Lusigetti),Kiambu,Level 2,Private Practice - Nurse / Midwifery
Caros Medical Clinic,Kiambu,Level 2,Private Practice - Nurse / Midwifery
Imani Medical and Laboratory Centre,Kiambu,Level 2,Private Practice - Nurse / Midwifery
Tumaini Medical and Laboratory Centre,Kiambu,Level 2,Private Practice - Nurse / Midwifery
Jalaram Medical Services,Nairobi,Level 2,Other Faith Based
Bliss Health Care Limited,Nairobi,Level 2,Private Practice - General Practitioner
B & L Healthcare(Naivasha),Nakuru,Level 3,Private Practice - General Practitioner
Emerging Infectious Disease Center,Nairobi,Level 2,Private Practice - General Practitioner
Mjanaheri Dispensary,Kilifi,Level 2,Ministry of Health
Kokech Mirondo Health Center,Homa Bay,Level 3,Ministry of Health
Nguguini Dispensary,Kirinyaga,Level 2,Ministry of Health
St Francis of Assis Dispensary,Homa Bay,Level 2,Ministry of Health
Mainga Dispensary,Kisumu,Level 2,Ministry of Health
Paloma Medical International,Kiambu,Level 2,Private Practice - General Practitioner
KYC Transmara,Narok,Level 2,Ministry of Health
Bahati Hospital(Joska),Machakos,Level 2,Private Practice - Clinical Officer
St Joseph's Medical Clinic,Machakos,Level 2,Private Practice - Nurse / Midwifery
Koma Hill Medical Centre,Machakos,Level 2,Private Practice - Clinical Officer
Kory Family Hospital,Bungoma,Level 3,Private Enterprise (Institution)
Creative Medical Services,Kiambu,Level 2,Private Practice - Clinical Officer
Holy Family Children's Home Dispensary,Uasin Gishu,Level 2,Kenya Episcopal Conference-Catholic Secretariat
Afya Medical Clinic(Mwingi),Kitui,Level 2,Private Practice - Clinical Officer
Mosi Flower Farm Dispensary,Kiambu,Level 2,Private Enterprise (Institution)
Medizone Medical Centre,Kiambu,Level 2,Private Practice - Clinical Officer
Nyamilu Dispensary,Migori,Level 2,Ministry of Health
Masaria Dispensary,Migori,Level 2,Ministry of Health
Qalanqalesa Dispensary,Mandera,Level 2,Ministry of Health
Matisi Dispensary,Bungoma,Level 2,Ministry of Health
Sunrise (K) Medical Centre,Bungoma,Level 2,Private Practice - Medical Specialist
Oasis of Hope Medical Centre,Bungoma,Level 2,Private Practice - Clinical Officer
Midodo Obuya Joy Haugesend,Homa Bay,Level 2,Christian Health Association of Kenya
Hareri Hosle Dispensary,Mandera,Level 2,Ministry of Health
Odha Dispensary,Mandera,Level 2,Ministry of Health
Sake dispensary,Mandera,Level 2,Ministry of Health
Tumaini Golden Clinic,Kilifi,Level 2,Private Practice - Clinical Officer
Home Ground Nursing Home,Siaya,Level 3,Private Practice - Clinical Officer
CFW Clinic Ugunja,Siaya,Level 2,Non-Governmental Organizations
Doctors Worldwide Tembo Medical Centre,Migori,Level 2,Non-Governmental Organizations
Enkipai Dispensary,Narok,Level 2,Ministry of Health
Ngendalel Dispensary (Transmara),Narok,Level 2,Ministry of Health
Bomet County Beyond Zero Mobile Clinic,Bomet,Level 2,Ministry of Health
Kitui County Beyond Zero Campaign Mobile Clinic (3),Kitui,Level 2,Ministry of Health
Kitui County Beyond Zero Campaign Mobile Clinic KCA 423 F,Kitui,Level 2,Ministry of Health
Shalom Community Wamunyu Satellite Clinic,Machakos,Level 2,Private Enterprise (Institution)
Afya Bora Medical Clinic (Mirangine),Nyandarua,Level 2,Private Practice - Nurse / Midwifery
Njoroge Medical Clinic,Nyandarua,Level 2,Private Practice - Nurse / Midwifery
Orego Health Centre,Homa Bay,Level 3,Ministry of Health
St.Lawrence Hospital,Homa Bay,Level 4,Private Practice - General Practitioner
Access Afya Medical Centre Viwandani,Nairobi,Level 2,Private Practice - Medical Specialist
Kogelo Oasis Medical Clinic,Migori,Level 2,Private Practice - Clinical Officer
Portland dispensary,Kajiado,Level 2,Ministry of Health
Ndarasha Medical Centre,Kiambu,Level 2,Private Practice - General Practitioner
Rurii  Dispensary,Nyandarua,Level 2,Ministry of Health
Kizimani mission Clinic,Machakos,Level 2,Private Enterprise (Institution)
Alphond Medical Centre,Kakamega,Level 2,Private Practice - Clinical Officer
CFW Clinics Kibagare,Nairobi,Level 2,Non-Governmental Organizations
Lions Sightfirst Eye Hospital,Nairobi,Level 4,Private Enterprise (Institution)
Eagle Health Care Solution,Nairobi,Level 2,Private Practice - Nurse / Midwifery
Mutituni Hope Medical Clinic,Machakos,Level 2,Private Practice - Clinical Officer
University of Nairobi MARPS Project,Machakos,Level 2,Academic
Topcare Subukia Medical Center,Nakuru,Level 3,Private Practice - General Practitioner
Barut Medical clinic,Baringo,Level 2,Private Practice - General Practitioner
Neema Nursing Home,Kitui,Level 3,Private Practice - Nurse / Midwifery
Kinoo Dispensary,Kiambu,Level 2,Ministry of Health
P&D Health Clinic Ulanda,Migori,Level 2,Private Enterprise (Institution)
Aga Khan,Laikipia,Level 3,Private Practice - General Practitioner
Appex Clinic,Busia,Level 2,Private Practice - Clinical Officer
Janeiro Nursing Home,Homa Bay,Level 2,Private Practice - Clinical Officer
Oasis Care Centre Andapol Clinic Awendo,Migori,Level 2,Private Practice - Clinical Officer
Mausa Dispensary,Narok,Level 2,Ministry of Health
Nkoilale Health Centre,Narok,Level 3,Ministry of Health
East Laikipia Dispensary,Laikipia,Level 2,Ministry of Health
Mumoni Maternity and Nursing Home,Kitui,Level 3,Private Practice - Nurse / Midwifery
Asumbi Teachers Training College,Homa Bay,Level 2,Private Practice - Nurse / Midwifery
University of Nairobi MARPS Project Embu DICE,Embu,Level 2,Ministry of Health
Chriska M edical Clinic,Trans Nzoia,Level 2,Private Practice - Nurse / Midwifery
Kibabii University Clinic,Bungoma,Level 2,Private Enterprise (Institution)
Salaam Hospital,Mombasa,Level 3,Private Practice - General Practitioner
Neema  Medical Clinic (Shimo La Tewa),Kilifi,Level 2,Private Practice - Nurse / Midwifery
Kevote Dispensary,Embu,Level 2,Ministry of Health
Sacred Heart of Jesus,Nakuru,Level 3,Other Faith Based
Mbale Specialist Health Centre,Vihiga,Level 3,Private Practice - Medical Specialist
Express Medical Clinic (Kirinyaga),Kirinyaga,Level 2,Private Practice - Clinical Officer
Tiba Medical Center,Migori,Level 2,Ministry of Health
Akidiva Kehancha Outpatient Clinic,Migori,Level 2,Private Practice - General Practitioner
Kohanga Dispensary,Migori,Level 2,Ministry of Health
Nyankore Health Center,Migori,Level 2,Ministry of Health
Musango Dispensary,Kakamega,Level 2,Ministry of Health
Mohamed Dahir Dispensary,Garissa,Level 2,Ministry of Health
Kericho Teachers Training College Medical Clinic,Kericho,Level 2,Academic
Chesanga Dispensary,Kericho,Level 2,Ministry of Health
Chepkombe Dispensary,Kakamega,Level 2,Ministry of Health
JANCAM Medical Centre,Nakuru,Level 3,Private Practice - Clinical Officer
Maiko Medical Clinic,Nakuru,Level 2,Private Practice - Nurse / Midwifery
Turesia Dispensary,Elegeyo-Marakwet,Level 2,Ministry of Health
Ketigoi Dispensary,Elegeyo-Marakwet,Level 2,Ministry of Health
Teber Dispensary,Elegeyo-Marakwet,Level 2,Ministry of Health
Jomvu Wellness Centre,Mombasa,Level 2,Non-Governmental Organizations
Shanga Dispensary,Lamu,Level 2,Ministry of Health
Mtangawanda Dispensary,Tana River,Level 2,Ministry of Health
Gathuthuma Dispensary,Kirinyaga,Level 2,Ministry of Health
Komba Belio Dispensary Kiptabus,Elegeyo-Marakwet,Level 2,Ministry of Health
Katir Dispensary,Turkana,Level 2,Ministry of Health
St. Lukes Busiada Dispensary,Busia,Level 2,Other Faith Based
Namusala Dispensary,Busia,Level 2,Ministry of Health
Mafubu Dispensary,Busia,Level 2,Ministry of Health
Turning Point Medical Clinic,Busia,Level 2,Private Practice - Clinical Officer
Morpus Dispensary,West Pokot,Level 2,Ministry of Health
Naduat Dispensary,Turkana,Level 2,Ministry of Health
Nyaura Dispensary,Kisii,Level 2,Ministry of Health
Blissgvs Health Care Pipeline,Nairobi,Level 2,Private Practice - Clinical Officer
Kisii Blood Satellite,Kisii,Level 2,Ministry of Health
Orongo Dispensary,Kisumu,Level 2,Ministry of Health
Musokoto Dispensary,Busia,Level 2,Ministry of Health
Segero Dispensary (Nambale),Busia,Level 2,Ministry of Health
Mundembu Dispensary,Busia,Level 2,Ministry of Health
Mayenje Dispensary,Busia,Level 2,Ministry of Health
Burumba Dispensary,Busia,Level 2,Ministry of Health
Rang'ul Dispensary,Kisumu,Level 2,Ministry of Health
Busagwa Dispensary,Busia,Level 2,Ministry of Health
Khajula Dispensay,Busia,Level 2,Ministry of Health
Apetit Dispensary,Busia,Level 2,Ministry of Health
Akiriamasi Dispensary,Busia,Level 2,Ministry of Health
Kwangamor Dispensary,Busia,Level 2,Ministry of Health
Family Care Medical Centre,Kilifi,Level 2,Private Practice - Nurse / Midwifery
Caring Cross Medical Centre,Kajiado,Level 2,Private Practice - Clinical Officer
Agakhan Kisii,Kisii,Level 2,Private Enterprise (Institution)
Kyumbi Health Centre,Machakos,Level 3,Ministry of Health
Elgeyo Marakwet County Beyond Zero Mobile Clinic,Elegeyo-Marakwet,Level 2,Ministry of Health
Kamuriai Dispensary,Busia,Level 2,Ministry of Health
Kajiado County Beyond Zero Campaign Mobile Clinic,Kajiado,Level 2,Ministry of Health
Taita Taveta Beyond Zero Campaign Clinic,Taita Taveta,Level 2,Ministry of Health
Siaya County Referral Beyond Zero Mobile Clinic Dispensary,Siaya,Level 2,Ministry of Health
Kakamega County Beyond Zero Mobile Clinic,Kakamega,Level 2,Ministry of Health
Kisii County Beyond Zero Mobile Clinic,Kisii,Level 2,Ministry of Health
Homabay County Beyond Zero Mobile Clinic,Homa Bay,Level 2,Ministry of Health
Meru Beyond Zero Mobile Clinic,Meru,Level 2,Ministry of Health
Uasingishu County Beyond Zero Mobile Clinic,Uasin Gishu,Level 2,Ministry of Health
Marsabit County Beyond Zero Mobile Clinic,Marsabit,Level 2,Ministry of Health
Kwale County Beyond Zero Mobile Clinic,Kwale,Level 2,Ministry of Health
Daima Medical Clinic,Trans Nzoia,Level 2,Private Practice - Nurse / Midwifery
Kisayani Medical Clinic-kibwezi west,Makueni,Level 2,Private Practice - Clinical Officer
Rapha Medical Clinic-Makindu,Makueni,Level 2,Other Faith Based
Laikipia county Beyond Zero mobile clinic,Laikipia,Level 2,Ministry of Health
Bungoma Beyond Zero Mobile Unit,Bungoma,Level 2,Ministry of Health
Kericho County Beyond Zero Mobile Clinic,Kericho,Level 2,Ministry of Health
Maiani Dispensary,Makueni,Level 2,Other Faith Based
Prince Jims Medical Clinic (Machinery),Makueni,Level 2,Private Practice - Nurse / Midwifery
Mutheu Edel Medical Clinic (Ulilinzi),Makueni,Level 2,Private Practice - Nurse / Midwifery
Tsavo West Medical Clinic (Mtito Andei),Makueni,Level 2,Private Practice - Clinical Officer
Alpha Medical Clinic (Kambu),Makueni,Level 2,Private Practice - Clinical Officer
Chyulu Medicare services,Makueni,Level 2,Private Practice - Clinical Officer
Narok Beyond Zero Campaign Clinic,Narok,Level 2,Ministry of Health
Mbitini Dispensary,Makueni,Level 2,Ministry of Health
Maspa Medical Clinic,Makueni,Level 2,Private Practice - Clinical Officer
Kawala Dispensary-Makueni,Makueni,Level 2,Ministry of Health
Samburu Beyond Zero Mobile Clinic,Samburu,Level 2,Ministry of Health
Our Lady Of Mercy,Makueni,Level 2,Private Practice - Nurse / Midwifery
Innocent Med Clinic,Makueni,Level 2,Private Practice - Clinical Officer
DG Peters Med Clinic,Makueni,Level 2,Private Practice - Clinical Officer
Makueni county beyond zero mobile clinic,Makueni,Level 2,Ministry of Health
Haifa Med Clinic,Makueni,Level 2,Private Practice - Clinical Officer
Baringo County Beyond Zero Mobile Clinic,Baringo,Level 2,Ministry of Health
Turkana County Beyond Zero Campaign Mobile Clinic,Turkana,Level 2,Ministry of Health
Kisumu Beyond Zero Mobile Clinic,Kisumu,Level 2,Ministry of Health
Kisumu Diagnostic Center,Kisumu,Level 3,Private Enterprise (Institution)
AL Nur Medical Clinic & Laboratory,Kisumu,Level 2,Private Enterprise (Institution)
Helsamy Medical Clinic,Kisumu,Level 2,Private Practice - Clinical Officer
Lanet medical centre,Baringo,Level 2,Private Practice - General Practitioner
Ogongo Community Dispensary,Migori,Level 2,Ministry of Health
Gosebe Dispensary,Migori,Level 2,Ministry of Health
Meridian Medical Centre-Kisumu,Kisumu,Level 2,Private Practice - General Practitioner
AAR Health Care-Kisumu,Kisumu,Level 2,Private Practice - General Practitioner
Crystal Cottage Hospital & Medical Clinic Ltd,Trans Nzoia,Level 3,Private Practice - Medical Specialist
Dr.Finn consultants,Baringo,Level 2,Private Practice - General Practitioner
Githakwa Dispensary,Nyeri,Level 2,Ministry of Health
The Aurora Health Care,Kajiado,Level 2,Private Practice - General Practitioner
Kamanau Dispensary,West Pokot,Level 2,Ministry of Health
Sarmach Dispensary,West Pokot,Level 2,Ministry of Health
Gram's Medical Clinic,Vihiga,Level 2,Private Practice - General Practitioner
Virgin Hospital,Murang'A,Level 3,Private Enterprise (Institution)
Sachoran Dispensary,Kericho,Level 2,Ministry of Health
AAR Thika out Patient Centre,Kiambu,Level 2,Private Practice - General Practitioner
Oasis Laboratory Services,Kiambu,Level 2,Private Practice - General Practitioner
Kilimani Assessment Center,Kisumu,Level 2,Private Practice - Medical Specialist
Bobaracho Dispensary,Kisii,Level 2,Ministry of Health
Kilifi County Beyond Zero Campaign Mobile Dispensary,Kilifi,Level 2,Ministry of Health
Nguluni Medical Centre,Machakos,Level 2,Private Practice - Clinical Officer
Kwawanzilu,Machakos,Level 2,Ministry of Health
Glory medical Clinic-Masinga,Machakos,Level 2,Private Enterprise (Institution)
Alpha Nursing Home,Machakos,Level 2,Private Enterprise (Institution)
Kivaa medical,Machakos,Level 2,Private Practice - Nurse / Midwifery
Ubuntu Afya Ninalakeside Clinic,Siaya,Level 2,Christian Health Association of Kenya
Kenya Community Health Network,Uasin Gishu,Level 2,Non-Governmental Organizations
Ikhanyi Dispensary,Kakamega,Level 2,Ministry of Health
Lenmek Hospital,Kisii,Level 4,Private Practice - Medical Specialist
By Grace Medical Clinic and Laboratory Services,Machakos,Level 2,Private Practice - Nurse / Midwifery
Gracious Day Medical Centre(Tala),Machakos,Level 2,Private Practice - Clinical Officer
Atakara Medical Clinic,Machakos,Level 2,Private Practice - General Practitioner
Enaramatishoreki Health Centre,Narok,Level 3,Ministry of Health
St Cathene Ichuni Mission,Kisii,Level 2,Kenya Episcopal Conference-Catholic Secretariat
Nyalkembo Dispensary,Homa Bay,Level 2,Ministry of Health
Hope for today VCT Centre (sosiot),Kericho,Level 2,Ministry of Health
Miranga Dispensary,Nandi,Level 2,Ministry of Health
Maseno University AIDS Control Unit(City Campus),Kisumu,Level 2,Academic
Savani Medical Centre,Mombasa,Level 2,Private Practice - Clinical Officer
Makuri Distensary,Tharaka-Nithi,Level 2,Ministry of Health
Golden Gates Hospital,Mombasa,Level 2,Private Practice - Clinical Officer
Lodeng'o Health Centre,Baringo,Level 3,Christian Health Association of Kenya
Getrudes Children's Hospital,Nairobi,,Private Practice - Clinical Officer
Kikuyu Public Health Office,Kiambu,Level 2,Ministry of Health
Rays Clinette,Kiambu,Level 2,Private Practice - Nurse / Midwifery
Jubilee Care Clinic,Kiambu,Level 2,Private Practice - Nurse / Midwifery
Alika Medical Clinic,Kiambu,Level 2,Private Practice - Nurse / Midwifery
Gicharani Catholic Dispensary,Kiambu,Level 2,Kenya Episcopal Conference-Catholic Secretariat
Marura Medical Centre-Eldoret,Uasin Gishu,Level 3,Private Practice - Nurse / Midwifery
Light Medicare Clinic,Kericho,Level 2,Private Practice - Clinical Officer
Mukhuyu Dispensary,Kakamega,Level 2,Ministry of Health
Chemororoch Dispensary (Waldai),Kericho,Level 2,Ministry of Health
Nyeri Medical & Diabetic Centre,Nyeri,Level 2,Private Practice - Clinical Officer
Kahuho Community Dispensary,Kiambu,Level 2,Ministry of Health
Nachu Dispensary,Kiambu,Level 2,Ministry of Health
Gikambura Health Centre,Kiambu,Level 3,Ministry of Health
Hifadhi Siha Clinic,Kajiado,Level 2,Private Practice - General Practitioner
Kampala MEdical Services,Kajiado,Level 2,Private Practice - Clinical Officer
Favour Medical Services,Kajiado,Level 3,Private Practice - Nurse / Midwifery
Makwa Community Dispensary,Kiambu,Level 2,Ministry of Health
Mpeli Medical Clinic,Bungoma,Level 2,Private Practice - Clinical Officer
Caregivers Community Hospital,Kajiado,Level 4,Private Practice - Nurse / Midwifery
Eskot Dispensary,Isiolo,Level 2,Ministry of Health
Sosiot Medical Centre,Kericho,Level 2,Private Practice - Clinical Officer
Joy Youth Centre Kapsoit,Kericho,Level 2,Christian Health Association of Kenya
Dr. Sangani's Clinic,Mombasa,Level 2,Private Practice - General Practitioner
Malichi Dispensary,Kakamega,Level 2,Ministry of Health
Leng'orok Dispensary,West Pokot,Level 2,Ministry of Health
Demanje Medical Clinic,Makueni,Level 2,Private Practice - Clinical Officer
St. Monica Hospital Town Clinic,Kisumu,Level 2,Kenya Episcopal Conference-Catholic Secretariat
Torah Medical Clinic,Kiambu,Level 2,Private Practice - General Practitioner
Alphine Health Care Centre,Bungoma,Level 2,Private Practice - Clinical Officer
Afyafirst Medical Center,Mombasa,Level 2,Private Practice - General Practitioner
Duse Dispensary,Isiolo,Level 2,Ministry of Health
Trinity care centre (Olkeri),Kajiado,Level 2,Private Practice - General Practitioner
Meridian Hospital Kiserian,Kajiado,Level 4,Private Practice - General Practitioner
Aga Khan MC Kitale,Trans Nzoia,Level 2,Private Enterprise (Institution)
Ace Africa (k) Wellness Centre,Bungoma,Level 2,Non-Governmental Organizations
Khamulati  Medical Clinic,Vihiga,Level 2,Private Practice - Clinical Officer
St Mary's Medical Clinic(Mwingi Central),Kitui,Level 2,Private Practice - Clinical Officer
Gertrudes Children Hospital,Mombasa,Level 2,Private Enterprise (Institution)
Ting'ang'a Dispensary,Kiambu,Level 2,Ministry of Health
Nayanaeangikalalio Dispensary,Turkana,Level 2,Ministry of Health
Dalcoo Medical Centre,Migori,Level 2,Private Practice - Clinical Officer
Chebunyo Stand Alone VCT,Bomet,Level 2,Other Faith Based
Lumu Dispensary,Makueni,Level 2,Ministry of Health
Mbukuni Dispensary,Makueni,Level 2,Ministry of Health
Nthunguni Dispensary (Kibwezi East),Makueni,Level 2,Ministry of Health
Kiteng'ei Dispensary,Makueni,Level 2,Ministry of Health
Eshisiru Medical Cottage,Kakamega,Level 2,Private Practice - Clinical Officer
Ngaakaa Dispensary,Makueni,Level 2,Ministry of Health
Kisayani Dispensary,Makueni,Level 2,Ministry of Health
Naitiri Private Wing Clinic,Bungoma,Level 2,Private Practice - Nurse / Midwifery
Mathanguni Dispensary,Makueni,Level 2,Ministry of Health
Nzeeni Dispensary,Makueni,Level 2,Ministry of Health
Maaueli Dispensary,Makueni,Level 2,Ministry of Health
Itumbule (Makueni) Dispensary,Makueni,Level 2,Ministry of Health
Kwamutula (Kaliini) dispensary,Makueni,Level 2,Ministry of Health
Kikalu Dispensary,Machakos,Level 2,Ministry of Health
Biliqo Marara Dispensary,Isiolo,Level 2,Ministry of Health
Lchakwai  Dispensary,Samburu,Level 2,Ministry of Health
Kuku Dispensary,Kajiado,Level 2,Ministry of Health
Oloirien Dispensary,Kajiado,Level 2,Ministry of Health
Buyangu Dispensary,Kakamega,Level 2,Ministry of Health
Motagara Health Centre (Nyamira),Nyamira,Level 3,Ministry of Health
Prima Medical Centre,Mombasa,Level 2,Private Practice - Medical Specialist
Nice View Medical Centre,Kwale,Level 3,Private Practice - Nurse / Midwifery
Portreitz Youth Friendly Centre,Mombasa,,Ministry of Health
Regional Blood Transfusion Center (Coast),Mombasa,Level 5,Ministry of Health
Chepkerer Dispensary,Bungoma,Level 2,Ministry of Health
Daaba Dispensary,Isiolo,Level 2,Ministry of Health
Eagles Health Solution Clinic,Makueni,Level 2,Private Practice - Clinical Officer
AIDS Health Care Foundation Parklands Clinic,Nairobi,Level 2,Private Enterprise (Institution)
Cheptagum Dispensary,Bomet,Level 2,Ministry of Health
County Gate Medical Clinic,Machakos,Level 2,Private Practice - Clinical Officer
Kalukuni Mission Dispensary,Machakos,Level 2,Kenya Episcopal Conference-Catholic Secretariat
KRICH Dispensary,West Pokot,Level 2,Ministry of Health
Lirhanda Mission Health Centre,Kakamega,Level 2,Other Faith Based
Kiwa Laboratory,Murang'A,Level 2,Private Practice - General Practitioner
Bodo Medical Clinic,Kwale,Level 2,Private Practice - Nurse / Midwifery
Makueni GK Prison Dispensary,Makueni,Level 2,Ministry of Health
Janju Dispensary,Garissa,Level 2,Ministry of Health
Beramo Dispensary,Wajir,Level 2,Ministry of Health
Ogaralle Dispensary,Wajir,Level 2,Ministry of Health
Burmayow Dispensary,Wajir,Level 2,Ministry of Health
Dureweey Dispensary,Wajir,Level 2,Ministry of Health
Kajaja 2 Dispensary,Wajir,Level 2,Ministry of Health
Wargadud Dispensary(Tarbaj),Wajir,Level 2,Ministry of Health
St. Rita Medical Services,Machakos,Level 2,Private Practice - General Practitioner
Raphamed Health Care Services,Machakos,Level 2,Private Practice - General Practitioner
Paragon Health Care Ltd,Nairobi,Level 2,Private Practice - General Practitioner
Earnest Medical Point Centre,Machakos,Level 2,Private Enterprise (Institution)
Lolkuta North Dispensary,Wajir,Level 2,Ministry of Health
Barmil Dispensary,Wajir,Level 2,Ministry of Health
Vigetse Women Group Medical Clinic,Vihiga,Level 2,Private Practice - Nurse / Midwifery
Lakole Dispensary,Wajir,Level 2,Ministry of Health
Abdiwaqo Dispensary,Wajir,Level 2,Ministry of Health
Anole Dispensary,Wajir,Level 2,Ministry of Health
Dadhantaly Dispensary,Wajir,Level 2,Ministry of Health
Balatula Amin Dispensary,Wajir,Level 2,Ministry of Health
Gilgil Centre of Hope,Nakuru,Level 2,Private Enterprise (Institution)
Kitogo Dispensary,Nyandarua,Level 2,Ministry of Health
Wang'any Dispensary,Turkana,Level 2,Ministry of Health
Kisera Dispensary,West Pokot,Level 2,Ministry of Health
Kirinyaga University College Dispensary,Kirinyaga,Level 2,Public Institution
Sostin  Dispensary,West Pokot,Level 2,Ministry of Health
Kamuchisu Dispensary,Kakamega,Level 2,Ministry of Health
Ekambuli Health Centre,Kakamega,Level 3,Ministry of Health
Mungungune Dispensary,Kakamega,Level 3,Ministry of Health
Lubanga Dispensary,Kakamega,Level 2,Ministry of Health
Cana Medical Clinic,Machakos,Level 2,Private Practice - Clinical Officer
Roselyne Medical Centre,Machakos,Level 2,Private Practice - General Practitioner
St Agnes Health Care Clinic,Kisii,Level 2,Private Practice - Nurse / Midwifery
Okana Dispensary,Kisumu,Level 2,Ministry of Health
Kimbo Healthcare Centre,Kiambu,Level 2,Private Practice - Clinical Officer
Narengewoi Dispensary,Turkana,Level 2,Ministry of Health
St Mary's Mission International Medical Clinic,Kiambu,Level 2,Private Practice - Clinical Officer
Prestige Medical Clinic,Kiambu,Level 2,Private Practice - Nurse / Midwifery
Kiriri Dispensary,Kiambu,Level 2,Ministry of Health
Planet Clinic Ltd,Nairobi,Level 3,Private Practice - General Practitioner
Rehema Medical Clinic,Kiambu,Level 2,Private Practice - Nurse / Midwifery
Kulamawe Nursing Home,Isiolo,Level 3,Private Practice - Nurse / Midwifery
Koibarak Dispensary,Nandi,Level 2,Ministry of Health
Hillcrest Medical Clinic,Uasin Gishu,Level 2,Private Practice - Clinical Officer
Rongo University College Clinic,Migori,Level 2,Public Institution
Kamburu Dispensary,Kajiado,Level 2,Ministry of Health
Becca Medical Clinic,Makueni,Level 2,Ministry of Health
Congo medical services,Nairobi,Level 2,Private Enterprise (Institution)
Napak Dispensary,Turkana,Level 2,Ministry of Health
Karebur Dispensary,Turkana,Level 2,Ministry of Health
Kapkirwa Dispensary,Nandi,Level 2,Ministry of Health
Nduuri Dispensary,Embu,Level 2,Ministry of Health
Jamii Health Services ( Marmanet),Laikipia,Level 2,Private Practice - Nurse / Midwifery
Avenue Healthcare Thika,Kiambu,Level 2,Private Practice - General Practitioner
Soweto West Community Clinic,Nairobi,Level 2,Ministry of Health
Karanja Road Community Clinic,Nairobi,Level 2,Ministry of Health
Makina Community Clinic,Nairobi,Level 2,Ministry of Health
Lindi Community Clinic,Nairobi,Level 2,Ministry of Health
Silanga Community Clinic,Nairobi,Level 2,Ministry of Health
Kianda 42 Community Clinic,Nairobi,Level 2,Ministry of Health
Oasis Specialist Hospital,Kisii,Level 4,Private Practice - Medical Specialist
Mungetho Dispensary,Nakuru,Level 2,Ministry of Health
Sasimua Dispensary,Nakuru,Level 2,Ministry of Health
Hillside medical centre,Machakos,Level 2,Private Practice - Medical Specialist
St. Mary Magdalene Clinic,Embu,Level 2,Private Practice - Nurse / Midwifery
Kliniq,Nakuru,Level 2,Private Practice - Medical Specialist
Shalom Community Hospital Mukuyuni Satelite,Makueni,Level 2,Private Enterprise (Institution)
Wajir Beyond Zero Mobile Clinic,Wajir,Level 2,Ministry of Health
Marigo Dispensary,Bungoma,Level 2,Ministry of Health
Kargi Health Centre,Marsabit,Level 2,Ministry of Health
Parkishon Dispensary,Marsabit,Level 2,Ministry of Health
Nopri Medical Clinic,Kiambu,Level 2,Private Practice - Clinical Officer
Medisol Clinic,Machakos,Level 2,Private Practice - Nurse / Midwifery
Mombasa Road Medical centre,Machakos,Level 2,Private Practice - Clinical Officer
Munanda Dispensary,Nakuru,Level 2,Ministry of Health
Tetu Dispensary,Nakuru,Level 2,Ministry of Health
Katilia Dispensary,Turkana,Level 2,Ministry of Health
Lotubae (A.I.C) Dispensary,Turkana,Level 2,Christian Health Association of Kenya
Kiima Kimwe,Machakos,Level 2,Private Practice - Nurse / Midwifery
Baranga Dispensary,Meru,Level 2,Ministry of Health
Star clinic,Kwale,Level 2,Private Practice - Clinical Officer
Qatar Medical Clinic,Kwale,Level 2,Private Practice - Clinical Officer
Malomani Medical Clinic,Kwale,Level 2,Private Practice - Clinical Officer
TB Central Reference Lab,Nairobi,Level 4,Ministry of Health
Microbiology Reference Lab,Nairobi,Level 4,Ministry of Health
Oncology Reference Lab,Nairobi,Level 2,Ministry of Health
National Blood Transfusion Services,Nairobi,Level 4,Ministry of Health
National HIV Reference Lab,Nairobi,Level 4,Ministry of Health
Maritati Dispensary,Meru,Level 2,Ministry of Health
Ntirimiti Dispensary,Meru,Level 2,Ministry of Health
Kibirichia Catholic Dispensary,Meru,Level 2,Kenya Episcopal Conference-Catholic Secretariat
Suba Medical Centre,Nairobi,Level 2,Private Practice - Clinical Officer
Bumala CFW clinic,Busia,Level 2,Non-Governmental Organizations
Wema Centre Medical Laboratory,Bungoma,Level 2,Laboratory Technician/Technologist
Muhuru Bay VCT Centre (Nyarami),Migori,Level 2,Non-Governmental Organizations
Lwanda Konyango VCT Centre (Nyarami),Migori,Level 2,Non-Governmental Organizations
Obware Health Centre,Migori,Level 2,Ministry of Health
Thinyaine Dispensary,Meru,Level 2,Ministry of Health
Mephibosheth Medical Clinic,Kitui,Level 2,Private Practice - Clinical Officer
Dr Shanti Haria,Nakuru,Level 2,Private Practice - Medical Specialist
Mamlaka Medical Centre,Nakuru,Level 2,Private Practice - General Practitioner
Kangutu Dispensary,Tharaka-Nithi,Level 2,Ministry of Health
Njaina Dispensary,Tharaka-Nithi,Level 2,Ministry of Health
Aga Khan Health Service Bungoma Centre,Bungoma,Level 2,Private Practice - Medical Specialist
I Choose Life - Africa(Kileleshwa),Kiambu,Level 2,Non-Governmental Organizations
Karirana Medical Clinic,Kiambu,Level 2,Company Medical Service
Dr Babu Bora clinic,Nakuru,Level 2,Private Practice - Medical Specialist
Dr B.K.Kariuki,Nakuru,Level 2,Private Practice - Medical Specialist
Dr Osore's Clinic,Nakuru,Level 2,Private Practice - General Practitioner
Ilmotiok Dispensary,Laikipia,Level 2,Ministry of Health
Shabab Intergrated Medical Clinic,Nakuru,Level 2,Private Practice - General Practitioner
matar-arba,Isiolo,Level 2,Ministry of Health
Kiarukungu Dispensary,Kirinyaga,Level 3,Ministry of Health
Toto Medicare,Kilifi,Level 2,Private Practice - Clinical Officer
Technical university of Kenya Student/Staff Clinic,Nairobi,Level 2,Public Institution
Interfelk Medical Centre,Kisumu,Level 2,Private Enterprise (Institution)
Aimon med clinic,Nairobi,Level 2,Private Practice - Nurse / Midwifery
medicross ltd kawangware,Nairobi,Level 2,Private Practice - General Practitioner
Khayega Medical Clinic,Kakamega,Level 2,Private Practice - Clinical Officer
Koduol Reru Dispensary,Kisumu,Level 2,Ministry of Health
Doulos Youth Friendly And VCT (KCC),Nairobi,Level 2,Other Faith Based
Kamundugi dispensary,Bomet,Level 2,Ministry of Health
Absalom Wangulu Dispensary,Kisumu,Level 2,Ministry of Health
Tumaini DiCE Kisumu,Kisumu,Level 2,Non-Governmental Organizations
malaylay dispensary,Garissa,Level 2,Ministry of Health
Nacet Reproductive Health Care,Nakuru,Level 2,Private Practice - Clinical Officer
Fenway Medical Clinic,Nyandarua,Level 2,Private Practice - Nurse / Midwifery
Chepkosa Dispensary,Bomet,Level 2,Ministry of Health
Kiriba Dispensary,Bomet,Level 2,Ministry of Health
Mundobelwa Health centre,Kakamega,Level 3,Ministry of Health
Ebuhala Health Centre,Kakamega,Level 3,Ministry of Health
Ngendaptich Dispensary,Laikipia,Level 2,Ministry of Health
Tsunza Medical Centre,Kwale,Level 2,Ministry of Health
Manyatta Community Medical Clinic,Kisumu,Level 2,Private Practice - Clinical Officer
Malikini Dispensary,Embu,Level 2,Ministry of Health
Kanduri Dispensary,Embu,Level 2,Ministry of Health
Stage View Medical Clinic - Likoni,Mombasa,Level 2,Private Practice - Nurse / Midwifery
Sunrise City Medical Centre,Nairobi,Level 2,Private Practice - Clinical Officer
Jaber Dispensary,Nandi,Level 2,Ministry of Health
Karurina Dispensary,Embu,Level 2,Ministry of Health
Nyangore Dispensary,Nandi,Level 2,Ministry of Health
Nyakunguru Dispensary,Nandi,Level 2,Ministry of Health
Giika,Meru,Level 2,Ministry of Health
Weyeta clinic,Bungoma,Level 2,Private Practice - Nurse / Midwifery
Bewa Medical clinic,Bungoma,Level 2,Private Practice - Nurse / Midwifery
Makhonge dispensary,Bungoma,Level 2,Ministry of Health
Junda Dispensary,Mombasa,Level 2,Ministry of Health
Dessein Health Care,Nairobi,Level 2,Private Practice - General Practitioner
Lelgut Dispensary,Baringo,Level 2,Ministry of Health
Orokwo Dispensary,Baringo,Level 2,Ministry of Health
Magonoi Dispensary (Kabarnet),Baringo,Level 2,Ministry of Health
Kasoiyo Dispensary,Baringo,Level 2,Ministry of Health
Kongoli Dispensary,Bungoma,Level 2,Ministry of Health
Ranje Dispensary,Bungoma,Level 2,Ministry of Health
Adoma Medical Clinic,Migori,Level 2,Private Practice - Nurse / Midwifery
Ayatya Dispensary,Baringo,Level 2,Ministry of Health
Rebeko Dispensary,Baringo,Level 2,Ministry of Health
Tiloi Dispensary,Baringo,Level 2,Ministry of Health
Tunoiwo Dispensary,Baringo,Level 2,Ministry of Health
ST.James Memorial Medical Clinic,Kakamega,Level 2,Private Practice - General Practitioner
Kapkombe Dispensary,Baringo,Level 2,Ministry of Health
Akwichatis Health Centre,Baringo,Level 3,Ministry of Health
Krezze Dispensary,Baringo,Level 2,Ministry of Health
FAO Hope Medical Centre,Busia,Level 2,Private Practice - Medical Specialist
Magaoni Health Centre,Kwale,Level 3,Ministry of Health
Denticheck Clinical Services,Nakuru,Level 2,Private Practice - General Practitioner
Medecins Du Monde/France (Kangemi Kang'ora),Nairobi,Level 2,Non-Governmental Organizations
Josiah Community Medical Centre,Nairobi,Level 2,Private Practice - Clinical Officer
Kitui Dice,Kitui,Level 2,Public Institution
Ugua Pole Clinic,Busia,Level 2,Private Practice - Clinical Officer
Equator Clinic,Busia,Level 2,Private Practice - Nurse / Midwifery
Jobefar Medical Services,Busia,Level 2,Private Practice - Clinical Officer
Kiboson Dispensary,Bomet,Level 2,Ministry of Health
Kimaya Dispensary,Bomet,Level 2,Ministry of Health
Tilangok Dispensary,Bomet,Level 2,Ministry of Health
Chemasusu Dispensary,Baringo,Level 2,Ministry of Health
Sinonin Dispensary (Koibatek),Baringo,Level 2,Ministry of Health
Saos Dispensary,Baringo,Level 2,Ministry of Health
Muserechi  Dispensary,Baringo,Level 2,Ministry of Health
Wara,Wajir,Level 2,Ministry of Health
Relief Medical Clinic,Siaya,Level 2,Private Practice - Clinical Officer
Ndooni Dispensary,Kitui,Level 2,Ministry of Health
International Medical Corps Tekelza DiCE Kisii,Kisii,Level 2,Non-Governmental Organizations
Neema Clinic,Baringo,Level 2,Private Practice - Nurse / Midwifery
Lina Medical Services,Nairobi,Level 2,Ministry of Health
AAR Health Care,Nairobi,Level 2,Private Practice - General Practitioner
Support For Addiction Prevention & Treatment In Africa,Nairobi,Level 2,Non-Governmental Organizations
Mutati Community Dispensary,Kiambu,Level 2,Ministry of Health
Florensis Kenya LTD Medical Clinic(Naivasha),Nakuru,Level 2,Private Practice - Nurse / Midwifery
Umbrella Health Clinic,Kisumu,Level 2,Private Enterprise (Institution)
Dr.K.Gicheru(Upper Hill Centre),Nairobi,Level 2,Private Practice - General Practitioner
Dr.P.W.Kamau&Associates(Upper Hill Medical Centre),Nairobi,Level 2,Private Practice - General Practitioner
South Ngariama Dispensary,Kirinyaga,Level 2,Ministry of Health
Dr.Henry Wellington Alube (landmark plaza),Nairobi,Level 2,Private Practice - General Practitioner
Dr.Charles.J.R.Opondo (landmark plaza),Nairobi,Level 2,Private Practice - General Practitioner
Kambini Dispensary,Bungoma,Level 2,Ministry of Health
Kernan Medical Clinic,Kiambu,Level 2,Private Practice - Nurse / Midwifery
Wankam Medical clinic,Kiambu,Level 2,Private Practice - Clinical Officer
SOS Children Medical Clinic,Kisumu,Level 2,Private Practice - Nurse / Midwifery
Lwala Nyarago Dispensary,Migori,Level 2,Ministry of Health
LELA Dispensary,Migori,Level 2,Ministry of Health
Radiant Group of Hospital (Kiambu),Kiambu,Level 4,Private Practice - General Practitioner
Bay Leaf Health Center,Mombasa,Level 2,Private Practice - General Practitioner
LIFOG Medical Clinic,Mombasa,Level 2,Private Practice - General Practitioner
Afya Health System Hospital,Homa Bay,Level 3,Private Practice - General Practitioner
Malongo Dispensary,Homa Bay,Level 2,Ministry of Health
Dago Jonyo Dispensary,Kisumu,Level 2,Ministry of Health
ICRH-DROP-IN-CENTRE Ukunda,Kwale,Level 2,Non-Governmental Organizations
Mt. Pleasant  Medical Clinic,Kiambu,Level 2,Private Practice - Nurse / Midwifery
Illasit Dispensary,Kajiado,Level 2,Ministry of Health
Kenya Police Staff College Clinic,Nairobi,Level 2,Academic
CMIA Grace Children's Centre Dispensary,Nairobi,Level 2,Christian Health Association of Kenya
Kongelai Dispensary,West Pokot,Level 2,Ministry of Health
Paraywa Dispensary,West Pokot,Level 2,Ministry of Health
Chepnyal GOK Dispensary,West Pokot,Level 2,Ministry of Health
Kalemrekai Dispensary,West Pokot,Level 2,Ministry of Health
Ringa Dispensary,Homa Bay,Level 2,Kenya Episcopal Conference-Catholic Secretariat
Takaywa Dispensary,West Pokot,Level 2,Ministry of Health
Maximum medical centre,Nairobi,Level 2,Private Practice - Nurse / Midwifery
Garissa Children Hospital,Garissa,Level 3,Private Practice - Clinical Officer
Kalemung'orok Dispensary,West Pokot,Level 2,Ministry of Health
Kasaka,Baringo,Level 2,Ministry of Health
Kasha Dispensary,Garissa,Level 2,Ministry of Health
Equity Medical Clinic Embulbul,Kajiado,Level 2,Private Practice - Nurse / Midwifery
Ufalme Medical Centre,Kajiado,Level 2,Private Practice - General Practitioner
Ndumbini Dispensary,Tharaka-Nithi,Level 2,Ministry of Health
Lewa's Family Nursing Home,Kilifi,Level 2,Private Practice - Nurse / Midwifery
Kome Dispensary,Migori,Level 2,Ministry of Health
AAR Adams Health Centre,Nairobi,Level 2,Private Practice - General Practitioner
Kijana Heri Medical Clinic,Kilifi,Level 2,Private Practice - Clinical Officer
Karimboni Dispensary,Kilifi,Level 2,Ministry of Health
Nakuru Heart Centre,Nakuru,Level 2,Private Practice - General Practitioner
Mutomo Medical Services,Kitui,Level 2,Private Practice - Clinical Officer
KTTID Dispensary,Nairobi,Level 2,Ministry of Health
Uturini Community Dispensary,Tharaka-Nithi,Level 2,Ministry of Health
Yago Community Dispensary,Kisumu,Level 2,Ministry of Health
Nyamwetureko,Uasin Gishu,Level 2,Ministry of Health
Milenye Dispensary,Kisumu,Level 2,Ministry of Health
Ramula Dispensary,Kisumu,Level 2,Ministry of Health
Cheptiangwa Dispensary,West Pokot,Level 2,Ministry of Health
Chemotong Dispensary,West Pokot,Level 2,Ministry of Health
Cheptya Dispensary,West Pokot,Level 2,Ministry of Health
Kibera CFW Clinic,Nairobi,Level 2,Private Enterprise (Institution)
kitende Dispensary,Makueni,Level 2,Ministry of Health
Bungoma West Medical Services,Bungoma,Level 3,Private Practice - General Practitioner
Tabani Dispensary,Bungoma,Level 2,Ministry of Health
Onoch Dispensary,West Pokot,Level 2,Ministry of Health
Nyang'aita Dispensary,West Pokot,Level 2,Ministry of Health
Star of the Sea Health Clinic,Kajiado,Level 2,Private Practice - Nurse / Midwifery
Zombe medical clinic,Kitui,Level 2,Private Practice - Clinical Officer
Bore Singwaya Dispensary,Kilifi,Level 2,Ministry of Health
Shomella Dispensary,Kilifi,Level 2,Ministry of Health
Selma medical clinic,Nairobi,Level 2,Private Practice - General Practitioner
Kenya Institute of Special Education Dispensary,Nairobi,Level 2,Academic
PJ Dave Company Clinic,Kajiado,Level 2,Company Medical Service
Seniors Medical Services,Kajiado,Level 3,Private Practice - Clinical Officer
Mshongoleni Community Dispensary,Kilifi,Level 2,Ministry of Health
Kimeswon Health Centre,Nakuru,Level 3,Ministry of Health
Nzikani community centre,Kitui,Level 2,Private Practice - General Practitioner
Ngura Medical Clinic,Kitui,Level 2,Private Practice - Clinical Officer
The Great Lakes Medical Centre,Vihiga,Level 3,Private Enterprise (Institution)
St. Tresa's Medical Clinic,Nakuru,Level 2,Private Practice - Clinical Officer
Joseph Memorial Medical Centre,Nakuru,Level 2,Private Practice - Clinical Officer
Glory Medical Clinic (Gilgil),Nakuru,Level 2,Private Practice - Nurse / Midwifery
Lwanda kobita,Siaya,Level 2,Ministry of Health
Kenlands Health Services,Nakuru,Level 2,Private Practice - Clinical Officer
Sinai clinic,Kitui,Level 2,Private Practice - Nurse / Midwifery
Rehoboth Maternity and Nursing Home(Mwingi Central),Kitui,Level 2,Private Practice - Nurse / Midwifery
Nuu Medical Clinic,Kitui,Level 2,Private Practice - Clinical Officer
Maria Medical Clinic And Diadetic centre(Saika),Nairobi,Level 2,Private Practice - General Practitioner
Jeluto Medical Clinic,Kitui,Level 2,Private Enterprise (Institution)
Kiaora Farm Dispensary,Kiambu,Level 2,Company Medical Service
Mbuvo Health Centre,Makueni,Level 2,Ministry of Health
Yinthungu Dispensary,Makueni,Level 2,Ministry of Health
Manza dispensary,Makueni,Level 2,Ministry of Health
Nairobi East Hospital Ltd,Nairobi,Level 3,Private Practice - General Practitioner
Providence Medical Centre,Kitui,Level 2,Private Practice - General Practitioner
ST Francis dispensary,Machakos,Level 2,Other Faith Based
Baraka Medical Clinic (Mbitini),Kitui,Level 2,Private Practice - Nurse / Midwifery
Gibea Medical Centre,Nakuru,Level 2,Private Practice - Nurse / Midwifery
Agha Khan University Hospital (Kikuyu Medical Centre),Kiambu,Level 2,Private Enterprise (Institution)
Thogoto Medical clinic,Kiambu,Level 2,Private Practice - Clinical Officer
Wanemed Medical Clinic,Kiambu,Level 2,Private Practice - General Practitioner
Aliki Medical Centre,Kiambu,Level 2,Private Practice - Nurse / Midwifery
St.Paul Clinic,Kiambu,Level 2,Private Practice - Nurse / Midwifery
Kemakoba Dispensary,Migori,Level 2,Ministry of Health
Sulwe Dispensary,Bungoma,Level 2,Ministry of Health
Port Florence (Ndhiwa),Homa Bay,Level 2,Private Enterprise (Institution)
Unga Dispensary,Homa Bay,Level 2,Ministry of Health
Kobodo Dispensary,Homa Bay,Level 2,Ministry of Health
Cherwa Dispensary,Kisumu,Level 2,Ministry of Health
Hope and Health Medical Services,Kiambu,Level 2,Private Practice - Clinical Officer
Roadway Medical Clinic,Uasin Gishu,Level 2,Private Practice - Nurse / Midwifery
Mzee Paurana Community Medical Clinic,Kilifi,Level 2,Private Practice - General Practitioner
Aga Khan Clinic (Eastleigh),Nairobi,Level 2,Private Enterprise (Institution)
Sam-link medical centre,Nairobi,Level 2,Private Practice - Clinical Officer
Drugnet Medical centre,Nairobi,Level 2,Private Practice - General Practitioner
Blue Cross Medical Clicnic,Nakuru,Level 2,Private Practice - General Practitioner
Mercy Clinic,Nakuru,Level 2,Private Practice - Nurse / Midwifery
SACODEN VCT Center,Nairobi,Level 2,Non-Governmental Organizations
Community Evolution Network VCT,Nairobi,Level 2,Non-Governmental Organizations
Ladopharma Medical Center,Migori,Level 2,Private Practice - General Practitioner
Agakhan Medical Centre,Nakuru,Level 2,Private Practice - General Practitioner
Port Florence Community Hospital Mbita,Homa Bay,Level 2,Non-Governmental Organizations
St Pauls Ndumbuli Community Health Centre,Machakos,Level 2,Kenya Episcopal Conference-Catholic Secretariat
Kamasielo Dispensary,Bungoma,Level 2,Ministry of Health
Kakong Dispensary,Turkana,Level 2,Ministry of Health
Everest Health Care(Mwingi Central),Kitui,Level 2,Private Practice - Clinical Officer
Kamuge Dispensary,Turkana,Level 2,Ministry of Health
Greenview Medical Clinic,Nakuru,Level 2,Private Practice - Nurse / Midwifery
Ngiluni Dispensary (Kaiti),Makueni,Level 2,Ministry of Health
Kwakalui dispensary,Makueni,Level 2,Ministry of Health
Amalya Medical Centre,Kiambu,Level 2,Private Practice - Clinical Officer
Kerwa Catholic Health Centre,Kiambu,Level 2,Kenya Episcopal Conference-Catholic Secretariat
Ideal Medical Clinic,Kiambu,Level 2,Private Practice - General Practitioner
Complete Care Health Services,Kiambu,Level 2,Private Practice - General Practitioner
Onyuongo Dispensary,Kisumu,Level 2,Ministry of Health
Mitini Miracle Revival Church Clinic,Makueni,Level 2,Other Faith Based
Aga Khan University Hospital Kiambu Clinic,Kiambu,Level 2,Private Practice - General Practitioner
Embu Univesity College Health Unit,Embu,Level 2,Public Institution
University of Nairobi Marps Project Mwingi,Kitui,Level 2,State Coorporation
Mwaki Healthcare,Kiambu,Level 2,Private Practice - Clinical Officer
Metropolitan Medical Clinic - Kehancha,Migori,Level 2,Private Practice - Clinical Officer
Mbaka Oromo Dispensary,Kisumu,Level 2,Ministry of Health
Ntunyigi Medical Clinic,Migori,Level 2,Private Practice - Clinical Officer
Kwakalusya Dispensary,Machakos,Level 2,Ministry of Health
Kyanganda Dispensary,Makueni,Level 2,Ministry of Health
Debomart Med Clinic,Nairobi,Level 2,Private Practice - General Practitioner
Shianda Dispensary,Kakamega,Level 2,Ministry of Health
Kurum Dispensary,Laikipia,Level 2,Ministry of Health
Dagoretti Community Dispesary,Nairobi,Level 2,Non-Governmental Organizations
Buyemi Dispensary,Siaya,Level 2,Ministry of Health
Umoja III Medical Centre(Njiru),Nairobi,Level 2,Private Practice - Clinical Officer
Sango Kabuyefwe Dispensary,Bungoma,Level 2,Ministry of Health
Kaalem Dispensary,Turkana,Level 2,Ministry of Health
Kathome Dispensary (Kangundo),Machakos,Level 2,Ministry of Health
Ngelechom Community Dispensary,Busia,Level 2,Ministry of Health
Ebenezer Health Care Dispensary,Kakamega,Level 2,Private Practice - Nurse / Midwifery
Havillan Medical Center,Kajiado,Level 2,Private Practice - Nurse / Midwifery
Aga Khan Medical Centre Kericho,Kericho,Level 2,Private Practice - General Practitioner
Ndere Community Dispensary,Homa Bay,Level 2,Ministry of Health
Nyangajo Dispensary,Homa Bay,Level 2,Ministry of Health
Esikulu Dispensary,Busia,Level 2,Ministry of Health
Among'ura Community Dispensary,Busia,Level 2,Ministry of Health
Kangri Dispensary,Homa Bay,Level 2,Ministry of Health
Ngeta Dispensary,Homa Bay,Level 2,Ministry of Health
Pesi Medical Centre,Busia,Level 3,Private Practice - Medical Specialist
Trinity Mission Hospital,Uasin Gishu,Level 4,Kenya Episcopal Conference-Catholic Secretariat
Proact Healthservices,Nairobi,Level 2,Private Practice - Nurse / Midwifery
Sikhendu Disp,Trans Nzoia,Level 2,Ministry of Health
Ilbrah Counseling Centre,Uasin Gishu,Level 2,Private Practice - General Practitioner
Chebukwabi Dispensary,Bungoma,Level 2,Ministry of Health
IOM International Organization for migration(girigiri),Nairobi,Level 2,Non-Governmental Organizations
Vigarace Health services,Kajiado,Level 2,Private Practice - General Practitioner
Lunakwe Dispensary,Bungoma,Level 2,Ministry of Health
Kianjokoma  Muungano SHG Community Dispensary,Embu,Level 2,Private Practice - General Practitioner
Copeman Health Care Centre,Nakuru,Level 2,Private Practice - Clinical Officer
Neema Highway Medical Home,Kericho,Level 2,Private Practice - General Practitioner
KEMRI/CDC Health Services,Nairobi,Level 2,Non-Governmental Organizations
IDEWES,Nairobi,Level 2,Non-Governmental Organizations
"Devlink Africa VCT, Mbita",Homa Bay,Level 2,Non-Governmental Organizations
AAR Mountain mall,Nairobi,Level 2,Private Practice - Nurse / Midwifery
AMEC Laboratories,Nakuru,Level 2,Private Enterprise (Institution)
Psyco Africa Consultancy,Nakuru,Level 2,Private Practice - General Practitioner
Kochola Dispensary,Migori,Level 2,Ministry of Health
Nyamokenye Health Centre(Sameta),Kisii,Level 3,Ministry of Health
Goldenlife Medical Centre Naivasha,Laikipia,Level 3,Private Practice - General Practitioner
Thwake Community Dispensary,Makueni,Level 2,Other Faith Based
Youth Empowerment Center Ngong,Kajiado,Level 2,Non-Governmental Organizations
Avenue Hospital Kisumu,Kisumu,Level 4,Private Enterprise (Institution)
Jilango Dispensary,Garissa,Level 2,Ministry of Health
Mango Tree VCT,Homa Bay,Level 2,Private Enterprise (Institution)
Syokimau Medical Centre,Machakos,Level 2,Private Practice - Clinical Officer
St John Medical Clinic,Machakos,Level 2,Private Practice - Clinical Officer
Amurt Health care Centre (Malindi),Kilifi,Level 2,Non-Governmental Organizations
Family Medical Clinic,Nakuru,Level 2,Private Practice - Nurse / Midwifery
Mosocho Market Disp,Kisii,Level 2,Ministry of Health
Kioge Dispensary,Kisii,Level 2,Ministry of Health
Bouti Dispensary,Kisii,Level 2,Ministry of Health
Ndumbi Dispensary,Makueni,Level 2,Ministry of Health
Utuneni Dispensary,Makueni,Level 2,Ministry of Health
Ewang'ane Suswa,Narok,Level 2,Ministry of Health
Kinyambu Kwitu Medical Clinic,Makueni,Level 2,Private Practice - Clinical Officer
Dr Maina Ruga Medical Clinic,Nairobi,Level 2,Private Practice - General Practitioner
Dr Paul Ondiege Clinic,Nairobi,Level 2,Private Practice - General Practitioner
Meridian Medical centre(Nation Centre Bldg ),Nairobi,Level 2,Private Practice - General Practitioner
The Savannah Health Services Ltd,Nairobi,Level 2,Private Practice - General Practitioner
Gethsemane Garden Mission Hospital,Homa Bay,Level 2,Non-Governmental Organizations
Wananchi Medical Clinic (Nyambari),Kiambu,Level 2,Non-Governmental Organizations
Wekoye Medical Clinic,Vihiga,Level 2,Private Practice - Nurse / Midwifery
Inuka Nursing Home,Siaya,Level 3,Private Enterprise (Institution)
MYSA VCT,Nairobi,Level 2,Non-Governmental Organizations
Kipawa Medical Centre,Nairobi,Level 2,Private Practice - Nurse / Midwifery
Kuira District Disability Network Kuria - Isebania HTC Center,Migori,Level 2,Non-Governmental Organizations
Hekima HTC Center,Migori,Level 2,Non-Governmental Organizations
Itetani Dispensary,Makueni,Level 2,Ministry of Health
Marist International University College Medical Clinic,Nairobi,Level 2,Kenya Episcopal Conference-Catholic Secretariat
Yunasi,Embu,Level 2,Private Practice - General Practitioner
Dr Barnados House clinic,Nairobi,Level 2,Kenya Episcopal Conference-Catholic Secretariat
Kanyerus Dispensary,West Pokot,Level 2,Ministry of Health
Kiwawa GOK Dispensary,West Pokot,Level 2,Ministry of Health
Wananchi Clinic Githunguri- Kiambu,Kiambu,Level 2,Private Practice - Nurse / Midwifery
Kasarani VCT,Nakuru,Level 2,Public Institution
St Anselmo Medical Clinic,Nairobi,Level 2,Private Practice - General Practitioner
Community Action for Rural Developement  VCT,Homa Bay,Level 2,Non-Governmental Organizations
Farmers choice wellness centre clinic,Nairobi,Level 2,Private Practice - General Practitioner
Manyatta Clinic,Kakamega,Level 2,Private Practice - Nurse / Midwifery
Lorugum Medical Services Ltd,Turkana,Level 2,Private Practice - General Practitioner
Nyasoko Dispensary,Migori,Level 2,Ministry of Health
Thimjope Dispensary,Migori,Level 2,Ministry of Health
Melchizedek Hospital Karen,Nairobi,Level 2,Private Enterprise (Institution)
AIC Mununga Dispensary,Murang'A,Level 2,Christian Health Association of Kenya
Kabati Medicare Health Services Nursing Home,Kitui,Level 2,Private Practice - Clinical Officer
Osewre Dispensary,Kisumu,Level 2,Ministry of Health
Quebee Health Care,Nakuru,Level 2,Private Practice - Nurse / Midwifery
Post Bank Staff Clinic,Nairobi,Level 2,Private Practice - General Practitioner
Mowlem Diagnostic Medical Centre,Tharaka-Nithi,Level 2,Private Practice - Nurse / Midwifery
Jeffrey Medical & Diagnostic Centre,Nairobi,Level 2,Private Practice - General Practitioner
Hoymas VCT (Nairobi),Nairobi,Level 2,Non-Governmental Organizations
Nairobi Women's Hospital,Nakuru,Level 4,Private Practice - General Practitioner
Cheboin Dispensary,Uasin Gishu,Level 2,Ministry of Health
Drop In Service Centre,Mombasa,Level 2,Non-Governmental Organizations
Talau Dispensary,West Pokot,Level 2,Ministry of Health
Sagam Hospital,Narok,Level 3,Private Practice - General Practitioner
Murkwijit Dispensary,West Pokot,Level 2,Ministry of Health
Meru Kmtc Student/Staff Clinic,Meru,Level 2,Ministry of Health
Shujaa Satellite Clinic,West Pokot,Level 2,Non-Governmental Organizations
Msf- Green House Clinic,Nairobi,Level 3,Non-Governmental Organizations
Natunyi Dispensary,Kakamega,Level 2,Ministry of Health
Kisembe Dispensary,Kakamega,Level 2,Ministry of Health
Butingo Dispensary,Kakamega,Level 2,Ministry of Health
Musavani Dispensary,Kitui,Level 2,Ministry of Health
Sisokhe Dispensary,Kakamega,Level 2,Ministry of Health
Emukaba Dispensary,Kakamega,Level 2,Ministry of Health
Nyayiera Dispensary,Siaya,Level 2,Ministry of Health
St Mathews Kandaria Dispensary,Siaya,Level 2,Ministry of Health
Fofcom VCT,Kiambu,Level 2,Non-Governmental Organizations
Mesedith Medical Clinic,Kiambu,Level 2,Private Practice - Nurse / Midwifery
Aina Onlus,Meru,Level 2,Non-Governmental Organizations
Sindo Drop In Centre,Homa Bay,Level 2,Non-Governmental Organizations
Shalom Medical Clinic,Kisumu,Level 2,Private Practice - Nurse / Midwifery
Westgates Medical Centre,Meru,Level 2,Private Practice - Clinical Officer
Kitere Minhaj Dispensary,Tana River,Level 2,Ministry of Health
Otieno Owala Dispensary,Kisumu,Level 2,Ministry of Health
Aphia Plus Marps Dic Nanyuki,Laikipia,Level 2,Non-Governmental Organizations
Kithito Medical Centre,Kitui,Level 2,Private Practice - Nurse / Midwifery
St Akidiva Mindira Hospital - Mabera,Migori,Level 3,Private Enterprise (Institution)
Imc Tekeleza Dice - Isebania,Migori,Level 2,Non-Governmental Organizations
Milele Integrated Medical Services,Nairobi,Level 2,Private Practice - General Practitioner
Wilwinns Nursing Home,Bungoma,Level 2,Private Enterprise (Institution)
Careplus Medical Services,Kisumu,Level 2,Private Practice - General Practitioner
Mwangaza Tana Medical Clinic,Tana River,Level 2,Private Practice - Nurse / Midwifery
Bygrace Medical Clinic,Kiambu,Level 2,Private Practice - Nurse / Midwifery
Mama Clinic,Migori,Level 3,Private Practice - General Practitioner
Kiptoim Dispensary,Baringo,Level 2,Ministry of Health
Emsos Dispensary,Baringo,Level 2,Ministry of Health
Kimose Dispenary,Baringo,Level 2,Ministry of Health
Rosoga Dispensary,Baringo,Level 2,Ministry of Health
Kabogor Dispensary,Baringo,Level 2,Ministry of Health
Kimngorom Dispensary,Baringo,Level 2,Ministry of Health
Mogotio Town Dispensary,Baringo,Level 2,Ministry of Health
Tian Dispensary,Baringo,Level 2,Ministry of Health
Kingorani Community Clinic,Mombasa,Level 2,Private Practice - General Practitioner
Maili Saba Dispensary,Trans Nzoia,Level 2,Ministry of Health
Lolupe Dispensary,Turkana,Level 2,Ministry of Health
Wema Private Clinic,Tana River,Level 2,Private Practice - Nurse / Midwifery
Kenyoro Dispensary,Kisii,Level 2,Ministry of Health
Slum Medical Clinic,Nairobi,Level 2,Private Practice - Nurse / Midwifery
Kathathani Medical Clinic,Tharaka-Nithi,Level 2,Private Practice - Nurse / Midwifery
Isumba Dispensary,Kakamega,Level 2,Ministry of Health
Racecourse Hospital,Uasin Gishu,Level 4,Private Enterprise (Institution)
Child & Family Wellness Clinic,Kiambu,Level 2,Other Faith Based
Egetuki GOK Dispensary,Kisii,Level 2,Ministry of Health
Acacia Clinic (Kilimani),Nairobi,Level 2,Private Practice - General Practitioner
Ilatu Dispensary (Makindu),Makueni,Level 2,Ministry of Health
Pentapharm Limited,Nairobi,Level 2,Private Practice - General Practitioner
Central Bank Staff Clinic,Nairobi,Level 2,State Coorporation
Springs of Patmos Health Services,Kiambu,Level 2,Kenya Episcopal Conference-Catholic Secretariat
Ekialo Kiano VCT,Homa Bay,Level 2,Non-Governmental Organizations
Hamsadam Medical Clinic,Machakos,Level 2,Private Practice - Clinical Officer
Jehovah Shalom Medical Clinic Lodwar,Turkana,Level 2,Private Practice - Nurse / Midwifery
Githima Dispensary,Kiambu,Level 2,Ministry of Health
Kimathi Dispensary,Kiambu,Level 2,Ministry of Health
Afya Bora Clinic Karia,Kiambu,Level 2,Private Practice - Nurse / Midwifery
Gathangari Dispensary,Kiambu,Level 2,Ministry of Health
Mbari Ya Igi Dispensary,Kiambu,Level 2,Ministry of Health
Holy Family Mission Hospital Githunguri,Kiambu,Level 4,Kenya Episcopal Conference-Catholic Secretariat
Bora Imani Medical Clinic,Tana River,Level 2,Private Practice - Nurse / Midwifery
Sakali Dispensary,Kakamega,Level 2,Private Practice - Nurse / Midwifery
Menelik Chest Clinic,Nairobi,Level 2,Private Practice - General Practitioner
AAR Gwh Health Care Ltd,Nairobi,Level 2,Private Enterprise (Institution)
Sister Medical Clinic,Nakuru,Level 2,Private Practice - Clinical Officer
Royal Medical Clinic,Nakuru,Level 2,Private Practice - Nurse / Midwifery
Heri Tana Medical Clinic,Tana River,Level 3,Private Practice - Clinical Officer
Gamba Medical Clinic,Tana River,Level 2,Non-Governmental Organizations
Linda Maternity,Tana River,Level 2,Private Practice - Nurse / Midwifery
Joy Medical Clinic Chuka,Tharaka-Nithi,Level 2,Private Practice - General Practitioner
Letuaih VCT,Kajiado,Level 2,Non-Governmental Organizations
Misikhu Main Medical Clinic,Bungoma,Level 2,Private Practice - Clinical Officer
United States International University VCT,Nairobi,Level 2,Ministry of Health
Wima Medical Clinic (Samburu East),Samburu,Level 2,Private Enterprise (Institution)
Ndonyo Nasipa Dispensary,Samburu,Level 2,Ministry of Health
Kiltamany Dispensary,Samburu,Level 2,Ministry of Health
Nkaroni Dispensary,Samburu,Level 2,Ministry of Health
Super Drug Nursing Home,Mandera,Level 3,Private Practice - Nurse / Midwifery
Rotu Dispensary,Baringo,Level 2,Christian Health Association of Kenya
CFW Kiamugumo Glory,Kirinyaga,Level 2,Non-Governmental Organizations
Kagio Nursing Home (Kerugoya),Kirinyaga,Level 2,Private Practice - Nurse / Midwifery
Mutwangombe Dispensary,Kitui,Level 2,Ministry of Health
Imc Tekeleza Dice Clinic Muhuru,Migori,Level 2,Non-Governmental Organizations
Imc Tekeleza Dice Clinic Karungu,Migori,Level 2,Non-Governmental Organizations
Got Kachola Dispensary,Migori,Level 2,Ministry of Health
Global Providers International Clinic,Kisumu,Level 2,Non-Governmental Organizations
Kwamaiko Health Clinic,Kiambu,Level 2,Private Practice - Nurse / Midwifery
Kakuku Dispensary,Machakos,Level 2,Ministry of Health
Ndelekeni Dispensary,Machakos,Level 2,Ministry of Health
Bethsaida Catholic Dispensary,Kiambu,Level 2,Kenya Episcopal Conference-Catholic Secretariat
Medlink Medical Clinic,Kiambu,Level 2,Private Practice - Clinical Officer
Catmag Medical Centre,Kiambu,Level 2,Private Practice - General Practitioner
Kiobegi Dispensary (Nyamache),Kisii,Level 2,Ministry of Health
Gionsaria Health Centre (Nyamache),Kisii,Level 3,Ministry of Health
Lea Toto Kawangware,Nairobi,Level 2,Non-Governmental Organizations
Good Samaritan Medical Centre,Kiambu,Level 2,Private Practice - Clinical Officer
Matercare Maternity Hospital,Meru,Level 4,Kenya Episcopal Conference-Catholic Secretariat
Victory &Hope Medical Clinic Services,Machakos,Level 3,Ministry of Health
Ololulunga VCT,Narok,Level 2,Other Faith Based
Wikondiek Dispensary,Homa Bay,Level 2,Ministry of Health
Harmony Medical Clinic,Siaya,Level 2,Private Practice - Nurse / Midwifery
Gogo Disp,Siaya,Level 2,Ministry of Health
Positive Partner Network VCT,Nairobi,Level 2,Non-Governmental Organizations
Ikomero Health Centre,Kakamega,Level 3,Ministry of Health
Eshiabwali Health Centre,Kakamega,Level 3,Ministry of Health
Abundant Life Clinic,Kisumu,Level 2,Private Enterprise (Institution)
Green Cross Medical Clinic,Nairobi,Level 2,Private Practice - Clinical Officer
Riakithiga Dispensary,Kirinyaga,Level 2,Ministry of Health
Kinyambu Dispensary,Makueni,Level 2,Ministry of Health
Machinery Health Care Centre,Makueni,Level 2,Private Practice - Clinical Officer
Ivingoni Dispensary (Kibwezi),Makueni,Level 2,Ministry of Health
Hope World Wide (Makindu),Makueni,Level 2,Non-Governmental Organizations
World Provision Wellness Centre,Makueni,Level 2,Ministry of Health
Katulye Dispensary (Kibwezi),Makueni,Level 2,Ministry of Health
Nasira Dispensary,Busia,Level 2,Ministry of Health
Ainamoi Dispensary,Nakuru,Level 2,Ministry of Health
Kapket Dispensary,Narok,Level 2,Ministry of Health
Kipkonyo Dispensary,Nakuru,Level 2,Ministry of Health
Hope worldwide Kenya-MARPS,Tharaka-Nithi,Level 2,Non-Governmental Organizations
Mutelai Dispensary,Meru,Level 2,Ministry of Health
Alpha Medical Agency,Vihiga,Level 2,Private Practice - General Practitioner
Marps Clinic (Meru),Meru,Level 2,Public Institution
Police Central Workshop Dispensary,Kajiado,Level 2,Armed Forces
Hillday Medical Clinic,Nyandarua,Level 2,Private Practice - Nurse / Midwifery
Highway Medical Clinic Iten,Elegeyo-Marakwet,Level 2,Private Practice - Nurse / Midwifery
Port Florence Community Hospital Homa Bay Clinic,Homa Bay,Level 2,Non-Governmental Organizations
Best Healthlife Clinic,Uasin Gishu,Level 2,Private Enterprise (Institution)
Kapteldet,Uasin Gishu,Level 2,Ministry of Health
Kisumu Police Lines Dispensary,Kisumu,Level 2,Ministry of Health
Nduga Dispensary,Homa Bay,Level 2,Ministry of Health
Nyambare Dispensary,Homa Bay,Level 2,Ministry of Health
Obuya Dispensary,Homa Bay,Level 2,Ministry of Health
Nyawita Dispensary,Homa Bay,Level 2,Ministry of Health
Nyawawa Dispensary,Homa Bay,Level 2,Ministry of Health
Gazi Bay Medical Clinic,Kwale,Level 2,Private Practice - Clinical Officer
Koduogo Dispensary,Homa Bay,Level 2,Ministry of Health
Nyarut Health Centre,Homa Bay,Level 3,Ministry of Health
Pala Masogo Health Centre,Homa Bay,Level 3,Ministry of Health
Makongeni Health Centre,Homa Bay,Level 3,Ministry of Health
Mt Elgon Annex Clinics -Dr Manuthu,Trans Nzoia,Level 2,Private Practice - General Practitioner
Wema Laboratory,Nyeri,Level 2,Private Enterprise (Institution)
Supreme Medical Clinic,Nyeri,Level 2,Private Enterprise (Institution)
Dr F Kanyingi Medical Clinic,Nyeri,Level 2,Private Practice - General Practitioner
Lakipia Laboratory,Nyeri,Level 2,Private Practice - General Practitioner
Cheboet Dispensary,Bomet,Level 2,Ministry of Health
Muiywek Dispensary,Bomet,Level 2,Ministry of Health
County Medical Health Clinic (Wanguru),Kirinyaga,Level 2,Private Practice - Nurse / Midwifery
CFW Mwea Clinic,Kirinyaga,Level 2,Non-Governmental Organizations
Kibomet Medical Clinic,Trans Nzoia,Level 2,Private Practice - Clinical Officer
Chemichemi Medical Clinic (Nyandarua),Nyandarua,Level 2,Private Practice - Nurse / Midwifery
Elite Clinic,Nyandarua,Level 2,Private Practice - Nurse / Midwifery
Front Line Medical Clinic,Kirinyaga,Level 2,Private Practice - Nurse / Midwifery
St Anne CFW Clinic,Nyeri,Level 2,Non-Governmental Organizations
Medical Plaza Clinic Banana,Kiambu,Level 2,Private Practice - Clinical Officer
Ndenderu Medical Services,Kiambu,Level 2,Private Practice - Clinical Officer
Kikinga Medical Clinic,Kiambu,Level 2,Private Practice - Nurse / Midwifery
Muchatha Medical Clinic,Kiambu,Level 2,Private Practice - Nurse / Midwifery
Ngurubani Medical Services,Kirinyaga,Level 2,Private Practice - Nurse / Midwifery
St Francis Health Clinic,Kiambu,Level 2,Private Practice - Clinical Officer
Humanity Medical Clinic (Kir South),Kirinyaga,Level 2,Private Practice - Nurse / Midwifery
Elephant Dental Clinic-Kerugoya,Kirinyaga,Level 2,Private Practice - Medical Specialist
Medkam Pharmacy,Kirinyaga,Level 2,Private Practice - General Practitioner
Jamii Medical Clinic (Kirinyaga North),Kirinyaga,Level 2,Private Practice - Nurse / Midwifery
Jamii Medical Clinic (KARUMANDI),Kirinyaga,Level 2,Private Practice - Nurse / Midwifery
Airborne No Twist Huduma Bora Clinic,Kirinyaga,Level 2,Private Practice - Nurse / Midwifery
Lex Medical Clinic,Kirinyaga,Level 2,Private Practice - Nurse / Midwifery
Agro Chemical Dispensary,Nandi,Level 2,Private Enterprise (Institution)
Joskar CFW Clinic (Kibingiti),Kirinyaga,Level 2,Private Practice - General Practitioner
Olifras Medical Clinic,Kirinyaga,Level 2,Private Practice - Nurse / Midwifery
Vision Medical Clinic (Kerugoya),Kirinyaga,Level 2,Private Practice - Nurse / Midwifery
Dr Ndambuki Clinic,Kirinyaga,Level 2,Private Practice - General Practitioner
Imani Medical Clinic (Nyandarua),Nyandarua,Level 2,Private Practice - Nurse / Midwifery
Fly Over Health Clinic,Nyandarua,Level 2,Private Practice - Nurse / Midwifery
Fly Over Medical Clinic,Nyandarua,Level 2,Private Practice - Nurse / Midwifery
Remedy Laboratory Services,Nyeri,Level 2,Private Enterprise (Institution)
Githabai Medical Clinic,Nyandarua,Level 2,Private Practice - Nurse / Midwifery
Mwenda andu Medical Clinic,Nyandarua,Level 2,Private Practice - Nurse / Midwifery
Afya Medical Clinic (Gwakungu),Nyandarua,Level 2,Private Practice - Nurse / Midwifery
Haraka Medical Clinic,Nyandarua,Level 2,Private Practice - Nurse / Midwifery
Igwamiti Medical Clinic,Nyandarua,Level 2,Private Practice - Nurse / Midwifery
Dr L N Wagana Clinic,Nyeri,Level 2,Private Practice - General Practitioner
Utugi (Olk) Medical Clinic,Nyandarua,Level 2,Private Practice - Clinical Officer
Thuti Medical Clinic,Nyeri,Level 2,Private Practice - Nurse / Midwifery
Afya Bora Health Clinic,Nyandarua,Level 2,Private Practice - Nurse / Midwifery
Modern Medical Clinic,Nyandarua,Level 2,Private Practice - Clinical Officer
Kipipiri Medical Centre,Nyandarua,Level 2,Private Practice - Nurse / Midwifery
Miharate Medical Clinic,Nyandarua,Level 2,Private Practice - Clinical Officer
Wananchi Medical Clinic (Nyandarua),Nyandarua,Level 2,Private Practice - Nurse / Midwifery
High Way Medical Clinic,Nyandarua,Level 2,Private Practice - Clinical Officer
Jamii Medical Clinic (North Kinangop),Nyandarua,Level 2,Private Practice - Nurse / Midwifery
Optica Clinic Nyeri,Nyeri,Level 2,Private Enterprise (Institution)
Nyeri Primary School Dispensary,Nyeri,Level 2,Academic
Dr Il Muturi Clinic,Nyeri,Level 2,Private Practice - General Practitioner
Mountain Healthcare services,Nyeri,Level 2,Private Practice - Clinical Officer
Dr Thuo Clinic,Nyeri,Level 2,Private Practice - General Practitioner
Tabby Plaza ENT & Orthopaedic Clinic,Nyeri,Level 2,Private Practice - Clinical Officer
Kagumo Boys High School Clinic,Nyeri,Level 2,Academic
Kamwenja Teachers Training College,Nyeri,Level 2,Academic
Neno Optical,Nyeri,Level 2,Private Practice - General Practitioner
Kagumo Teachers College Dispensary,Nyeri,Level 2,Academic
Kangubiri Girls High School Clinic,Nyeri,Level 2,Academic
Kirimara Optical,Nyeri,Level 2,Private Enterprise (Institution)
Karundu Medical Clinic,Nyeri,Level 2,Private Enterprise (Institution)
Nyeri Good Shepherd Primary Clinic,Nyeri,Level 2,Private Enterprise (Institution)
Nyeri High School Dispensary,Nyeri,Level 2,Academic
Mt Kenya Junior Academy,Nyeri,Level 2,Private Enterprise (Institution)
Afya Yako Medical Clinic,Nyeri,Level 2,Private Practice - Clinical Officer
Nyeri Technical Dispensary,Nyeri,Level 2,Academic
Arara ENT Clinic,Trans Nzoia,Level 2,Private Practice - Clinical Officer
Cherangany Nursing Home Outpatient Clinic,Trans Nzoia,Level 2,Private Enterprise (Institution)
Ninami Medical Clinic,Trans Nzoia,Level 2,Private Practice - Clinical Officer
Vision Dental Clinic,Trans Nzoia,Level 2,Ministry of Health
Sarara Chemistry,Trans Nzoia,Level 2,Private Practice - General Practitioner
Bwayi Dispensary,Trans Nzoia,Level 2,Ministry of Health
Harrison Mudoga Mc,Trans Nzoia,Level 2,Private Practice - Nurse / Midwifery
Jimron Medical Clinic,Trans Nzoia,Level 2,Private Practice - Clinical Officer
Keiyo Dispensary,Trans Nzoia,Level 2,Ministry of Health
Muungano Dispensary,Trans Nzoia,Level 2,Ministry of Health
Norident Dental Clinic Kitale,Trans Nzoia,Level 2,Private Practice - Clinical Officer
Mabariri Medical Clinic (Nyamira North),Nyamira,Level 2,Private Practice - Nurse / Midwifery
Mt Elgon Annex Clinics,Trans Nzoia,Level 2,Private Practice - General Practitioner
St John's Clinic,Trans Nzoia,Level 2,Private Practice - General Practitioner
Sunview Maternity & Nursing Home,Kiambu,Level 3,Private Practice - Clinical Officer
Olesere Dispensary,Narok,Level 2,Ministry of Health
Wundanyi GK Prisons,Taita Taveta,Level 2,Public Institution
Santa Lucia Medical Clinic,Kirinyaga,Level 2,Private Practice - Nurse / Midwifery
Murarandia Medical Clinic,Murang'A,Level 2,Private Practice - Clinical Officer
Rau Dispensary,Murang'A,Level 2,Ministry of Health
Endarasha Medical Clinic,Nyeri,Level 2,Private Practice - Clinical Officer
St John Afya Bora Medical Clinic,Murang'A,Level 2,Private Practice - Nurse / Midwifery
Kamacharia Dispensary,Murang'A,Level 2,Ministry of Health
Escutar Health Partners Medical Clinic,Machakos,Level 2,Private Practice - Nurse / Midwifery
Ilparakuo Dispensary,Kajiado,Level 2,Ministry of Health
Marura Nursing Home Kiambu Medical Clinic,Kiambu,Level 3,Private Practice - Clinical Officer
Swop Kawangware,Nairobi,Level 2,Non-Governmental Organizations
Garden Park Medical Centre,Kiambu,Level 2,Private Practice - General Practitioner
Destiny Medical Clinic (Kinoro-Imenti South),Meru,Level 2,Private Practice - Nurse / Midwifery
St Ann Medical Clinic,Nakuru,Level 2,Private Practice - Nurse / Midwifery
Karen Hospital (Karatina),Nyeri,Level 2,Private Practice - Nurse / Midwifery
Siloam Medical Clinic (Kieni East),Nyeri,Level 2,Private Practice - General Practitioner
Universal Medical Clinic (Nyeri North),Nyeri,Level 2,Private Practice - Nurse / Midwifery
Bevans Medical Clinic,Nyeri,Level 2,Private Practice - General Practitioner
Elite Medical Clinic (Mathira West),Nyeri,Level 2,Private Practice - Nurse / Midwifery
Karatina University Dispensary,Nyeri,Level 2,Non-Governmental Organizations
Sarova Hotels,Taita Taveta,Level 2,Private Practice - Nurse / Midwifery
Dap Health Clinic,Nairobi,Level 2,Private Practice - Medical Specialist
Batian Clinical Services,Kajiado,Level 2,Private Practice - Clinical Officer
PCEA Pipeline Clinic,Nairobi,Level 2,Christian Health Association of Kenya
Meridian Medical Centre Kitengela,Kajiado,Level 2,Private Practice - General Practitioner
Wanainchi Medical Clinic,Trans Nzoia,Level 2,Private Practice - Clinical Officer
Dr Karuu Mc,Trans Nzoia,Level 2,Private Practice - General Practitioner
Causqurow Medical Clinic,Garissa,Level 2,Private Practice - Clinical Officer
Laini Moja Mc & Lab,Trans Nzoia,Level 2,Private Practice - General Practitioner
Dr James Murgor Mc,Trans Nzoia,Level 2,Private Practice - General Practitioner
Jawabu Modern Med Lab,Trans Nzoia,Level 2,Private Practice - General Practitioner
Crescent-Davina Med Clinic,Trans Nzoia,Level 2,Private Practice - General Practitioner
Kitale Sch Sanatorium,Trans Nzoia,Level 2,Public Institution
Ilkilorit Dispeensary,Kajiado,Level 2,Ministry of Health
Dr Akoto Mc,Trans Nzoia,Level 2,Private Practice - General Practitioner
St Jude Theddeus Mc,Trans Nzoia,Level 2,Private Practice - Clinical Officer
Marambach Mc,Trans Nzoia,Level 2,Private Practice - Nurse / Midwifery
Kitale Eye Care Clinic,Trans Nzoia,Level 2,Private Practice - Clinical Officer
Jesus Heals Mc,Trans Nzoia,Level 3,Private Practice - Nurse / Midwifery
Viebe MC,Trans Nzoia,Level 2,Private Practice - Clinical Officer
Dr Kiptum Medical Clinic,Trans Nzoia,Level 2,Private Practice - General Practitioner
Karai Medical Clinic,Nyandarua,Level 2,Private Practice - Nurse / Midwifery
Kaloleni Medical Clinic,Trans Nzoia,Level 2,Private Practice - Nurse / Midwifery
Afya Bora Mc,Trans Nzoia,Level 2,Private Practice - Nurse / Midwifery
Dr Khisa Mc,Trans Nzoia,Level 2,Private Practice - General Practitioner
Ngurumo Medical Clinic,Nyandarua,Level 2,Private Practice - Nurse / Midwifery
St Mark Medical Clinic,Kiambu,Level 2,Private Practice - General Practitioner
Amazing Grace M C,Nyandarua,Level 2,Ministry of Health
Alms House Dispensary (Tudor),Mombasa,Level 2,Ministry of Health
Tyaa Medical Clinic,Kitui,Level 2,Private Practice - General Practitioner
ACK Mwingi CHBC Clinic,Kitui,Level 2,Christian Health Association of Kenya
Mugi Medical Clinic,Nyeri,Level 2,Private Practice - Nurse / Midwifery
Tumaini Baraka Medical Clinic,Nyeri,Level 2,Private Practice - Nurse / Midwifery
Afya Medicare Clinic,Nyeri,Level 2,Private Practice - Nurse / Midwifery
Kims Medical Clinic,Nyeri,Level 2,Private Practice - Nurse / Midwifery
Orwa Clinic,West Pokot,Level 2,Private Practice - Nurse / Midwifery
Siloam Medical Clinic ( Pokot Central),West Pokot,Level 2,Private Practice - Nurse / Midwifery
Mid-Point Health Services,Nairobi,Level 2,Private Practice - General Practitioner
Express Medical Clinic,Nyeri,Level 2,Private Practice - Clinical Officer
Viva Afya Medical Clinic,Nyeri,Level 2,Private Practice - Unspecified
Al-Firdaus Health Care,Mombasa,Level 2,Private Practice - General Practitioner
Kisiwani VCT,Mombasa,Level 2,Other Faith Based
Nzukini Dispensary,Machakos,Level 2,Ministry of Health
Kinmed Medical Clinic (Dandora),Nairobi,Level 2,Private Practice - General Practitioner
Terminus Medical Clinic (Dandora),Nairobi,Level 2,Private Practice - General Practitioner
Malaika Health Centre,Kakamega,Level 3,Ministry of Health
Afya Medical Clinic (Dandora),Nairobi,Level 2,Private Practice - General Practitioner
Dandora Medical and Laboratory Services (Kojwang),Nairobi,Level 2,Private Practice - General Practitioner
Recovery Medical Clinic (Kariobangi South),Nairobi,Level 2,Private Practice - General Practitioner
Sam Medical Clinic,Nyandarua,Level 2,Private Practice - Nurse / Midwifery
Toric's Nursing Home,Homa Bay,Level 3,Private Practice - Nurse / Midwifery
Mrima CDF Health Cenre,Mombasa,Level 3,Ministry of Health
Heri Medical Cilinic Bombolulu,Mombasa,Level 2,Private Practice - Clinical Officer
Badri Medical Clinic,Mombasa,Level 2,Private Practice - Unspecified
St Judes Nursing Hospital,Kiambu,Level 4,Private Practice - Medical Specialist
Bibirioni Health Centre,Kiambu,Level 3,Christian Health Association of Kenya
Kenya Long Distance Truck Drivers Union VCT,Kilifi,Level 2,Non-Governmental Organizations
Mary Help Mission Medical Centre,Kiambu,Level 2,Private Practice - Clinical Officer
Health Source Medical Centre,Mombasa,Level 2,Private Practice - General Practitioner
Dawa Jema Medical Cl,Kiambu,Level 2,Private Practice - Nurse / Midwifery
Mtaro Estate Dispensary and Family Planning,Kiambu,Level 2,Non-Governmental Organizations
Kipsitet Baptist Dispensary,Kericho,Level 2,Other Faith Based
Kapkara Dispensary,Kericho,Level 2,Ministry of Health
Chiromo Medical Centre,Nairobi,Level 2,Private Enterprise (Institution)
Health Matters Medical Centre,Nairobi,Level 2,Private Practice - General Practitioner
Nairobi Eye Associates,Nairobi,Level 2,Private Practice - Unspecified
Dr Rosaline Thara Dental Clinic,Nairobi,Level 2,Private Practice - Unspecified
Imenti Medical Centre,Nairobi,Level 2,Private Practice - Unspecified
Eyeclinic (Nairobi),Nairobi,Level 2,Private Practice - Unspecified
Dr Stephen Macharia Medical Clinic,Nairobi,Level 2,Private Practice - General Practitioner
Dr Ngathia Dental Clinic,Nairobi,Level 2,Private Practice - Unspecified
Dr Kishor J D Medical Centre,Nairobi,Level 2,Private Practice - General Practitioner
Hazina Medical Clinic,Nairobi,Level 2,Private Practice - General Practitioner
Dr Eliud Njuguna (Parklands),Nairobi,Level 2,Private Practice - General Practitioner
Dr David Chew Clinic,Nairobi,Level 2,Private Practice - General Practitioner
Dr Henry Abwao,Nairobi,Level 2,Private Practice - General Practitioner
Abraham Memorial Nursing Home (Westlands),Nairobi,Level 3,Private Enterprise (Institution)
Artisan Dental Laboratory (Nairobi),Nairobi,Level 2,Private Practice - Unspecified
Dr Ashwin Clinic,Nairobi,Level 2,Private Practice - General Practitioner
Bafana Medical Centre,Nairobi,Level 2,Private Enterprise (Institution)
Tusker House Medical Centre,Nairobi,Level 2,Private Practice - General Practitioner
Tusker Dental Laboratory Services & Laboratory,Nairobi,Level 2,Private Practice - Unspecified
Afya Bora Medical Clinic (Westlands),Nairobi,Level 2,Private Enterprise (Institution)
Meridian Medical Centre (Penson Towers),Nairobi,Level 2,Private Practice - General Practitioner
Jesus Is Alive Dental Clinic (Nairobi),Nairobi,Level 2,Private Practice - Unspecified
Meridian Medical Centre (Kileleshwa),Nairobi,Level 2,Private Practice - General Practitioner
Damic Dental X-Ray Services,Nairobi,Level 2,Private Practice - Unspecified
Rimaal Medical Laboratory,Nairobi,Level 2,Private Practice - Unspecified
The Mater Hospital (Westlands),Nairobi,Level 2,Private Practice - General Practitioner
Maisha Poa Dispensary,Nairobi,Level 2,Private Practice - General Practitioner
Kaka Medical Centre (Race Course Rd),Nairobi,Level 2,Private Practice - General Practitioner
Pharmat Health Care,Nairobi,Level 2,Private Practice - Unspecified
Focus Outreach Medical Mission,Nairobi,Level 2,Private Practice - Clinical Officer
Gitanga Medical Centre,Nairobi,Level 2,Private Enterprise (Institution)
Kangemi Gichagi Dispensary,Nairobi,Level 2,Private Practice - Clinical Officer
Dr Praful M Sanghani,Nairobi,Level 2,Private Practice - General Practitioner
Central Park Clinic,Nairobi,Level 2,Private Practice - General Practitioner
Baraka Medical Cenre,Nairobi,Level 2,Private Practice - General Practitioner
Wide Medical Services,Nairobi,Level 2,Private Practice - General Practitioner
Dr J L Amugugaba Clinic (Nairobi),Nairobi,Level 2,Private Practice - General Practitioner
Aculaser Institute,Nairobi,Level 3,Private Enterprise (Institution)
Medisafe Medical Labaratoty,Nairobi,Level 2,Private Practice - General Practitioner
Afya Bora Health Care,Nairobi,Level 2,Non-Governmental Organizations
Kawangware Health Centre,Nairobi,Level 2,Private Enterprise (Institution)
Mafra Clinic,Nairobi,Level 2,Non-Governmental Organizations
Local Aid Organization,Nairobi,Level 2,Private Enterprise (Institution)
Professional Diagnostic Centre (Nairobi),Nairobi,Level 2,Private Practice - General Practitioner
Child Doctor Kenya,Nairobi,Level 2,Private Enterprise (Institution)
Latema Medical Services (Nairobi),Nairobi,Level 2,Private Practice - General Practitioner
Nyalego Medical Clinic,Nairobi,Level 2,Private Practice - Nurse / Midwifery
Premier Laboratory (Nairobi),Nairobi,Level 2,Private Practice - General Practitioner
Westlands Medical Centre,Nairobi,Level 2,Non-Governmental Organizations
Odeon Medical Centre (Nairobi),Nairobi,Level 2,Private Practice - General Practitioner
Victory Medicare,Nairobi,Level 2,Private Practice - General Practitioner
Jellin Medical Clinic,Nairobi,Level 2,Private Practice - Nurse / Midwifery
Ignane Health Centre,Meru,Level 2,Ministry of Health
Kamili Organization,Nairobi,Level 2,Non-Governmental Organizations
Rafiki Medical Clinic (Westlands),Nairobi,Level 2,Private Practice - General Practitioner
Credible Health Centre,Nairobi,Level 2,Private Practice - General Practitioner
Abby Clinic,Nairobi,Level 2,Private Enterprise (Institution)
Philis Medical Laboratory,Nairobi,Level 2,Private Practice - General Practitioner
Medanta Africare,Nairobi,Level 2,Private Practice - General Practitioner
Lumumba Medical Clinic,Nairobi,Level 2,Private Practice - Clinical Officer
Dr Parmar Medical Clinic (Nairobi),Nairobi,Level 2,Private Practice - General Practitioner
Nile Medical Care,Nairobi,Level 2,Private Practice - Clinical Officer
Millenium Dental Clinic,Nairobi,Level 2,Private Practice - General Practitioner
Nairobi Outreach Services Trust,Nairobi,Level 2,Private Practice - General Practitioner
Upendo Clinic Makadara,Nairobi,Level 2,Private Practice - Nurse / Midwifery
Rinah Health Consultants,Nairobi,Level 2,Private Practice - General Practitioner
Maendereo Medical Clinic,Nairobi,Level 2,Private Practice - Nurse / Midwifery
Hamza Medical Centre,Nairobi,Level 2,Private Practice - Clinical Officer
Iom Wellness Clinic,Nairobi,Level 2,Non-Governmental Organizations
Corner Hse Med Laboratory,Nairobi,Level 2,Private Practice - General Practitioner
Imani Health Servises,Nairobi,Level 3,Private Practice - Nurse / Midwifery
Dr Jemmah & Nyawange Med Clinic,Nairobi,Level 2,Private Practice - General Practitioner
Access Afya,Nairobi,Level 2,Private Practice - General Practitioner
Remer Medical Clinic,Meru,Level 2,Private Practice - Nurse / Midwifery
Orient Medical Care,Nairobi,Level 2,Private Practice - Nurse / Midwifery
Metropolitan Dr Plaza,Nairobi,Level 2,Private Practice - General Practitioner
Avenue Health Care (Makadara),Nairobi,Level 2,Private Practice - General Practitioner
Al-Ramah Healthcare,Garissa,Level 2,Private Practice - Nurse / Midwifery
Garissa Pride Healthcare,Garissa,Level 2,Private Practice - Nurse / Midwifery
Iqlas Medical Clinic,Garissa,Level 2,Private Practice - Clinical Officer
Innercore Medical Clinic,Nairobi,Level 2,Private Practice - Unspecified
Aga Khan Greenspam Medical Centre,Nairobi,Level 2,Private Practice - Unspecified
Communal Oriented Service International Centre,Nairobi,Level 3,Private Practice - General Practitioner
Eastern Medical Clinic,Nairobi,Level 2,Private Practice - Unspecified
Primed Medical Services Komarock,Nairobi,Level 2,Private Practice - Unspecified
Connections Medical Clinic,Nairobi,Level 2,Private Practice - Unspecified
Scion Healthcare Ltd Clinic,Nairobi,Level 2,Private Practice - Unspecified
St John Medical Centre,Nairobi,Level 2,Private Practice - Unspecified
Provide International Hospital Mukuru,Nairobi,Level 3,Non-Governmental Organizations
Jamii Medical Clinic Mukuru,Nairobi,Level 2,Private Practice - Unspecified
Santi Meridian Health Care,Nairobi,Level 2,Private Practice - General Practitioner
Trocare Medical Clinic,Nairobi,Level 2,Private Practice - General Practitioner
Exodus Community Health Care,Nairobi,Level 2,Private Practice - Unspecified
Mwera Medical Clinic,Nairobi,Level 2,Private Practice - Clinical Officer
Abra Health Services,Nairobi,Level 2,Private Practice - General Practitioner
Primed Medical Centre,Nairobi,Level 2,Private Practice - Clinical Officer
Corban Health Care,Nairobi,Level 2,Private Practice - Nurse / Midwifery
St Maurice Medical Services,Nairobi,Level 2,Private Practice - Nurse / Midwifery
Embakasi Medical Centre,Nairobi,Level 2,Private Practice - Clinical Officer
Kings Cross Medical Clinic,Nairobi,Level 2,Private Practice - Nurse / Midwifery
PCEA Kayole Parish Health Centre,Nairobi,Level 2,Christian Health Association of Kenya
The Mater Embakasi Clinic,Nairobi,Level 2,Kenya Episcopal Conference-Catholic Secretariat
Jamii Yadah Medical Centre,Kajiado,Level 2,Private Practice - General Practitioner
Mariakani Cottage Hospital Utawala Clinic,Nairobi,Level 2,Private Practice - General Practitioner
Kiamuthambi Dispensary,Kirinyaga,Level 2,Ministry of Health
Swop Outreach Project Clinic,Nairobi,Level 2,Non-Governmental Organizations
Bans Optical (Nairobi),Nairobi,Level 2,Private Practice - Clinical Officer
Goldmed Chemists & Clinic,Nairobi,Level 2,Private Practice - General Practitioner
Dr Parmar Clinic,Nairobi,Level 2,Private Practice - General Practitioner
Dr George Munene Medical Clinic,Nairobi,Level 2,Private Practice - General Practitioner
Parkroad Dental Clinic (Ngara),Nairobi,Level 2,Private Practice - General Practitioner
Dr Nzuki Hildapaed Clinic,Nairobi,Level 2,Private Practice - General Practitioner
Starehe Boys Centre School Clinic,Nairobi,Level 2,Academic
Iran Medical Clinic (Ngara),Nairobi,Level 2,Private Practice - General Practitioner
Dr M S Saroya Medical Clinic (Nairobi),Nairobi,Level 2,Private Practice - General Practitioner
Dr Maina Skin Clinic (Ngara),Nairobi,Level 2,Private Practice - General Practitioner
Dr Chaundry Dental Services (Nairobi),Nairobi,Level 2,Private Practice - General Practitioner
Dr Musili Clinic (Afya Centre-Nairobi),Nairobi,Level 2,Private Practice - General Practitioner
Acacia Medical Centre (Nairobi),Nairobi,Level 2,Private Practice - General Practitioner
Betta Health Care,Meru,Level 2,Private Enterprise (Institution)
Isiolo Medical Centre,Isiolo,Level 2,Private Practice - General Practitioner
Maua Diagnostic Centre,Meru,Level 2,Laboratory Technician/Technologist
Iqra Medical Centre,Isiolo,Level 2,Private Practice - General Practitioner
Quality Health Care Clinic (Naivasha),Nakuru,Level 2,Private Practice - Nurse / Midwifery
Bridging Out-Patient,Nairobi,Level 2,Private Practice - General Practitioner
Annex Health Care,Nairobi,Level 2,Private Practice - General Practitioner
Max Family Health Care,Nairobi,Level 2,Private Practice - General Practitioner
Rosadett Medical Clinic,Nairobi,Level 2,Private Practice - General Practitioner
Sharifik Medical Clinic,Nairobi,Level 2,Private Practice - General Practitioner
Unity Health Care,Nairobi,Level 2,Private Practice - General Practitioner
Jozi Medical Centre,Nairobi,Level 2,Private Practice - General Practitioner
Afyamax Medical & Centre Dental,Nairobi,Level 2,Private Practice - General Practitioner
Meridian Medical Centre (Loita Street),Nairobi,Level 2,Private Practice - General Practitioner
Swop Clinic,Nairobi,Level 2,Non-Governmental Organizations
Social Service League (Nairobi ),Nairobi,Level 2,Private Enterprise (Institution)
Crescent Medical Aid (Jamia Towers),Nairobi,Level 2,Supreme Council for Kenya Muslims
Sosio Medical Clinic,Bungoma,Level 2,Private Practice - Clinical Officer
Kapsokwony Medicare,Bungoma,Level 2,Private Practice - Clinical Officer
Maraa Catholic Dispensary,Meru,Level 2,Kenya Episcopal Conference-Catholic Secretariat
Mt Elgon Clinic,Bungoma,Level 2,Private Practice - Nurse / Midwifery
Ravine Medical and ENT Clinic,Baringo,Level 2,Private Practice - Clinical Officer
Royolk Medical Clinic,Nairobi,Level 2,Private Practice - General Practitioner
Success Medical Services,Nairobi,Level 2,Private Practice - General Practitioner
St Teresa Medical Clinic ( Zimmerman),Nairobi,Level 2,Private Practice - General Practitioner
Sanitas Lotus Medical Centre,Nairobi,Level 2,Private Practice - General Practitioner
Zimma Health Care,Nairobi,Level 2,Private Practice - General Practitioner
Delight Chemist & Lab,Nairobi,Level 2,Private Practice - General Practitioner
The Arcade Medical Centre,Nairobi,Level 2,Private Practice - General Practitioner
Horeb Medical Clinic ( Hunters),Nairobi,Level 2,Private Practice - General Practitioner
Radiant Hosp Kasarani,Nairobi,Level 2,Private Practice - General Practitioner
Kamwitha Medcal Centre,Nairobi,Level 2,Private Practice - General Practitioner
Kibisem Dispensary,Nandi,Level 2,Ministry of Health
Nandi Hills Medicare Clinic,Nandi,Level 2,Private Practice - General Practitioner
Reddys Medical Clinic,Kakamega,Level 2,Private Practice - Nurse / Midwifery
Alphine Dental Centre (Kencom Hse),Nairobi,Level 2,Private Practice - General Practitioner
Supreme Health Care (Ktda House-Nairobi),Nairobi,Level 2,Private Practice - General Practitioner
Abdallah Dental Clinic (Barclays Plaza-Nairobi),Nairobi,Level 2,Private Practice - General Practitioner
Plaza X-Ray Services (Re-Insurance Plaza-Nairobi),Nairobi,Level 2,Private Enterprise (Institution)
Sunshine Medical & Diagnostic Centre (Nairobi),Nairobi,Level 2,Private Practice - General Practitioner
Isinya Medical Clinic,Kajiado,Level 2,Private Practice - Nurse / Midwifery
Manna Medical Clinic Isinya,Kajiado,Level 2,Private Practice - Nurse / Midwifery
Aldai Medical Services,Nandi,Level 2,Private Practice - Clinical Officer
Nasaruni Medical Clinic,Kajiado,Level 2,Private Practice - General Practitioner
Ndonyo Medical Clinic (Naivasha Kwa Muya),Nakuru,Level 2,Private Practice - General Practitioner
Aga Khan University Hospital Clinic (Naivasha),Nakuru,Level 2,Private Enterprise (Institution)
Light Hospital,Nakuru,Level 4,Private Practice - General Practitioner
Index Medical Services,Nairobi,Level 2,Private Practice - General Practitioner
St Michael Community Nursing Home,Nairobi,Level 2,Private Practice - General Practitioner
Soin Health Care - Mfangano Street),Nairobi,Level 2,Private Practice - General Practitioner
Kimathi Street Medical Centre,Nairobi,Level 2,Private Practice - General Practitioner
Elatiai Health Ccare Services Medical Clinic,Kajiado,Level 2,Private Practice - General Practitioner
Family Care Medical Centre Eye Clinic,Meru,Level 2,Private Practice - Medical Specialist
Imarba Dispensary,Kajiado,Level 2,Kenya Episcopal Conference-Catholic Secretariat
Serotec Medical Clinic,Makueni,Level 2,Private Practice - General Practitioner
Eldama Ravine Medical Centre,Baringo,Level 2,Private Practice - Clinical Officer
Nazareth Medical Clinic,Baringo,Level 2,Private Practice - Clinical Officer
Eldama Ravine Nursing Home,Baringo,Level 2,Private Practice - Clinical Officer
Makindu Nursing Home,Makueni,Level 4,Private Practice - General Practitioner
Mercy Medical Services,Nairobi,Level 2,Private Practice - General Practitioner
Juja Road Hospital (Nairobi),Nairobi,Level 4,Private Enterprise (Institution)
Lad Nan Hospital,Nairobi,Level 4,Private Enterprise (Institution)
Shalom Medical Clinical,Baringo,Level 2,Private Practice - Clinical Officer
Gertrudes Chiildren Clinic (Pangani),Nairobi,Level 2,Private Enterprise (Institution)
Kam Health Services,Nairobi,Level 2,Private Practice - General Practitioner
Kam ENT Services,Nairobi,Level 2,Private Practice - General Practitioner
Sasa Centre-Ngara,Nairobi,Level 2,Non-Governmental Organizations
Maisha House VCT (Noset),Nairobi,Level 2,Non-Governmental Organizations
Baraka Medical Clinic (Makindu),Makueni,Level 2,Private Practice - Clinical Officer
Makamu Medical Clinic,Tharaka-Nithi,Level 2,Private Practice - Nurse / Midwifery
Mfariji Medical Clinic,Kitui,Level 2,Private Practice - Nurse / Midwifery
Hunters Medical Clinic,Nairobi,Level 2,Private Practice - General Practitioner
Josnik Clinic,Nairobi,Level 2,Private Practice - General Practitioner
Ramah Medical Clinic,Kiambu,Level 2,Private Practice - Nurse / Midwifery
Kaproret Dispensary,Bomet,Level 2,Private Enterprise (Institution)
Isiolo Central Medical Clinic,Isiolo,Level 2,Private Practice - Clinical Officer
Peace Medical Clinic,Nairobi,Level 2,Private Practice - General Practitioner
Imani Medical Clinic ( Mathare A 4),Nairobi,Level 2,Private Practice - General Practitioner
Wayside Medical & Dental Clinic,Nairobi,Level 2,Private Practice - General Practitioner
Tazama Dentel Clinic,Nairobi,Level 2,Private Practice - General Practitioner
Kiptenden Dspensary (Nandi Central),Nandi,Level 2,Ministry of Health
St Louis Community Hospital,Nairobi,Level 2,Private Practice - General Practitioner
Narzareth Medical Services,Nairobi,Level 2,Private Practice - General Practitioner
Hope Medical Clinic ( Githurai),Nairobi,Level 2,Private Practice - General Practitioner
Mother & Child Meridian & Lab Services,Nairobi,Level 2,Private Practice - General Practitioner
Stars General Medical Clinic,Nairobi,Level 2,Private Practice - General Practitioner
Prestige Health Centre (Zimerman),Nairobi,Level 2,Private Practice - General Practitioner
Emanuel Medical Clinic,Kajiado,Level 2,Private Practice - General Practitioner
Ilbissil Medical Clinic,Kajiado,Level 2,Private Practice - General Practitioner
Olepolos Medical Clinic,Kajiado,Level 2,Private Practice - General Practitioner
Oloimirmir Dispensary,Kajiado,Level 2,Ministry of Health
Devki Staff Clinic (Ruiru),Kiambu,Level 2,Company Medical Service
Githurai Health Care and Dental Hospital,Kiambu,Level 2,Private Practice - Clinical Officer
Maua Medical Clinic,Meru,Level 3,Private Practice - Clinical Officer
Milimani Eye Clinic,Meru,Level 2,Private Practice - Clinical Officer
Maua East Medical Clinic,Meru,Level 2,Private Practice - Nurse / Midwifery
Mitume Dispensary Kitale,Trans Nzoia,Level 2,Ministry of Health
Malabot Dispensary,Marsabit,Level 2,Ministry of Health
Sarimo Medical Centre,Marsabit,Level 2,Private Practice - Clinical Officer
Loitokitok Medicare Centre,Kajiado,Level 2,Private Practice - General Practitioner
Mawenzi Care Clinics,Kajiado,Level 2,Private Practice - General Practitioner
Mosoriot Clinic,Nandi,Level 2,Private Practice - General Practitioner
Cheptarit Med Clinic,Nandi,Level 2,Private Practice - General Practitioner
The Hanna Medicare Centre,Nandi,Level 2,Private Practice - General Practitioner
Moso Cheptarit Medical Clinic,Nandi,Level 2,Private Practice - General Practitioner
Burjon Dispensary,Mandera,Level 2,Ministry of Health
Peoples Medical Clinic,Meru,Level 2,Private Practice - Nurse / Midwifery
Dawa Mart Clinic,Meru,Level 2,Private Practice - Nurse / Midwifery
Mwema Health Care Clinic,Meru,Level 2,Private Practice - General Practitioner
Current Medical Ciinic,Meru,Level 3,Private Practice - Clinical Officer
Mutuati Catholic Hospital,Meru,Level 3,Kenya Episcopal Conference-Catholic Secretariat
Ngumba Medical Centre,Nairobi,Level 3,Private Enterprise (Institution)
St Marks Kigari Teachers College Dispensary,Embu,Level 2,Academic
Tender Loving Care CFW Clinic,Embu,Level 2,Private Practice - Nurse / Midwifery
By Faith Medical Centre,Embu,Level 2,Private Practice - Nurse / Midwifery
Joy Clinic Manyatta,Embu,Level 2,Private Practice - Nurse / Midwifery
Kathangari CFW Clinic,Embu,Level 2,Private Practice - Nurse / Midwifery
Nguviu Boys High School Clinic,Embu,Level 2,Academic
CFW Mbuvori Clinic,Embu,Level 2,Private Practice - Nurse / Midwifery
CDF Kiriari Dispensary,Embu,Level 2,Ministry of Health
Aga Khan University Hospital - Embu,Embu,Level 2,Private Practice - Medical Specialist
Makkah Medical Clinic and Lab,Garissa,Level 2,Private Practice - Clinical Officer
Dr Mushtaq Muhammad,Embu,Level 2,Private Practice - Medical Specialist
Madina Health Care Clinic,Garissa,Level 2,Private Practice - Clinical Officer
Frontier Health Services,Garissa,Level 2,Private Practice - Nurse / Midwifery
Durdur Medical Clinic and Lab,Garissa,Level 2,Private Practice - Clinical Officer
County Medical Clinic and Lab Services,Garissa,Level 2,Private Practice - Clinical Officer
Amaal Annex Nursing,Mandera,Level 3,Private Practice - Nurse / Midwifery
Bulla Mpya Nursing Home,Mandera,Level 3,Private Practice - Nurse / Midwifery
Rainbow Clinic,Nairobi,Level 2,Private Enterprise (Institution)
Millenium Clinic,Mandera,Level 2,Private Practice - General Practitioner
Digfer Nursing Home,Mandera,Level 3,Private Practice - Nurse / Midwifery
Naretisho Dispensary,Kajiado,Level 2,Ministry of Health
Chemamul Dispensary (Tinderet),Nandi,Level 2,Ministry of Health
North Star Alliance Wellness Centre,Uasin Gishu,Level 2,Non-Governmental Organizations
Gynocare Centre Maternity Home,Uasin Gishu,Level 4,Private Practice - Medical Specialist
Sawa Makutano Medical Clinic,Machakos,Level 2,Private Practice - Nurse / Midwifery
Sawa Ikombe Medical Clinic,Machakos,Level 2,Private Practice - Nurse / Midwifery
Comet Medical Clinic,Kiambu,Level 2,Private Practice - Nurse / Midwifery
Highway Medical Clinic Yatta,Kiambu,Level 2,Private Practice - Nurse / Midwifery
Katangi Medical Clinic,Machakos,Level 2,Private Practice - Nurse / Midwifery
Kyandu Medical Clinic,Machakos,Level 2,Private Practice - Clinical Officer
St Michael Medical Clinic -Kangundo,Machakos,Level 2,Private Practice - Clinical Officer
Imani Medical Clinic Yatta,Machakos,Level 2,Private Practice - Nurse / Midwifery
Laare Maternity,Meru,Level 2,Private Practice - Nurse / Midwifery
Nyota Njema Medical Clinic,Meru,Level 2,Private Practice - Nurse / Midwifery
Mwanainchi Medical Clinic,Machakos,Level 2,Private Practice - Nurse / Midwifery
Kamkomani Dispensary,Kilifi,Level 2,Ministry of Health
Machungulu Dispensary,Meru,Level 2,Ministry of Health
Mcf Ndalani,Machakos,Level 2,Private Practice - Nurse / Midwifery
Nkirina Medical Clinic,Meru,Level 2,Private Practice - Nurse / Midwifery
Athirunjine Runjine Dispensary,Meru,Level 2,Ministry of Health
MCF Yatta,Machakos,Level 2,Ministry of Health
Lanet Kiondoo Medical Clinic,Nakuru,Level 2,Private Practice - Clinical Officer
Mercy Medical Clinic (Ntunene),Meru,Level 2,Private Practice - Nurse / Midwifery
Dr Thuo's Clinic Kitengela,Kajiado,Level 2,Private Practice - General Practitioner
Meds Pharmaciticals Ongata Rongai,Kajiado,Level 2,Private Practice - General Practitioner
Fountain Healthcare,Uasin Gishu,Level 3,Private Practice - General Practitioner
Prestige Clinic,Meru,Level 2,Private Practice - Nurse / Midwifery
Choice Health Care,Garissa,Level 2,Private Practice - Clinical Officer
Bulla Medina Clinic,Garissa,Level 2,Private Practice - Clinical Officer
Bismillahi Medical Clinic (Garissa),Garissa,Level 2,Private Practice - Nurse / Midwifery
Better Medical Clinic (Township),Garissa,Level 2,Private Practice - Nurse / Midwifery
Al Qudus Clinic,Garissa,Level 2,Private Practice - Nurse / Midwifery
Afwene Clinic,Garissa,Level 2,Private Practice - Clinical Officer
New Southlands X-Ray Services,Meru,Level 2,Private Practice - General Practitioner
Kapsongoi Dispensary,Kericho,Level 2,Private Enterprise (Institution)
Chebon Medical Clinic,Bungoma,Level 2,Private Practice - Nurse / Midwifery
Konton Dispensary,Wajir,Level 2,Ministry of Health
Kathungi Dispensary,Kitui,Level 2,Ministry of Health
Mangina Dispensary,Kitui,Level 2,Ministry of Health
Kitundu Dispensary (Katulani District),Kitui,Level 2,Ministry of Health
Boarder Medical Clinic Namanga,Kajiado,Level 2,Private Practice - General Practitioner
Kirimampio Dispensary,Meru,Level 2,Ministry of Health
Uzima Medical Clinic (Meru),Meru,Level 2,Private Practice - Clinical Officer
Mai Mahiu Maternity and Hospital,Nakuru,Level 3,Private Practice - General Practitioner
Family Care Doctor's Plaza,Meru,Level 2,Private Practice - General Practitioner
Dom Spark,Meru,Level 2,Kenya Episcopal Conference-Catholic Secretariat
Meru Hospice,Meru,Level 2,Non-Governmental Organizations
Kibirichia Health & Laboratory Services,Meru,Level 2,Private Practice - Nurse / Midwifery
Twins Bell,Meru,Level 2,Private Practice - Nurse / Midwifery
Neema Afya Centre,Meru,Level 2,Private Practice - Nurse / Midwifery
Afya Medical Laboratory,Meru,Level 2,Laboratory Technician/Technologist
Sr Rhoda Medical Clinic,Meru,Level 2,Kenya Episcopal Conference-Catholic Secretariat
Ruiri MCK Medical Centre,Meru,Level 2,Christian Health Association of Kenya
Hope Medical Laboratory (Ruiru/rwawera),Meru,Level 2,Laboratory Technician/Technologist
Timau Dental Clinic,Meru,Level 2,Private Practice - General Practitioner
Tropical Medical Centre,Meru,Level 2,Private Practice - Nurse / Midwifery
Batian Flowers Clinic,Meru,Level 2,Private Practice - Nurse / Midwifery
Northstar Alliance Wellness Centre (Mai Mahiu),Nakuru,Level 2,Non-Governmental Organizations
Gundua Health Centre,Meru,Level 2,Private Practice - Nurse / Midwifery
St James Clinic,Kitui,Level 2,Private Practice - Nurse / Midwifery
Nazarene Medical Clinic (Kitui West),Kitui,Level 2,Other Faith Based
Abby Health Services,Kitui,Level 2,Private Practice - General Practitioner
Lemoru Trinity,Uasin Gishu,Level 2,Kenya Episcopal Conference-Catholic Secretariat
Sala Health center,Mandera,Level 3,Ministry of Health
Meru Funeral Home,Meru,Level 2,Private Practice - General Practitioner
Heshima Medical Clinic-Masinga,Machakos,Level 2,Private Practice - Nurse / Midwifery
Precious Life Health Services,Meru,Level 2,Private Practice - General Practitioner
Kiatineni Dispensary,Machakos,Level 2,Ministry of Health
Royal Medical Clinic (Meru),Meru,Level 2,Private Practice - Nurse / Midwifery
Dental Clinic Dr Mwiti Jm,Meru,Level 2,Private Practice - General Practitioner
Prime Dental Clinic,Meru,Level 2,Private Practice - General Practitioner
Minoptic Eye Clinic,Meru,Level 2,Private Practice - Clinical Officer
Meru Gynecologist Centre,Meru,Level 2,Private Practice - Medical Specialist
The Nairobi Hospital Out-Patient Centre Galeria,Nairobi,Level 2,Private Enterprise (Institution)
Qarsadamu Dispensary,Mandera,Level 2,Ministry of Health
KHE Farm Dispensary,Laikipia,Level 2,Private Enterprise (Institution)
St Annes Medical Clinic Ongata Rongai,Kajiado,Level 2,Private Enterprise (Institution)
Dr Ndanya Medical Clinic,Laikipia,Level 2,Private Enterprise (Institution)
Tumaini Clinic Voi,Taita Taveta,Level 2,Ministry of Health
Ongata Rongai X-Ray Services,Kajiado,Level 2,Private Practice - General Practitioner
Voi Medical Clinix,Taita Taveta,Level 2,Private Practice - General Practitioner
Voi Dental,Taita Taveta,Level 2,Private Practice - General Practitioner
Bahati Medical Clinic (West Pokot),West Pokot,Level 2,Private Practice - Clinical Officer
Lilyon Clinical Services,West Pokot,Level 2,Private Practice - Clinical Officer
Sere Clinic,Taita Taveta,Level 2,Private Practice - Nurse / Midwifery
Avenue Health Care Ongata Rongai,Kajiado,Level 2,Private Practice - General Practitioner
Garlands Medical Centree,Kajiado,Level 2,Private Practice - General Practitioner
New Age VCT,Mombasa,Level 2,Private Enterprise (Institution)
Kawongo Medical Centre,Kitui,Level 2,Private Enterprise (Institution)
Amani Medical Clinic (Meru),Meru,Level 2,Private Practice - Nurse / Midwifery
District Public Health Office (Meru),Meru,Level 2,Ministry of Health
Meru Cytology Centre,Meru,Level 2,Private Practice - Medical Specialist
CCM Kaare,Tharaka-Nithi,Level 2,Private Practice - Nurse / Midwifery
Clinix Health Care Limited (Meru),Meru,Level 2,Company Medical Service
Tudor Healthcare Services (Mikindani),Mombasa,Level 2,Private Practice - Clinical Officer
Dalsan Medical Clinic,Trans Nzoia,Level 2,Private Practice - Clinical Officer
Word of Faith Church Dispensary,Mombasa,Level 2,Christian Health Association of Kenya
Nyali Childrens Hospital,Mombasa,Level 3,Private Practice - General Practitioner
Elim Dental Clinic,Kajiado,Level 2,Private Practice - General Practitioner
Meru X-Ray Services,Meru,Level 2,Private Practice - General Practitioner
Dr Rajesh Gandhi Clinic,Meru,Level 2,Private Practice - General Practitioner
Ngong Medicare Clinic,Kajiado,Level 2,Private Practice - Clinical Officer
Miliki Afya,Kajiado,Level 3,Private Enterprise (Institution)
St Anns Medical Clinic,Kajiado,Level 2,Private Practice - Nurse / Midwifery
Providenve Health Clinic,Kajiado,Level 2,Private Enterprise (Institution)
Melchizedek Hospital Ngong Clinic,Kajiado,Level 2,Private Enterprise (Institution)
Beula's Clinic,Kajiado,Level 2,Private Practice - Nurse / Midwifery
Sunshine Medical Clinic,Tharaka-Nithi,Level 2,Private Practice - Clinical Officer
Bethsaida Grandcure Medical Clinic,Tharaka-Nithi,Level 2,Private Practice - Nurse / Midwifery
Mikeu PCEA Medical Centre,Nakuru,Level 2,Other Faith Based
Women Initiative Health Services,Garissa,Level 2,Private Practice - Clinical Officer
Warsan Health Services,Garissa,Level 2,Private Practice - Clinical Officer
Tulah Medical Services,Kajiado,Level 2,Private Practice - General Practitioner
Towfiq Medical Clinic,Garissa,Level 2,Private Practice - Clinical Officer
Tawaheed Community Medical Clinic,Garissa,Level 2,Private Practice - Clinical Officer
Tawaheed Community Nursing Home,Garissa,Level 3,Private Practice - Clinical Officer
Tawakal Medical Clinic,Garissa,Level 3,Private Practice - Clinical Officer
Solution Medical Clinic,Garissa,Level 2,Private Enterprise (Institution)
Alpha Medical Clinic Mile Tisa,Kajiado,Level 2,Private Practice - General Practitioner
Safa Medical Centre,Garissa,Level 2,Private Practice - Nurse / Midwifery
Mwananchi Clinic,Garissa,Level 2,Private Practice - Clinical Officer
Medina Hospital,Garissa,Level 4,Private Enterprise (Institution)
Chonesus Clinic,Nairobi,Level 2,Christian Health Association of Kenya
Elele Dispensary,Mandera,Level 2,Ministry of Health
Tahidi Nursing Home,Kitui,Level 3,Private Practice - Clinical Officer
Patrona Medical Services,Machakos,Level 2,Private Practice - General Practitioner
Swiss Cottage Hospital,Kilifi,Level 3,Private Enterprise (Institution)
Amina Medical Clinic,Kilifi,Level 2,Private Practice - Nurse / Midwifery
St Trizah Medical Clinic,Kiambu,Level 2,Private Enterprise (Institution)
Zahri Medical Clinic,Kilifi,Level 2,Private Practice - Clinical Officer
Mephi Medical Clinic,Kilifi,Level 2,Private Practice - Nurse / Midwifery
Kaplelach Clinic,West Pokot,Level 2,Private Practice - Nurse / Midwifery
Kamuskut Clinic,West Pokot,Level 2,Private Practice - Clinical Officer
Blue Nile Medical Clinic,Kilifi,Level 2,Private Practice - Nurse / Midwifery
Highway Medical Clinic (Pokot Central),West Pokot,Level 2,Private Practice - Nurse / Midwifery
Ortum Central Clinic,West Pokot,Level 2,Private Practice - Clinical Officer
Kapkres Medical Clinic,West Pokot,Level 2,Private Practice - Clinical Officer
Murpus Medical Clinic,West Pokot,Level 2,Private Practice - Nurse / Midwifery
Chepkono Medical Clinic,West Pokot,Level 2,Private Practice - Nurse / Midwifery
Medina Diagnostic,Garissa,Level 3,Private Enterprise (Institution)
Iftin Medical Clinic,Garissa,Level 2,Private Enterprise (Institution)
Hilwa Pharmacy and Clinic,Garissa,Level 2,Private Practice - Nurse / Midwifery
Gule Medical Clinic,Garissa,Level 2,Private Practice - Clinical Officer
Gatwell/Lab Medical Clinic,Garissa,Level 2,Private Practice - Nurse / Midwifery
Emirates Medical Clinic,Garissa,Level 2,Private Practice - Clinical Officer
Dhanun Clinic,Garissa,Level 2,Private Practice - General Practitioner
Bulla Hagar Clinic,Garissa,Level 2,Private Practice - Nurse / Midwifery
Bulla Game Medical Clinic and Laboratory,Garissa,Level 2,Private Practice - Nurse / Midwifery
Amani Clinic (Garissa),Garissa,Level 2,Private Practice - Nurse / Midwifery
Alliance Medical Clinic,Garissa,Level 2,Private Practice - Medical Specialist
Al-Faruq Medical Clinic,Garissa,Level 2,Private Practice - Nurse / Midwifery
Al Iklas Nursing Home,Garissa,Level 3,Private Practice - Nurse / Midwifery
Al Amin Medical Clinic,Garissa,Level 2,Private Practice - Clinical Officer
Dam Pharmacy and Clinic,Garissa,Level 2,Private Practice - Clinical Officer
Hope Medical Clinic (Loitokitok),Kajiado,Level 2,Private Practice - Clinical Officer
Rosade Medical Clinic,Nairobi,Level 2,Private Practice - General Practitioner
Mwendantu Amani Clinic,Tharaka-Nithi,Level 2,Private Practice - Nurse / Midwifery
Kibera Highway Clinic,Nairobi,Level 2,Private Practice - Clinical Officer
St Andrews Medical Clinic - Eldoret,Uasin Gishu,Level 2,Private Practice - General Practitioner
Naisula Medical Clinic,Kajiado,Level 2,Private Practice - General Practitioner
Good Shephered Medical Clinic,Embu,Level 2,Kenya Episcopal Conference-Catholic Secretariat
Mercy Medical Clinic Engineer,Nyandarua,Level 2,Private Practice - Nurse / Midwifery
Stralight Medical Clinic,Nyandarua,Level 2,Private Practice - Clinical Officer
Nalala Initiative Community Clinic,Kajiado,Level 2,Ministry of Health
Geva Family Health Services,Kisumu,Level 2,Private Practice - Clinical Officer
Jolly Medical Clinic,Meru,Level 2,Private Practice - General Practitioner
Wa Tonny Clinic,Murang'A,Level 2,Private Practice - Nurse / Midwifery
Acc&S Kariua Dispensary,Murang'A,Level 2,Christian Health Association of Kenya
Mwathene Dispensary,Meru,Level 2,Ministry of Health
Nogoi Medical Clinic,Baringo,Level 2,Private Practice - Clinical Officer
Mogotio Medical Clinic,Baringo,Level 2,Private Practice - Clinical Officer
Lexa Medical Centre,Kajiado,Level 2,Private Practice - General Practitioner
Isra Walmiraj Medical Clinic,Kajiado,Level 2,Private Practice - General Practitioner
Shalom Community Health Centre,Kajiado,Level 2,Private Practice - General Practitioner
Mumui Dispensary (Kianjai),Meru,Level 2,Ministry of Health
Holiday Medical Clinic,Tharaka-Nithi,Level 2,Private Enterprise (Institution)
Ushirika Medical Clinic Maara,Tharaka-Nithi,Level 2,Private Enterprise (Institution)
March Medicare,Kakamega,Level 2,Private Practice - Nurse / Midwifery
Mwendantu Baraka Clinic,Tharaka-Nithi,Level 2,Private Enterprise (Institution)
Mamakate Medical Clinic,Kakamega,Level 2,Private Practice - Nurse / Midwifery
Mtoni Medical Clinic,Kakamega,Level 2,Private Practice - Clinical Officer
Pona VCT,Migori,Level 2,Private Practice - General Practitioner
Kamiti Maximum Clinic,Nairobi,Level 2,Ministry of Health
Imanga Health Centre,Kakamega,Level 3,Ministry of Health
Butere Iranda Health Centre,Kakamega,Level 3,Ministry of Health
Kaciongo Medical Clinic,Meru,Level 2,Private Practice - Clinical Officer
Robins Health Care Clinic,Meru,Level 2,Private Practice - Nurse / Midwifery
Bethezda Medical Clinic,Nandi,Level 2,Private Practice - Clinical Officer
Appex Medical Clinic,Nandi,Level 2,Private Practice - Clinical Officer
Wananchi Medical Clinic Maara,Tharaka-Nithi,Level 2,Private Practice - Nurse / Midwifery
Mutethia Clinic Magutuni,Tharaka-Nithi,Level 2,Private Practice - Nurse / Midwifery
Namarei Dispensary (Marsabit South),Marsabit,Level 2,Christian Health Association of Kenya
Kaka Health Clinic,Meru,Level 2,Private Practice - Nurse / Midwifery
Rejoice Medical Clinic Lusiola,Vihiga,Level 2,Private Practice - Nurse / Midwifery
Jamii Medical Clinic Vihiga,Vihiga,Level 2,Private Practice - Clinical Officer
Nyambene Medical & Surgical Centre,Meru,Level 2,Private Practice - Clinical Officer
Highway Medical Clinic Maua,Meru,Level 2,Private Practice - Clinical Officer
Angels Health Services,Meru,Level 2,Private Practice - Nurse / Midwifery
Springs Health Care Clinic,Meru,Level 2,Private Practice - Clinical Officer
Network Israel Medical Clinic,Machakos,Level 2,Private Practice - Nurse / Midwifery
West End Medical Solutions,Machakos,Level 2,Private Practice - General Practitioner
Clinix Medical Clinic (Machakos),Machakos,Level 2,Private Practice - General Practitioner
Meridian Medical Centre (Machakos),Machakos,Level 2,Private Practice - General Practitioner
Baraka Dental Clinic (Maara),Tharaka-Nithi,Level 2,Private Practice - General Practitioner
Mutomo Health Clinic,Kitui,Level 2,Private Practice - Nurse / Midwifery
Stadia Medical Clinic,Meru,Level 2,Private Practice - Nurse / Midwifery
Kasolina Medical Clinic,Meru,Level 2,Private Practice - General Practitioner
Universal M Clinic,Meru,Level 2,Private Practice - General Practitioner
Central Medical Clinic (Kitui Central),Kitui,Level 2,Private Practice - Clinical Officer
Clay Hill Hospital,Kajiado,Level 4,Private Enterprise (Institution)
Muthale Mission Hospital Satelite Clinic,Kitui,Level 2,Kenya Episcopal Conference-Catholic Secretariat
Ladopharma Medical Centre,Migori,Level 2,Private Practice - General Practitioner
Dice Clinic Migori,Migori,Level 2,Non-Governmental Organizations
Swop Thika Road,Nairobi,Level 2,Non-Governmental Organizations
Korogocho Health Centre,Nairobi,Level 3,Ministry of Health
Embakasi Medical Centre (Aun),Nairobi,Level 2,Private Practice - General Practitioner
Emmanuel Medical Centre,Nairobi,Level 2,Private Practice - General Practitioner
Ong'amo Dispensary,Homa Bay,Level 2,Ministry of Health
Cheptais Clinic,Bungoma,Level 2,Private Practice - Nurse / Midwifery
Maendeleo Clinic,Bungoma,Level 2,Private Practice - Nurse / Midwifery
Paradise Medical Centre (Cheptais),Bungoma,Level 2,Private Practice - Clinical Officer
Consolata Shrine Dispensary (Deep Sea Nairobi),Nairobi,Level 2,Kenya Episcopal Conference-Catholic Secretariat
Githogoro Runda Baptist Clinic (Getrudes Nairobi),Nairobi,Level 2,Private Enterprise (Institution)
Kimkan Health Services,Murang'A,Level 2,Private Practice - General Practitioner
Lugpharm Medicals Limited,Machakos,Level 2,Private Practice - General Practitioner
Ikuu CFW Clinic,Tharaka-Nithi,Level 2,Non-Governmental Organizations
Kenyatta University Kitui Campus Health Unit,Kitui,Level 2,Academic
Kiganjo Medical Centre,Kiambu,Level 2,Private Practice - Clinical Officer
Otange Dispensary,Homa Bay,Level 2,Ministry of Health
Kachuth Dispensary,Homa Bay,Level 2,Ministry of Health
Hope World Wide Nakuru,Nakuru,Level 2,Other Faith Based
Got Kamondi Dispensary,Homa Bay,Level 2,Ministry of Health
Wondeni Dispensary,Machakos,Level 2,Ministry of Health
Ankamia Dispensary,Meru,Level 2,Ministry of Health
Optimum Care Medical,Mombasa,Level 2,Private Practice - General Practitioner
Nyabondo Rehabilitation Centre,Kisumu,Level 2,Christian Health Association of Kenya
Nyabola CDF Dispensary,Kisumu,Level 2,Ministry of Health
Igarii Dispensary,Meru,Level 2,Ministry of Health
Mulika Dispensary,Meru,Level 2,Ministry of Health
Nyara Tea Estate Dispensary,Kiambu,Level 2,Private Practice - Nurse / Midwifery
Eldoret Regional Blood Bank,Uasin Gishu,Level 2,Ministry of Health
Wellness Program KWS Hq,Nairobi,Level 2,Parastatal
AAR Healthcare Limited (Karen),Nairobi,Level 2,Private Enterprise (Institution)
Maungu Model Health Centre,Taita Taveta,Level 3,Ministry of Health
Logologo Model Health Centre (Marsabit South),Marsabit,Level 3,Ministry of Health
Laisamis Health Centre (Marsabit South),Marsabit,Level 3,Ministry of Health
Jirime Dispensary,Marsabit,Level 2,Ministry of Health
Boru Haro Model Health Centre,Marsabit,Level 3,Ministry of Health
Lumboka Medical Services,Bungoma,Level 4,Company Medical Service
Mandera West Nursing Home,Mandera,Level 2,Private Practice - Clinical Officer
Kiroone Dispensary,Meru,Level 2,Ministry of Health
Ngongo Dispensary,Meru,Level 2,Ministry of Health
Kathithine Dispensary,Meru,Level 2,Ministry of Health
Eliye Springs Community Dispensary,Turkana,Level 2,Ministry of Health
Afya Medical Centre,Mombasa,Level 2,Private Practice - Clinical Officer
Highrise Medical Services,Mombasa,Level 2,Private Practice - Nurse / Midwifery
St Richard Medical Clinic,Mombasa,Level 2,Private Practice - Nurse / Midwifery
Darajani Medical Clinic,Mombasa,Level 2,Private Practice - Clinical Officer
Faith Medical Clinic,Kakamega,Level 2,Private Practice - Nurse / Midwifery
Destiny Medical Clinic,Kiambu,Level 2,Private Enterprise (Institution)
Mariakani Cottage Clinic,Machakos,Level 2,Private Enterprise (Institution)
Bluebells Medical Clinic,Machakos,Level 2,Private Practice - Nurse / Midwifery
AIC Biribiriet Dispensary,Trans Nzoia,Level 2,Other Faith Based
Wheel Kenya Medical Clinic,Kisumu,Level 2,Private Practice - Clinical Officer
Karatina Maternity & Nursing Home,Kirinyaga,Level 2,Public Institution
Malabot Dispensary (North Horr),Marsabit,Level 2,Ministry of Health
Burgabo Dispensary (Chalbi),Marsabit,Level 2,Ministry of Health
Primo Medical Clinic,Nakuru,Level 2,Private Practice - Clinical Officer
Lea Toto Mwiki,Nairobi,Level 2,Non-Governmental Organizations
Kwosp (Korogocho),Nairobi,Level 2,Non-Governmental Organizations
Vorhca VCT Stand Alone,Kakamega,Level 2,Private Enterprise (Institution)
Jehova Rapha Clinic,Kakamega,Level 2,Private Practice - Nurse / Midwifery
Mbaruk Dispensary,Nakuru,Level 2,Ministry of Health
Kabarak University Medical Centre,Nakuru,Level 2,Private Enterprise (Institution)
Abakaile Dispensary,Garissa,Level 2,Ministry of Health
Shura Dispensary (Chalbi),Marsabit,Level 2,Ministry of Health
Syokimau Medical Services,Machakos,Level 2,Private Practice - Clinical Officer
Avenue Health Care Nakuru,Nakuru,Level 2,Private Practice - General Practitioner
Annointed Medical Clinic,Kakamega,Level 2,Private Practice - Clinical Officer
Bgp Block 10Ba Base Camp Clinic,Turkana,Level 2,Non-Governmental Organizations
County Medicare Ltd (Maralal Nursing Home),Samburu,Level 2,Private Practice - Clinical Officer
Kalima Dispensary,Makueni,Level 2,Ministry of Health
Montana Hospital,Mombasa,Level 4,Private Practice - General Practitioner
Tutini Dispensary,Makueni,Level 2,Ministry of Health
Bodaki Medical Clinic,Nairobi,Level 3,Private Practice - Nurse / Midwifery
AHF Soko Clinic,Mombasa,Level 2,Non-Governmental Organizations
Hamey Dispensary,Garissa,Level 2,Ministry of Health
Oren Health Centre,Kisumu,Level 3,Ministry of Health
Ifo 2 Hospital,Garissa,Level 4,Ministry of Health
Nist Dispensary,Nyandarua,Level 2,Parastatal
Olive Link Health Care,Nairobi,Level 3,Non-Governmental Organizations
Sasa Centre (Makadara),Nairobi,Level 2,Non-Governmental Organizations
Church Army Medical Clinic,Nairobi,Level 2,Christian Health Association of Kenya
Little Angels Medical Clinic,Machakos,Level 2,Private Practice - General Practitioner
Sportlight Empowerment Group,Nandi,Level 2,Private Enterprise (Institution)
Aphiaplus Drop-In Centre (Naivasha),Nakuru,Level 2,Non-Governmental Organizations
Chuka University Dispensary,Tharaka-Nithi,Level 2,Academic
Muhamarani Dispensary,Lamu,Level 2,Ministry of Health
Nyandusi,Siaya,Level 3,Private Practice - Nurse / Midwifery
Axis Nursing Home,Mombasa,Level 3,Private Practice - General Practitioner
Chamuka (CDF) Dispensary,Nyandarua,Level 2,Ministry of Health
Gatimu Health Centre,Nyandarua,Level 3,Ministry of Health
Fountain of Hope Medical Clinic,Machakos,Level 2,Private Practice - Nurse / Midwifery
Mugai Dispensary,Kakamega,Level 2,Ministry of Health
Dr Florence Murila (Ngong Road),Nairobi,Level 2,Private Practice - General Practitioner
St Lukes Orthopaedic and Trauma Hospital,Uasin Gishu,Level 4,Private Practice - General Practitioner
Kamarandi Dispensary,Tharaka-Nithi,Level 2,Ministry of Health
Omosocho Medical Clinic (Manga),Nyamira,Level 2,Private Enterprise (Institution)
Andulus Medical Clinic,Nairobi,Level 3,Private Enterprise (Institution)
Al Amin Nursing Home,Nairobi,Level 3,Private Practice - Clinical Officer
Marps Drop In Medical Centre,Narok,Level 2,Non-Governmental Organizations
Jena Medical Clinic,Turkana,Level 2,Private Practice - Clinical Officer
Akicha Medical Services,Turkana,Level 2,Private Practice - Clinical Officer
Lang'ata Dispensary (Ruiru),Kiambu,Level 2,Ministry of Health
Spa Nursing Home,Kiambu,Level 3,Private Practice - General Practitioner
Kamuthini Dispensary,Makueni,Level 2,Ministry of Health
Jalsonga Medical Clinic,Siaya,Level 2,Non-Governmental Organizations
Family Dental Care (Ayany),Nairobi,Level 2,Private Practice - General Practitioner
Clinix Health Care (Kibra),Nairobi,Level 2,Private Enterprise (Institution)
Mucharage Mlc,Trans Nzoia,Level 2,Private Practice - Nurse / Midwifery
Ash Community Health Centre,Trans Nzoia,Level 2,Non-Governmental Organizations
Serena Beach Hotel & Spa Staff Clinic,Mombasa,Level 2,Private Enterprise (Institution)
Comfort The Chidren International (Ctc) Naivasha,Nakuru,Level 2,Non-Governmental Organizations
Vegpro Delamere Pivot Medical Clinic (Naivasha),Nakuru,Level 2,Company Medical Service
Tionybei Medical Clinic,Baringo,Level 2,Private Enterprise (Institution)
Comboni Missionary Sisters Health Programm,Nairobi,Level 2,Kenya Episcopal Conference-Catholic Secretariat
Premium Health Services,Nairobi,Level 2,Private Practice - General Practitioner
Kariobangi EDARP,Nairobi,Level 2,Kenya Episcopal Conference-Catholic Secretariat
Kiptome Dispensary (Belgut),Kericho,Level 2,Ministry of Health
Vipawa Medical Services,Nairobi,Level 2,Private Practice - Clinical Officer
Green Valley Clinic,Vihiga,Level 2,Private Practice - Nurse / Midwifery
Eagle Wings Medical Centre,Nairobi,Level 2,Private Practice - General Practitioner
Aga Khan University Hospital -New Machakos Medical,Machakos,Level 2,Private Practice - General Practitioner
Lobei Health Centre,West Pokot,Level 3,Ministry of Health
Huruma Medical Clinc,Meru,Level 2,Private Practice - General Practitioner
Madaraka Health Services,Meru,Level 2,Private Practice - Nurse / Midwifery
New Generation Clinic,Meru,Level 2,Private Practice - Clinical Officer
Makutano Medical Clinic (Meru),Meru,Level 2,Private Practice - General Practitioner
Kenya Assemblies of God Medical Clinic,Meru,Level 2,Other Faith Based
Meru Consultant Clinic,Meru,Level 2,Private Enterprise (Institution)
Afya Medical Clinic (Meru),Meru,Level 2,Private Practice - General Practitioner
Kefra Clinic,Meru,Level 2,Private Practice - General Practitioner
Dr Muthuri Jj Clinic,Meru,Level 2,Private Practice - General Practitioner
Umoja Medical Clinic (Imenti North),Meru,Level 2,Private Practice - Clinical Officer
Upendo Clinic,Meru,Level 2,Private Practice - General Practitioner
Pedo Dispensary,Kisumu,Level 2,Ministry of Health
Diplomatic Medical Clinic,Meru,Level 2,Private Practice - General Practitioner
Kandaria Medical Centre,Kisumu,Level 2,Private Practice - General Practitioner
House of Hope Medical Centre,Kisumu,Level 2,Private Practice - General Practitioner
Everest Medical/Dental Clinic,Meru,Level 2,Private Practice - General Practitioner
Slopes Medical Clinic,Meru,Level 2,Private Practice - Medical Specialist
Dr Kiara Medical Clinic (Timau),Meru,Level 2,Private Practice - General Practitioner
Mummy Medical Clinic,Meru,Level 2,Private Practice - Unspecified
Pr Health Services,Meru,Level 2,Private Practice - Nurse / Midwifery
Nazarene Sister's Dispensary Rwarera,Meru,Level 2,Private Practice - Unspecified
Philia Medical Clinic,Meru,Level 2,Private Practice - Clinical Officer
Tumaini Medical Clinic (Yatta),Machakos,Level 2,Private Enterprise (Institution)
Ruiri Medical Centre,Meru,Level 2,Private Practice - Unspecified
Path Care Kenya,Meru,Level 2,Private Practice - Unspecified
Mutindwa Clinic and Lab,Meru,Level 2,Private Practice - Unspecified
Tumaini Medical Clinic (Meru),Meru,Level 2,Private Practice - Clinical Officer
Gakoromone Health Care Clinic,Meru,Level 2,Private Practice - Nurse / Midwifery
Mirigamieru Health Services,Meru,Level 2,Private Practice - Nurse / Midwifery
Mayo Clinic,Meru,Level 2,Private Practice - Unspecified
Thuura Health Care,Meru,Level 2,Private Practice - General Practitioner
Magana Medical Clinic,Kiambu,Level 2,Private Practice - Nurse / Midwifery
Khaburu Chemist (Ntima East),Meru,Level 2,Private Practice - General Practitioner
Mercy Mission Medical Dispensary,Makueni,Level 2,Kenya Episcopal Conference-Catholic Secretariat
Maria Salus Infirmorum Dispensary,Makueni,Level 2,Christian Health Association of Kenya
Kikule Dispensary,Machakos,Level 2,Ministry of Health
Ngelani Dispensary,Kitui,Level 2,Ministry of Health
Mastoo Dispensary,Nyandarua,Level 2,Ministry of Health
Muthungue Dispensary,Kitui,Level 2,Ministry of Health
Aphia Disc 1 Nanyuki Transport,Laikipia,Level 2,Non-Governmental Organizations
Karimaini Community Dispensary,Kirinyaga,Level 2,Ministry of Health
Eldoret Rapha Medical Centre,Uasin Gishu,Level 2,Christian Health Association of Kenya
Bingwa Dispensary,Bomet,Level 2,Ministry of Health
Lelaitich Dispensary,Bomet,Level 2,Ministry of Health
Koimiret Dispensary,Bomet,Level 2,Ministry of Health
Senate Health Services,Nairobi,Level 2,Ministry of Health
Assumption Sisters Mbooni Clinic,Makueni,Level 2,Kenya Episcopal Conference-Catholic Secretariat
Musoa SDA Dispensary,Makueni,Level 2,Other Faith Based
Florex Medical Clinic,Nakuru,Level 2,Private Practice - Nurse / Midwifery
Mundoro Community Dispensary,Kiambu,Level 2,Ministry of Health
Village Hope Core International,Tharaka-Nithi,Level 2,Non-Governmental Organizations
Philips Medical Clinic,Meru,Level 2,Private Practice - General Practitioner
Meru Eye Care Services,Meru,Level 2,Private Practice - General Practitioner
Wajir Tb Manyatta Sub - District Hospital,Wajir,Level 4,Ministry of Health
Meru Lab Services,Meru,Level 2,Private Practice - General Practitioner
Medicare Stores Chemist,Meru,Level 2,Private Practice - General Practitioner
Friends Chemist,Meru,Level 2,Private Practice - General Practitioner
Kithoka Chemist (Ntima East),Meru,Level 2,Private Practice - Unspecified
Johani Chemist,Meru,Level 2,Private Practice - General Practitioner
Mmak's Homecare Pharmacy,Meru,Level 2,Private Practice - Unspecified
Uzima Medical Services,Meru,Level 2,Private Practice - Unspecified
Soceno Pharmacy,Meru,Level 2,Private Enterprise (Institution)
Dr Kiome Clinic,Meru,Level 2,Private Practice - General Practitioner
Eye Care Centre,Meru,Level 2,Private Practice - Medical Specialist
Meridian Medical Centre (Meru),Meru,Level 2,Private Practice - General Practitioner
Gababa Dispensary,Garissa,Level 2,Ministry of Health
CID HQS Dispensary,Nairobi,Level 2,State Coorporation
Uthiru Muthua Dispensary,Nairobi,Level 2,Ministry of Health
Beggs Clinic,Kakamega,Level 2,Private Practice - Nurse / Midwifery
Mlimani Dispensary,Kakamega,Level 2,Ministry of Health
Lumino Dispensary,Kakamega,Level 2,Ministry of Health
Premier Medical Clinic,Turkana,Level 2,Private Practice - Clinical Officer
Skyhill Medical Centre,Nairobi,Level 3,Private Practice - General Practitioner
Uzima Medicare Clinic,Meru,Level 2,Private Practice - Nurse / Midwifery
Kendi Medical Clinic,Meru,Level 2,Private Practice - Nurse / Midwifery
Vichabem Medical Clinic,Meru,Level 2,Private Enterprise (Institution)
Antodevi Medical Clinic,Meru,Level 2,Private Enterprise (Institution)
GK Prisons Medium Dispensary,Kericho,Level 2,Ministry of Health
Sumba Medical Clinic,Nakuru,Level 2,Private Practice - Nurse / Midwifery
Glory Health Clinic,Nairobi,Level 2,Private Practice - Nurse / Midwifery
Fremo Medical Centre,Nairobi,Level 3,Private Practice - Clinical Officer
Lithi Clinic,Nairobi,Level 2,Private Practice - Unspecified
Gachororo Health Centre,Kiambu,Level 2,Ministry of Health
St Mark Medical Clinic (Shaabab),Nakuru,Level 2,Private Practice - Nurse / Midwifery
Ngenia Dispensary,Laikipia,Level 2,Ministry of Health
St Mary's Mother & Child Medical Services,Kiambu,Level 2,Private Practice - Clinical Officer
St Joseph Mission Dispensary Chumvini,Taita Taveta,Level 2,Kenya Episcopal Conference-Catholic Secretariat
Salgaa Intergrated VCT,Nakuru,Level 2,Non-Governmental Organizations
North Star Alliance VCT,Nakuru,Level 2,Non-Governmental Organizations
PCEA Mwangaza Dispensary,Nakuru,Level 2,Christian Health Association of Kenya
Mercylight Hospital,Kiambu,Level 4,Private Practice - General Practitioner
Kambu Model Health Centre,Makueni,Level 3,Ministry of Health
Shallom Dispensary,Laikipia,Level 2,Ministry of Health
Joy Nursing Home and Maternity,Nairobi,Level 3,Private Practice - General Practitioner
SDA Health Services Likoni Road Clinic,Nairobi,Level 2,Christian Health Association of Kenya
Ravine Glory Health Care Services,Baringo,Level 2,Private Practice - Clinical Officer
Lengo Medical Clinic,Nairobi,Level 2,Private Practice - Nurse / Midwifery
Laikipia University Medical Centre,Laikipia,Level 3,Public Institution
Bahari Medical Clinic Diani Beach,Kwale,Level 2,Private Practice - Clinical Officer
Gertrudes Chidrens Clinic (Ongata Rongai),Kajiado,Level 2,Private Enterprise (Institution)
Chemses Dispensary,Bungoma,Level 2,Ministry of Health
Chesinende Dispensary,Bungoma,Level 2,Ministry of Health
Mlolongo Health Centre,Machakos,Level 3,Ministry of Health
Mosobeti Dispensary,Nyamira,Level 2,Ministry of Health
Coping Centre,Nakuru,Level 2,Non-Governmental Organizations
Thigirichi Mukui,Kirinyaga,Level 2,Ministry of Health
Kamujohn Medical Clinic,Elegeyo-Marakwet,Level 2,Private Practice - Nurse / Midwifery
Mong'oni,Nyamira,Level 2,Ministry of Health
Kenya Assemblies of God Medical Clinic (Kag Naivas,Nakuru,Level 2,Christian Health Association of Kenya
Strathmore University Medical Centre,Nairobi,Level 2,Private Enterprise (Institution)
Pona Medical and Eye Care Centre,Kitui,Level 2,Private Practice - Clinical Officer
Royal Run Medical Clinic,Kwale,Level 2,Private Practice - Nurse / Midwifery
Sasa Centre Naivasha (Drop In Service Centre-Disc),Nakuru,Level 2,Non-Governmental Organizations
Thaene Medical Clinic,Meru,Level 2,Private Practice - Nurse / Midwifery
Family Nursing Home and Maternity  ( Mwingi Central),Kitui,Level 3,Private Practice - Clinical Officer
Kanzui Dispensary,Kitui,Level 2,Ministry of Health
Nzinia Dispensary,Kitui,Level 2,Ministry of Health
Mutanda Dispensary,Kitui,Level 2,Ministry of Health
Chianda Dispensary (Rarieda),Siaya,Level 2,Ministry of Health
Chemwa Bridge Dispensary,Bungoma,Level 2,Ministry of Health
Jeikei Medical Clinic,Kiambu,Level 2,Ministry of Health
Kwihota Medical Clinic,Kiambu,Level 2,Ministry of Health
Tumaini DiSC -  Asembo Bay,Siaya,Level 2,Non-Governmental Organizations
Prescort Dispensary,Kiambu,Level 2,Ministry of Health
Shalome Medical Clinic,Kiambu,Level 2,Private Practice - Nurse / Midwifery
Nazarene Medical Clinic,Kiambu,Level 2,Private Practice - Nurse / Midwifery
Marura Nursing Home (Ruiru),Kiambu,Level 2,Private Practice - Clinical Officer
Syokithumbi Dispensary,Kitui,Level 2,Ministry of Health
Maseki Dispensary,Kitui,Level 2,Ministry of Health
Creadis Htc Centre,Bungoma,Level 2,Non-Governmental Organizations
St Paul Kiamuri (ACK) Dispensary,Murang'A,Level 2,Christian Health Association of Kenya
Rheno Medicare Clinic,Nandi,Level 2,Private Practice - Nurse / Midwifery
County Medical Centre - Embu Ltd,Embu,Level 4,Private Enterprise (Institution)
Kasarani Medical Clinic Wote,Makueni,Level 2,Private Practice - Clinical Officer
Hope Worldwide Kenya VCT (Makadara),Nairobi,Level 2,Non-Governmental Organizations
Leo Surgery,Kajiado,Level 2,Private Practice - General Practitioner
Mukanga Dispensary (Muranga North),Murang'A,Level 2,Ministry of Health
Adventist Centre For Care and Support (Kilimani),Nairobi,Level 2,Other Faith Based
Pinnacle Health Services,Garissa,Level 3,Private Practice - General Practitioner
Bidii Health Centre,Trans Nzoia,Level 2,Ministry of Health
Koywech Dispensary,Homa Bay,Level 2,Ministry of Health
Ragwe Dispensary,Homa Bay,Level 2,Ministry of Health
Kivani Dispensary (Kitui West),Kitui,Level 2,Ministry of Health
Quarry VCT Ongata Rongai,Kajiado,Level 2,Non-Governmental Organizations
Kipyosit Dispensary,Bomet,Level 2,Ministry of Health
Kimuchul Dispensary,Bomet,Level 2,Ministry of Health
University of Nairobi Marps Project Clinic,Nyeri,Level 2,Public Institution
Kalulini Health Centre,Kitui,Level 3,Ministry of Health
St Raphael Dispensary,Trans Nzoia,Level 2,Kenya Episcopal Conference-Catholic Secretariat
Itando Mission of Hope and Health Centre,Vihiga,Level 3,Christian Health Association of Kenya
Olturoto Dispensary,Kajiado,Level 2,Ministry of Health
Masimba,Kitui,Level 2,Ministry of Health
Kanyongonyo,Kitui,Level 2,Ministry of Health
Kapisimba Dispensary,Bomet,Level 2,Ministry of Health
KEMRI Mimosa,Nairobi,Level 2,Ministry of Health
Tuungane Centre Awendo,Migori,Level 2,Non-Governmental Organizations
Tuungane Centre Rongo,Migori,Level 2,Non-Governmental Organizations
St Thomas The Apostle Athi Catholic Dispensary,Meru,Level 2,Kenya Episcopal Conference-Catholic Secretariat
Chepsire Dispensary,Nandi,Level 2,Ministry of Health
Pendo Medical Clinic,Kwale,Level 2,Private Practice - Clinical Officer
Hope Worldwide Htc Centre,Kajiado,Level 2,Non-Governmental Organizations
Xposha VCT Centre,Vihiga,Level 2,Private Enterprise (Institution)
Namanga Wellness Centre,Kajiado,Level 2,Non-Governmental Organizations
Shujaa Project Namanga,Kajiado,Level 2,Non-Governmental Organizations
Grace Medical Clinic,Bomet,Level 2,Private Practice - General Practitioner
Jacaranda Special School,Nairobi,Level 2,Public Institution
Afya Health Care,Nairobi,Level 2,Private Enterprise (Institution)
Ruaraka Uhai Neema Hospital,Nairobi,Level 3,Kenya Episcopal Conference-Catholic Secretariat
Catholic Dispensary Kariobangi,Nairobi,Level 2,Kenya Episcopal Conference-Catholic Secretariat
Christamarianne Medical Clinic (Suneka),Kisii,Level 2,Kenya Episcopal Conference-Catholic Secretariat
Mavueni Dispensary,Kilifi,Level 2,Ministry of Health
DRIC (Naivasha),Nakuru,Level 2,Ministry of Health
Mbuyu Dispensary,Nyandarua,Level 2,Ministry of Health
Tumaini Medical Clinic (Kabaa),Machakos,Level 2,Private Practice - Nurse / Midwifery
St Pauline Medical Clinic,Murang'A,Level 2,Private Practice - Nurse / Midwifery
The Mater Hospital Thika Satellite,Kiambu,Level 2,Kenya Episcopal Conference-Catholic Secretariat
Jamia Islamic Intergrated,Garissa,Level 2,Private Practice - Nurse / Midwifery
Cornerstone Medical Clinic (Nyeri Central),Nyeri,Level 2,Private Practice - Clinical Officer
Ngamwa Dispensary,Nyeri,Level 2,Ministry of Health
Flomed Med Clinic,Nairobi,Level 2,Private Practice - Nurse / Midwifery
Shekina Medical Clinic,Nairobi,Level 2,Private Practice - Clinical Officer
Levice Medical Clinic,Mombasa,Level 2,Private Practice - General Practitioner
Bar Hostess Empowerment Support Program VCT,Nairobi,Level 2,Non-Governmental Organizations
Cheptarit Dispensary,Nandi,Level 2,Ministry of Health
St Clare Medical Clinic,Nairobi,Level 2,Private Practice - Nurse / Midwifery
Utawala Estate Health Centre,Nairobi,Level 3,Private Practice - Clinical Officer
Mukuru Health Centre,Nairobi,Level 3,Ministry of Health
Ndumoni Dispensary,Kitui,Level 2,Ministry of Health
The Kitui Marternity and Nursing Home,Kitui,Level 3,Private Practice - Clinical Officer
Savannah Likoni Medical Centre,Mombasa,Level 2,Private Practice - Clinical Officer
Derkale Dispensary,Mandera,Level 2,Ministry of Health
Impact Research-Tuungane (Nyando),Kisumu,Level 2,Non-Governmental Organizations
Westwood Medical Centre,Kajiado,Level 2,Private Practice - Clinical Officer
Likoni HIV Resource Centre,Mombasa,Level 2,Private Practice - Unspecified
Mulimani Medical Clinic,Kakamega,Level 2,Private Practice - Nurse / Midwifery
KWS VCT,Mombasa,Level 2,Armed Forces
Kwa Mutalia Dispensary,Machakos,Level 2,Ministry of Health
What Matters Mission Dispensary,Nakuru,Level 2,Other Faith Based
Moogi Dispensary,Kisii,Level 2,Ministry of Health
Nyanturago Health Centre,Nyamira,Level 3,Ministry of Health
Hessed Clinic Masiro,Siaya,Level 2,Private Practice - Nurse / Midwifery
Mufutu Medical Clinic,Bungoma,Level 2,Private Practice - Nurse / Midwifery
Child Welfare Society of Kenya Medical Clinic,Bungoma,Level 2,Private Practice - General Practitioner
Mbuni Dispensary,Machakos,Level 2,Ministry of Health
Kitambaasye Dispensary,Machakos,Level 2,Ministry of Health
Afya Medical Clinic (Nakuru),Nakuru,Level 2,Private Practice - Nurse / Midwifery
AIC Parkview Dispensary,Nakuru,Level 2,Christian Health Association of Kenya
Sunton CFW Clinic,Nairobi,Level 2,Private Practice - Nurse / Midwifery
Oasis Medical Clinic,Nairobi,Level 2,Private Practice - Nurse / Midwifery
St Thomas Maternity,Mombasa,Level 3,Private Practice - General Practitioner
Karibaribi Dispensary,Kiambu,Level 2,Ministry of Health
Makongeni Dispensary,Kiambu,Level 2,Ministry of Health
Magina Health Center,Kisumu,Level 3,Ministry of Health
Afya Nursing Home (Moyale),Marsabit,Level 3,Private Practice - Clinical Officer
University of Nairobi Staff Students Clinic,Mombasa,Level 2,Parastatal
Siala Kaduol,Siaya,Level 2,Ministry of Health
Karbururi Dispensary,Marsabit,Level 2,Ministry of Health
Rawana Dispensary,Marsabit,Level 2,Ministry of Health
Badan-Rero Dispensary,Marsabit,Level 2,Ministry of Health
Oriang Kanyadwera Dispensary,Kisumu,Level 2,Ministry of Health
Katolo-Manyatta Dispensary,Kisumu,Level 2,Ministry of Health
Nyakweri Dispensary,Homa Bay,Level 2,Ministry of Health
Tesorie Dispensary,Wajir,Level 2,Ministry of Health
Mamboleo Medical Clinic,Kisumu,Level 2,Private Practice - Nurse / Midwifery
Ruma Youth Friendly VCT (Rarieda),Siaya,Level 2,Private Enterprise (Institution)
The Hope Medical Centre-Awasi,Kisumu,Level 3,Christian Health Association of Kenya
Masaba Hospital Kisumu,Kisumu,Level 4,Private Practice - General Practitioner
Nalis Medical Centre,Kajiado,Level 2,Private Practice - Nurse / Midwifery
St John Medical Surgical Centre,Laikipia,Level 2,Private Practice - Nurse / Midwifery
Maina Kiganjo Health Clinic,Nyeri,Level 2,Private Practice - Nurse / Midwifery
St Veronica EDARP Clinic,Nairobi,Level 2,Other Faith Based
St John's Community Centre,Nairobi,Level 2,Other Faith Based
Just Meno Limited,Nairobi,Level 2,Private Practice - General Practitioner
Real Healthcare Medical Clinic,Nakuru,Level 2,Private Practice - Clinical Officer
St Christopher Dispensary,Kajiado,Level 2,Kenya Episcopal Conference-Catholic Secretariat
Al-Mumtaz Medical Clinic,Garissa,Level 2,Private Practice - Nurse / Midwifery
Nep Medical Centre,Garissa,Level 3,Private Practice - Medical Specialist
Penda Health Medical Clinic,Kajiado,Level 2,Private Practice - General Practitioner
Kitengela Centre of Hope Medical Clinic,Kajiado,Level 2,Private Practice - Nurse / Midwifery
Ajam VCT,Kajiado,Level 2,Non-Governmental Organizations
Makyau Dispensary,Machakos,Level 2,Ministry of Health
Barding Dispensary,Siaya,Level 2,Ministry of Health
Getrude Embakasi Clinic,Nairobi,Level 2,Private Practice - General Practitioner
Nairobi Earc St Anne Medical Clinic,Nairobi,Level 2,Academic
3Kl Maternity & Nursing Home,Kajiado,Level 2,Private Practice - Clinical Officer
Mugutha (CDF) Dispensary,Kiambu,Level 2,Ministry of Health
Dreamline Medical Clinic Kamulu,Nairobi,Level 2,Private Practice - General Practitioner
Divine Mercy Kariobangi,Nairobi,Level 2,Other Faith Based
Paradise Medical Centre (Dandora Area Iv),Nairobi,Level 3,Private Practice - General Practitioner
Saika Medical Centre,Nairobi,Level 2,Private Practice - General Practitioner
Kenya Association of Pofessional Counsellors (Kapc,Nairobi,Level 2,Non-Governmental Organizations
Wema Medical Clinic-Mshomoroni,Mombasa,Level 2,Private Practice - Nurse / Midwifery
Afraha Maternity and Nursing Home,Nakuru,Level 3,Private Enterprise (Institution)
Bargain Medical Clinic,Nakuru,Level 2,Private Practice - Clinical Officer
Matutu Medical Clinic,Nakuru,Level 2,Private Practice - Nurse / Midwifery
Cdn VCT,Nakuru,Level 2,Kenya Episcopal Conference-Catholic Secretariat
PCEA Upendo Health Centre,Nakuru,Level 3,Christian Health Association of Kenya
Restore Life Medical Centre,Nakuru,Level 2,Ministry of Health
Ziani Dispensary,Kilifi,Level 2,Ministry of Health
Helpers of Mary Dispensary,Nakuru,Level 2,Kenya Episcopal Conference-Catholic Secretariat
Advent Med & Dentist Care Centre,Nakuru,Level 2,Private Practice - General Practitioner
Meridian Medical Centre Nakuru,Nakuru,Level 2,Private Enterprise (Institution)
Modaan Clinic,Nakuru,Level 2,Private Practice - Nurse / Midwifery
Mutanda Community Dispensary,Kitui,Level 2,Ministry of Health
Khalala Dispensary,Bungoma,Level 2,Ministry of Health
Eluche,Kakamega,Level 2,Ministry of Health
Ngiitakito Dispensary,Turkana,Level 2,Ministry of Health
Educational Assessment and Resource Centre,Kakamega,Level 2,Public Institution
Kahaaro Dispensary,Nyeri,Level 2,Ministry of Health
Kemsa Staff Clinic,Nairobi,Level 2,Ministry of Health
Nasiger Dispensary,Turkana,Level 2,Ministry of Health
Nakechichok Dispensary,Turkana,Level 2,Ministry of Health
Meridian Medical Centre (Shimanzi/ganjoni),Mombasa,Level 2,Private Practice - General Practitioner
Mwangaza Medical Clinic (Bakarani),Mombasa,Level 2,Private Practice - Nurse / Midwifery
Mutithi Dispensary,Murang'A,Level 2,Ministry of Health
Kamukuywa Dispensary,Bungoma,Level 2,Ministry of Health
Uon Thika Drop In Centre Ii (Chivpr),Kiambu,Level 2,Private Enterprise (Institution)
Igorera Medical Clinic,Kisii,Level 2,Private Enterprise (Institution)
Gachua Catholic Dispensary,Meru,Level 2,Kenya Episcopal Conference-Catholic Secretariat
Nehemiah International Dispensary,Kisumu,Level 2,Non-Governmental Organizations
Kabebero AIPCA Dispensary,Nyeri,Level 2,Other Faith Based
Keragia Dispensary (Gucha),Kisii,Level 2,Ministry of Health
True Light Medical Clinic,Nairobi,Level 3,Private Practice - General Practitioner
Unity Nursing Home,Nairobi,Level 3,Private Practice - General Practitioner
Jacky Medical Clinic,Tharaka-Nithi,Level 2,Private Practice - Nurse / Midwifery
Galmagalla Nomadic Clinic,Garissa,Level 2,Ministry of Health
Kiembeni Medical Clinic,Mombasa,Level 2,Private Practice - Nurse / Midwifery
Mavindu Dispensary,Makueni,Level 2,Ministry of Health
Children's Support Centre Emurembe,Vihiga,Level 2,Non-Governmental Organizations
The Aga Khan University Hospital (Meru),Meru,Level 2,Private Practice - General Practitioner
The Karen Hospital (Meru),Meru,Level 2,Private Enterprise (Institution)
Rafiki Clinic,Kiambu,Level 2,Christian Health Association of Kenya
Pumzika Medical Care,Kilifi,Level 2,Private Practice - Nurse / Midwifery
Vostrum Clinic,Nairobi,Level 2,Non-Governmental Organizations
Partners In Prevention VCT Centre,Uasin Gishu,Level 2,Private Practice - Unspecified
Got Osimbo Dispensary,Siaya,Level 2,Ministry of Health
Ligala Dispensary,Siaya,Level 2,Ministry of Health
Arimi Clinic and Laboratory,Embu,Level 2,Private Practice - Nurse / Midwifery
Pacific Medical Clinic,Trans Nzoia,Level 2,Private Practice - Nurse / Midwifery
Kaunguni Dispensary,Makueni,Level 2,Ministry of Health
Bukwala SDA Dispensary,Kakamega,Level 2,Other Faith Based
Rongai Orthopaedics Medical Services,Kajiado,Level 2,Private Practice - General Practitioner
Corner Clinic,Taita Taveta,Level 2,Private Practice - Nurse / Midwifery
Bura Health Centre Taita,Taita Taveta,Level 3,Ministry of Health
New Mtongwe Medical Clinic,Mombasa,Level 2,Private Practice - Clinical Officer
Rosewo VCT Centre,Nakuru,Level 2,Non-Governmental Organizations
St Patricks Dispensary,Mombasa,Level 2,Kenya Episcopal Conference-Catholic Secretariat
The Co-Operative University College of Kenya Dispe,Nairobi,Level 2,Parastatal
St Luke's The Physician Medical Centre,Kiambu,Level 2,Private Practice - Nurse / Midwifery
Kemri Clinic,Kisumu,Level 3,Parastatal
Narok University College Clinic,Narok,Level 3,Parastatal
Imani Yako Medical Clinic (Joska),Machakos,Level 2,Private Practice - Nurse / Midwifery
Kiban Medical Clinic,Machakos,Level 2,Private Practice - Clinical Officer
Matungulu Medical Centre,Machakos,Level 2,Private Practice - Nurse / Midwifery
Ahero Medical Centre,Kisumu,Level 2,Private Practice - Nurse / Midwifery
Melkasons Clinic,Kisumu,Level 2,Private Practice - Nurse / Midwifery
Mutunguru PCEA Dispensary,Meru,Level 2,Christian Health Association of Kenya
Grace Medical Clinic (Imenti South),Meru,Level 2,Private Practice - Nurse / Midwifery
Ludomic Clinic,Embu,Level 2,Private Practice - Nurse / Midwifery
Tom Mboyaschool Cp Clinic,Mombasa,Level 2,Ministry of Health
Tumaini Childrens Home Out Patient Clinic(Kisauni),Mombasa,Level 2,Non-Governmental Organizations
Ngatu CDF,Kajiado,Level 2,Ministry of Health
Wanganga Health Centre,Kisumu,Level 3,Ministry of Health
Glovnet VCT,Nairobi,Level 2,Non-Governmental Organizations
Sunbeam Medical Centre,Nairobi,Level 2,Private Enterprise (Institution)
Mwafrika Institute of Development,Baringo,Level 2,Non-Governmental Organizations
Healthways Medical Centre,Nairobi,Level 2,Private Enterprise (Institution)
British American Tobacco Kenya Clinic,Nairobi,Level 2,Private Enterprise (Institution)
Angaza VCT,Nairobi,Level 2,Non-Governmental Organizations
Bristal Park Hospital,Nairobi,Level 3,Private Practice - General Practitioner
Bomu Medical Centre (Mariakani),Kilifi,Level 3,Non-Governmental Organizations
Mediheal Hospital Nakuru,Nakuru,Level 4,Private Enterprise (Institution)
Losho Dispensary,Narok,Level 2,Ministry of Health
GOK Prison Siaya,Siaya,Level 2,Public Institution
Dzanikeni Medical Clinic,Kilifi,Level 2,Private Practice - Nurse / Midwifery
Kenya Airports Employees Association,Nairobi,Level 2,Company Medical Service
Emali Model Health Centre,Makueni,Level 3,Ministry of Health
Riyadh Medical Clinic,Siaya,Level 2,Private Practice - Nurse / Midwifery
Tasia Family Medical Centre,Kajiado,Level 2,Private Practice - General Practitioner
Oloibon Medical Centre,Machakos,Level 2,Private Practice - Clinical Officer
Mlolongo VCT,Machakos,Level 2,Private Practice - Unspecified
Ray Comprehensive Youth Centre (Kanco),Machakos,Level 2,Private Practice - Unspecified
New Hope Community Centre,Machakos,Level 2,Private Practice - Unspecified
World Provision Centre VCT (Athi River),Machakos,Level 2,Non-Governmental Organizations
Ngiini Dispensary,Makueni,Level 2,Ministry of Health
Illikeek Oodupa Clinic,Narok,Level 2,Private Practice - Nurse / Midwifery
Langi Kawino Dispensary,Kisumu,Level 2,Ministry of Health
Milaani Dispensary,Machakos,Level 2,Ministry of Health
Katothya Dispensary,Machakos,Level 2,Ministry of Health
Ndela Dispensary,Machakos,Level 2,Ministry of Health
Kaewa Dispensary,Machakos,Level 2,Ministry of Health
Uzima Medical Clinic (Nandi Central),Nandi,Level 2,Private Practice - Nurse / Midwifery
Family Health Centre (Embu),Embu,Level 2,Private Practice - Nurse / Midwifery
Ngong Rapha Hospital,Kajiado,Level 4,Private Practice - General Practitioner
Cheboin Dispensary (Bureti),Kericho,Level 2,Ministry of Health
Wendani Medical Services,Kiambu,Level 2,Private Practice - Nurse / Midwifery
Umoja VCT Centre Stand Alone,Nairobi,Level 2,Non-Governmental Organizations
Kauthulini Dispensary,Machakos,Level 2,Ministry of Health
Wamboo Dispensary,Machakos,Level 2,Ministry of Health
Kimathi University College Medical Clinic,Nyeri,Level 2,Academic
Kagioini Catholic Dispensary,Nyeri,Level 2,Kenya Episcopal Conference-Catholic Secretariat
First Baptist Dispensary,Machakos,Level 2,Private Enterprise (Institution)
Nyaweri Deaf VCT,Kisumu,Level 2,Non-Governmental Organizations
Baraka Medical Clinic Kitengela,Kajiado,Level 2,Private Practice - Nurse / Midwifery
Aga Khan Clinic Kitengela,Kajiado,Level 2,Private Practice - General Practitioner
St John's Community Clinic Njiru,Nairobi,Level 2,Non-Governmental Organizations
Ruai (SDA) Clinic,Nairobi,Level 2,Other Faith Based
Dandora Medical Centre,Nairobi,Level 2,Private Practice - Unspecified
St Alice (EDARP) Dandora,Nairobi,Level 2,Kenya Episcopal Conference-Catholic Secretariat
Family Health Option of Kenya,Nairobi,Level 2,Non-Governmental Organizations
Kitum Dispensary,Trans Nzoia,Level 2,Ministry of Health
Ukuu MCK Dispensary,Meru,Level 2,Christian Health Association of Kenya
Woodshaven Medical Centre,Kajiado,Level 2,Private Practice - Clinical Officer
Kenya Ports Authority Staff Clinic,Mombasa,Level 2,Parastatal
Railway Dispensary,Mombasa,Level 2,Ministry of Health
Wumiisyo Medical Clinic,Makueni,Level 2,Private Practice - Nurse / Midwifery
Vegpro In House Clinic,Nairobi,Level 2,Company Medical Service
I Choose Life Africa,Nairobi,Level 2,Private Enterprise (Institution)
Kalimoni Hospital (Ruiru),Kiambu,Level 3,Kenya Episcopal Conference-Catholic Secretariat
Edkar Health Services,Kajiado,Level 2,Private Practice - Nurse / Midwifery
Nairobi Women Hospital Ongata Rongai,Kajiado,Level 4,Private Practice - General Practitioner
Neema Medical Clinic Kitengela,Kajiado,Level 2,Private Practice - Nurse / Midwifery
Gertrudes Children Clinic (Kitengela),Kajiado,Level 2,Private Practice - General Practitioner
St Paul's Hospital,Kajiado,Level 4,Private Practice - General Practitioner
Topcare Nursing Home,Kajiado,Level 3,Private Enterprise (Institution)
Chepkoiyo,Kericho,Level 2,Ministry of Health
Mahandakini Dispensary,Taita Taveta,Level 2,Ministry of Health
Ruiru Health Clinic,Kiambu,Level 2,Private Practice - Clinical Officer
Dr Sharma Medical Clinic,Kiambu,Level 2,Private Practice - General Practitioner
Dr Ogaro Medical Clinic,Uasin Gishu,Level 2,Private Practice - General Practitioner
Blue Haven Medical Clinic,Kiambu,Level 2,Private Practice - Clinical Officer
AAR Eldoret,Uasin Gishu,Level 3,Private Practice - General Practitioner
Sex Workers Outreach Program (Lang'ata),Nairobi,Level 2,Non-Governmental Organizations
Mbiri (ACK) Dispensary,Kirinyaga,Level 2,Christian Health Association of Kenya
St Mary Magdalene Kanjuu Dispensary,Kirinyaga,Level 2,Christian Health Association of Kenya
Life Water Ndege Mobile Clinic,Nakuru,Level 2,Other Faith Based
El Kambere Nomadic Clinic,Garissa,Level 2,Ministry of Health
Athi Complex Community Centre,Machakos,Level 3,Private Practice - General Practitioner
Kyazabe Medical Clinic,Machakos,Level 2,Private Practice - Unspecified
Wajir North Nomadic Clinic,Wajir,Level 2,Ministry of Health
Emahene Medical Clinic,Kakamega,Level 2,Private Practice - Nurse / Midwifery
Walmer Eye Clinic,Kakamega,Level 2,Private Practice - General Practitioner
Parayon Dispensary,West Pokot,Level 2,Ministry of Health
Nunguni Medical Clinic,Makueni,Level 2,Private Practice - Nurse / Midwifery
Noble Medical Clinic,Machakos,Level 2,Private Practice - Clinical Officer
Kapsang'ar Dispensary,West Pokot,Level 2,Other Faith Based
Gitombani Dispensary,Tharaka-Nithi,Level 2,Ministry of Health
Elis Medicare,Tharaka-Nithi,Level 2,Private Practice - Nurse / Midwifery
Sikusi Dispensary,Bungoma,Level 2,Ministry of Health
Wote Medical Clinic,Makueni,Level 2,Private Practice - Clinical Officer
Ponya Medical Clinic,Makueni,Level 2,Private Practice - Clinical Officer
Urafiki Medical Clinic,Kajiado,Level 2,Private Enterprise (Institution)
Vicodec Medical Clinic,Kajiado,Level 2,Private Practice - General Practitioner
Ponya Surgicals Nursing Home,Makueni,Level 3,Private Practice - Clinical Officer
Makueni Medical Centre,Makueni,Level 2,Private Practice - Clinical Officer
Sunshine Family Health Medicare Centre,Makueni,Level 3,Private Practice - General Practitioner
Victoria Medical Centre,Makueni,Level 2,Private Practice - Clinical Officer
Mercy Medical Clinic (Wote),Makueni,Level 2,Private Practice - Clinical Officer
Eunik Highway Medical Clinic,Makueni,Level 2,Private Practice - Nurse / Midwifery
Wote Health Clinic,Makueni,Level 2,Private Practice - Clinical Officer
Mutini Dispensary,Makueni,Level 2,Ministry of Health
Ngondu Medical Clinic,Nakuru,Level 2,Private Practice - Nurse / Midwifery
Rural Education and Environmental Program,Busia,Level 2,Private Practice - Nurse / Midwifery
Mubwekas Medical Clinic,Busia,Level 2,Private Practice - Nurse / Midwifery
Busia Trailer Park Clinic,Busia,Level 2,Ministry of Health
Mombasa Roadside Wellness Centre,Mombasa,Level 2,Non-Governmental Organizations
Buburi Community Clinic,Busia,Level 2,Non-Governmental Organizations
Cornestone Baptist Clinic,Busia,Level 2,Other Faith Based
Malkich Dispensary,Elegeyo-Marakwet,Level 2,Ministry of Health
PCEA Smyrna,Kajiado,Level 2,Private Practice - Unspecified
St Basil's Catholic Dispensary,Embu,Level 2,Kenya Episcopal Conference-Catholic Secretariat
St Nicholas Medical Clinic,Embu,Level 2,Private Practice - Nurse / Midwifery
St Antony Medical Clinic,Embu,Level 2,Private Practice - Nurse / Midwifery
Nzoia Medical Centre,Bungoma,Level 3,Private Practice - Nurse / Midwifery
Primarosa Flower Ltd,Nyandarua,Level 2,Private Practice - Nurse / Midwifery
Victoria Medical Clinic,Bungoma,Level 2,Private Practice - Nurse / Midwifery
Mathigu Road Medical Clinic,Kiambu,Level 2,Private Practice - Clinical Officer
Transcon Wendo Medical Services,Kiambu,Level 2,Company Medical Service
Mwisho Wa Lami Medical Clinic,Nakuru,Level 2,Private Practice - Clinical Officer
Turi AIC Health Centre,Nakuru,Level 2,Christian Health Association of Kenya
Mutukanio ACK Dispensary,Nakuru,Level 2,Christian Health Association of Kenya
Kakamega Police Line VCT,Kakamega,Level 2,Ministry of Health
Kakamega VCT Centre (Stand Alone),Kakamega,Level 2,Ministry of Health
Nadunga Dispensary,Turkana,Level 2,Ministry of Health
Port Health Dispensary Lokichoggio,Turkana,Level 2,Ministry of Health
Bondo University Clinic,Siaya,Level 2,Academic
Matumbi Dispensary,Kwale,Level 2,Non-Governmental Organizations
Shammah Medical Clinic,Kitui,Level 2,Private Practice - Clinical Officer
Namenya CFW Clinic,Busia,Level 2,Private Practice - Nurse / Midwifery
Ukasi Model Health Centre,Kitui,Level 3,Ministry of Health
Eremit Dispensary,Kajiado,Level 2,Ministry of Health
Oloosirkon Dispensary,Kajiado,Level 2,Ministry of Health
Oriang' Alwala Dispensary,Kisumu,Level 2,Ministry of Health
Meridian Medical Centre Ongata Rongai,Kajiado,Level 2,Private Practice - General Practitioner
Mariakani Cottage Hospital Ongatta Rongai,Kajiado,Level 4,Private Enterprise (Institution)
Kyambiti Dispensary,Kitui,Level 2,Ministry of Health
Awendo Jiwdendi,Migori,Level 2,Non-Governmental Organizations
Gatunga Model Health Centre,Tharaka-Nithi,Level 3,Ministry of Health
Kaliakakya Dispensary,Kitui,Level 2,Ministry of Health
Ng'odhe Dispensary (Main Land),Homa Bay,Level 2,Ministry of Health
Miorre Dispensary,Homa Bay,Level 2,Ministry of Health
Embomos Dispensary,Bomet,Level 2,Ministry of Health
Barsheba Medical Clinic,Mombasa,Level 2,Private Practice - Clinical Officer
Napeikar Dispensary,Turkana,Level 2,Ministry of Health
Rosewood Nursing Home,Migori,Level 2,Private Practice - Medical Specialist
Alpha Community Health Clinic (Migori),Migori,Level 2,Private Practice - Nurse / Midwifery
Kabirirsang Youth Centre,Nandi,Level 2,Ministry of Health
Kapchebwai Dispensary,Kericho,Level 2,Ministry of Health
Homa Bay Central Widows VCT,Homa Bay,Level 2,Private Practice - Nurse / Midwifery
Upendo VCT Centre,Homa Bay,Level 2,Non-Governmental Organizations
Neema Hospital (Ruiru),Kiambu,Level 2,Other Faith Based
Provide Medical Clinic,Murang'A,Level 2,Private Practice - Nurse / Midwifery
Homebase Medical Clinic,Kwale,Level 2,Private Practice - Nurse / Midwifery
Bondo Nyironge Medical Clinic,Migori,Level 2,Private Enterprise (Institution)
Nyawango Dispensary,Homa Bay,Level 2,Ministry of Health
Kopiata Beach Dispensary (Rarieda),Siaya,Level 2,Ministry of Health
Liberty Medical Clinic,Kiambu,Level 2,Private Practice - Nurse / Midwifery
Soget Dispensary,Narok,Level 2,Ministry of Health
Sahla Medical Clinic,Mombasa,Level 2,Private Practice - Nurse / Midwifery
Catholic Archdiocese of Mombasa CHBC & AIDS Relief,Mombasa,Level 2,Kenya Episcopal Conference-Catholic Secretariat
The Haven Medical Clinic,Kiambu,Level 2,Private Practice - Clinical Officer
Meditrust Health Care Services,Mombasa,Level 2,Private Practice - General Practitioner
Asembo Bay Health Clinic (Rarieda),Siaya,Level 2,Private Practice - Clinical Officer
Kiambu Medical Centre,Kiambu,Level 2,Private Practice - General Practitioner
Elite Medical Clinic (Bungoma East),Bungoma,Level 2,Private Practice - Nurse / Midwifery
Nkutuk Elmuget Dispensary,Samburu,Level 2,Ministry of Health
Thome Clinic,Laikipia,Level 2,Private Practice - Nurse / Midwifery
Marie Stopes Clinic (Laikipia East),Laikipia,Level 2,Non-Governmental Organizations
Ichuga Medical Clinic,Nyeri,Level 2,Private Practice - Nurse / Midwifery
Highway Mediacl Clinic (Nyeri North),Nyeri,Level 2,Private Practice - Clinical Officer
Afya Njema Medical Clinic (Nyeri North),Nyeri,Level 2,Private Practice - Clinical Officer
Kihinga Medical Clinic,Murang'A,Level 2,Private Practice - Nurse / Midwifery
Sheikh Nurein Medical Centre,Mombasa,Level 2,Private Practice - Medical Specialist
Station Side Makupa Clinic,Mombasa,Level 2,Private Practice - Medical Specialist
St Peter's Catholic Dispensary (Ng'onyi),Meru,Level 2,Kenya Episcopal Conference-Catholic Secretariat
Kiawa Medical Clinic,Nyeri,Level 2,Private Enterprise (Institution)
Sisto Mazoldi Dispensary (Rongai),Nakuru,Level 2,Kenya Episcopal Conference-Catholic Secretariat
Algadir Medical Clinic,Nakuru,Level 2,Supreme Council for Kenya Muslims
New Partners Initiative Scaling Up HIV and AIDS Pr,Nairobi,Level 2,Non-Governmental Organizations
Cargo Human Care Clinic,Kiambu,Level 2,Christian Health Association of Kenya
South B Hospital Ltd,Nairobi,Level 3,Private Practice - General Practitioner
Kilisa Dispensary,Makueni,Level 2,Ministry of Health
Dr Eshtera Clinic,Homa Bay,Level 2,Private Practice - General Practitioner
Innoculation Centre,Nairobi,Level 2,Ministry of Health
Prudent Medical Clinic Kariobangi,Nairobi,Level 2,Private Practice - General Practitioner
Skymed Medical Clinic Githunguri,Nairobi,Level 2,Private Practice - General Practitioner
Kimulot Dispensary,Bomet,Level 2,Ministry of Health
Rays International Clinic Kariobangi,Nairobi,Level 2,Ministry of Health
Dandora Health Service,Nairobi,Level 2,Private Practice - General Practitioner
Precious Life Medical Clinic Ruai,Nairobi,Level 2,Private Practice - General Practitioner
Karomo Medical Clinic,Nairobi,Level 2,Private Enterprise (Institution)
Namanjalala Dispensary,Trans Nzoia,Level 2,Ministry of Health
Soteni Dispensary,Bungoma,Level 2,Non-Governmental Organizations
Neema Medical Clinic (Muranga North),Murang'A,Level 2,Private Practice - Clinical Officer
Sirakaru Dispensary,Bungoma,Level 2,Ministry of Health
St Anns Medical Centre,Kiambu,Level 2,Private Practice - Nurse / Midwifery
Simboiyon Dispensary,Nakuru,Level 2,Ministry of Health
Sango Natiri Dispensary,Bungoma,Level 2,Ministry of Health
St Peters (ACK) Dispensary,Kiambu,Level 2,Christian Health Association of Kenya
Jowama Medical Clinic,Kiambu,Level 2,Private Practice - General Practitioner
ACK Kanunga Dispensary,Kiambu,Level 2,Christian Health Association of Kenya
Shalom Community Hospital (Athi River),Machakos,Level 4,Private Practice - General Practitioner
Calvary Family Health Care Centre,Mombasa,Level 2,Private Practice - Medical Specialist
Tayabi Medical and Dental Centre,Mombasa,Level 2,Private Practice - General Practitioner
St Jude Medical Clinic,Kiambu,Level 2,Private Practice - Nurse / Midwifery
Taiba Medical Centre,Nairobi,Level 3,Private Enterprise (Institution)
Thika Sasa Centre,Kiambu,Level 2,Non-Governmental Organizations
Kaki Family Medical Clinic,Meru,Level 2,Private Practice - Nurse / Midwifery
Gil Medical Clinic,Meru,Level 2,Private Practice - Nurse / Midwifery
Sky Way Medical Clinic,Meru,Level 2,Private Practice - Nurse / Midwifery
Keega Medical Clinic,Meru,Level 2,Private Practice - Nurse / Midwifery
Sani Medical Clinic,Meru,Level 2,Private Practice - Nurse / Midwifery
Uzima VCT Centre,Nairobi,Level 2,Non-Governmental Organizations
Nuru Lutheran Media Ministry,Nairobi,Level 2,Other Faith Based
Kiaibabu Dispensary,Kiambu,Level 2,Ministry of Health
New Hope VCT,Machakos,Level 2,Private Practice - Medical Specialist
Josma Medical Clinic (Kasarani),Nairobi,Level 2,Private Enterprise (Institution)
Thika Road Health Services Ltd (Kasarani),Nairobi,Level 2,Private Enterprise (Institution)
Kasarani Claycity Medical Centre (Kasarani),Nairobi,Level 2,Private Practice - General Practitioner
Sos Medical Clinic (Eldoret East),Uasin Gishu,Level 2,Private Enterprise (Institution)
Samoei Medical Clinic,Uasin Gishu,Level 2,Private Practice - Unspecified
Githurai Liverpool VCT,Nairobi,Level 2,Non-Governmental Organizations
Kyaango Dispensary,Kitui,Level 2,Ministry of Health
Vote Dispensary,Kitui,Level 2,Ministry of Health
Kiati Dispensary,Kitui,Level 2,Ministry of Health
St Joseph Nursing Home (Eastleigh North),Nairobi,Level 3,Kenya Episcopal Conference-Catholic Secretariat
Rafiki Kenia (Private) Clinic,Kwale,Level 2,Private Enterprise (Institution)
Mirere Health Centre,Kakamega,Level 3,Ministry of Health
St Pauls Ejinja Dispensary,Kakamega,Level 2,Kenya Episcopal Conference-Catholic Secretariat
Indangalasia Dispensary,Kakamega,Level 2,Ministry of Health
Perani Private Clinic,Kwale,Level 2,Private Practice - Nurse / Midwifery
MCK Kiirigu Dispensary,Tharaka-Nithi,Level 2,Christian Health Association of Kenya
Homa Bay Community Medical Clinic,Homa Bay,Level 2,Private Practice - Clinical Officer
Catholic Mission Dispensary,Wajir,Level 2,Christian Health Association of Kenya
PCEA Kibwezi Dispensary,Makueni,Level 2,Christian Health Association of Kenya
Kalimani Dispensary,Makueni,Level 2,Ministry of Health
Iiani Dispensary (Kibwezi),Makueni,Level 2,Ministry of Health
Tumaini Maternity and Nursing Home (Kibwezi),Makueni,Level 2,Private Practice - Clinical Officer
Equity Medical Clinic,Makueni,Level 2,Private Practice - Clinical Officer
Tumaini Health Services (Makindu),Makueni,Level 2,Private Practice - General Practitioner
Kamunyange Dispensary,Embu,Level 2,Ministry of Health
Kirathe Dispensary,Embu,Level 2,Ministry of Health
Kisauni Dispensary (Ziwa La Ng'ombe),Mombasa,Level 2,Ministry of Health
Engos Health Cente,Narok,Level 3,Christian Health Association of Kenya
Thome Catholic Dispensary,Laikipia,Level 2,Kenya Episcopal Conference-Catholic Secretariat
World Provision VCT,Machakos,Level 2,Other Faith Based
Ray Youth Consortium VCT,Machakos,Level 2,Non-Governmental Organizations
Devki Staff Clinic,Machakos,Level 2,Parastatal
Kmc Staff Clinic,Machakos,Level 2,Parastatal
Madoadi Dispensary (Sololo),Marsabit,Level 2,Ministry of Health
Albilal Medical Clinic (Moyale),Marsabit,Level 2,Private Practice - General Practitioner
Mzizima (CDF) Dispensary,Kwale,Level 2,Ministry of Health
Zigira (Community) Dispensary,Kwale,Level 2,Ministry of Health
Majira Dispensary,Tharaka-Nithi,Level 2,Ministry of Health
Withare Dispensary,Laikipia,Level 2,Ministry of Health
Venoma Medical Clinic,Kilifi,Level 2,Private Practice - Nurse / Midwifery
Al-Amin Medical Clinic,Kilifi,Level 2,Private Practice - Clinical Officer
Imani Medical Services,Kilifi,Level 2,Private Practice - Clinical Officer
Serena Medical Clinic,Kilifi,Level 2,Private Practice - Clinical Officer
Munyange Gikoe Dispensary,Nyeri,Level 2,Ministry of Health
Baraka Medical Clinic (Runyenjes),Embu,Level 2,Private Practice - Nurse / Midwifery
Khalaba Medical Services,Bungoma,Level 3,Private Practice - Medical Specialist
Sotik Town VCT,Bomet,Level 2,Private Enterprise (Institution)
Huruma Medical Clinic (Kanja),Embu,Level 2,Private Practice - Nurse / Midwifery
PCEA Mau-Summit Health Centre,Nakuru,Level 2,Other Faith Based
G K Prisons (Thika),Kiambu,Level 2,Ministry of Health
Tuiyoluk Dispensary,Uasin Gishu,Level 2,Ministry of Health
Muuani Rural Health Dispensary,Makueni,Level 2,Ministry of Health
Baobab Medical Clinic,Kilifi,Level 2,Private Practice - Clinical Officer
Burabor Dispensary,Mandera,Level 2,Ministry of Health
Hope Medical Clinic (Mariakani),Kilifi,Level 2,Private Practice - Clinical Officer
Tumaini Medical Clinic (Thika West),Kiambu,Level 2,Ministry of Health
Zaro Nursing Clinic (Likoni),Mombasa,Level 2,Private Practice - Nurse / Midwifery
Mainland Health Centre (Changamwe),Mombasa,Level 2,Private Practice - General Practitioner
Silibwet Dispensary,Nakuru,Level 2,Ministry of Health
Tendwet Dispensary,Nakuru,Level 2,Ministry of Health
Pona Services Opd,Kajiado,Level 2,Private Practice - General Practitioner
Maloba Health Clinic,Kakamega,Level 2,Private Practice - Nurse / Midwifery
Oyuma Dispensary (Rachuonyo),Homa Bay,Level 2,Ministry of Health
Pona Medical Clinic,Kakamega,Level 2,Private Practice - Nurse / Midwifery
Vision Medical Clinic Butere,Kakamega,Level 2,Private Practice - Clinical Officer
Alliance Medical Centre,Nairobi,Level 2,Private Enterprise (Institution)
International Medical Corps Mobile VCT (Mbita),Homa Bay,Level 2,Non-Governmental Organizations
Uviluni Dispensary,Makueni,Level 2,Ministry of Health
Mlolongo Wellness Centre,Machakos,Level 2,Ministry of Health
Gitaraka Dispensary,Embu,Level 2,Ministry of Health
Kyaluma Dispensary,Makueni,Level 2,Ministry of Health
Waia Dispensary,Makueni,Level 2,Ministry of Health
Mbavani Dispensary,Makueni,Level 2,Ministry of Health
Utangwa Dispensary,Makueni,Level 2,Ministry of Health
Gituamba Community Dispensary,Kiambu,Level 2,Ministry of Health
Goodwill Medical Clinic,Nakuru,Level 2,Private Practice - Nurse / Midwifery
Kanyenyaini ACK Dispensary,Murang'A,Level 2,Christian Health Association of Kenya
Kamuyu Dispensary (Kamakwa/mukaro),Nyeri,Level 2,Ministry of Health
Cheptigit Dispensary,Uasin Gishu,Level 2,Ministry of Health
Ngelel Tarit Dispensary,Uasin Gishu,Level 2,Ministry of Health
Santa Maria Medical Clinic (Kwale),Kwale,Level 2,Private Practice - Nurse / Midwifery
Sunshine Medical Clinic (Kwale),Kwale,Level 2,Private Practice - Nurse / Midwifery
J A Comenius Medical Clinic,Kwale,Level 2,Private Practice - Clinical Officer
Siloam Medical Clinic,Kakamega,Level 2,Private Practice - Clinical Officer
Christ The Healer,Kakamega,Level 3,Other Faith Based
Miritini (MCM) Dispensary,Mombasa,Level 2,Ministry of Health
Kijani (Mirera) Dispensary,Nakuru,Level 2,Ministry of Health
Afya Bora Clinic (Mutomo),Kitui,Level 2,Private Practice - Nurse / Midwifery
Kiimani Medical Clinic,Kitui,Level 2,Private Practice - Nurse / Midwifery
Ndakani Dispensary,Kitui,Level 2,Ministry of Health
Muangeni Dispensary,Kitui,Level 2,Ministry of Health
Nduu Ndune Dispensary,Kitui,Level 2,Ministry of Health
Enkongu Narok Dispensary,Kajiado,Level 2,Ministry of Health
Kararia Dispensary,Elegeyo-Marakwet,Level 2,Ministry of Health
Nile Medical Clinic,Samburu,Level 2,Private Practice - Clinical Officer
Olchekut Community Based Clinic,Narok,Level 2,Private Practice - Nurse / Midwifery
Taunet Dispensary,Nandi,Level 2,Ministry of Health
Plesian Dispensary,Baringo,Level 2,Ministry of Health
Pakase Dispensary,Kajiado,Level 2,Ministry of Health
Barut Dispensary,Nakuru,Level 2,Ministry of Health
Miloreni Dispensary,Nakuru,Level 2,Ministry of Health
Ruguru Dispensary,Nakuru,Level 2,Ministry of Health
Subati Medical Clinic,Nakuru,Level 2,Company Medical Service
Montezuma Monalisa Funeral Home (Lang'ata),Nairobi,,Private Practice - General Practitioner
Nkutuk Elmuget Dispensary (Duplicate),Samburu,Level 2,Ministry of Health
Leshuta Dispensary,Narok,Level 2,Ministry of Health
Chemwokter Dispensary,Narok,Level 2,Ministry of Health
Salabwek Dispensary,Narok,Level 2,Ministry of Health
Voo Health Centre,Kitui,Level 3,Ministry of Health
Waso AIPCA Dispensary (Isiolo),Isiolo,Level 2,Christian Health Association of Kenya
Karandini Medical Clinic,Tharaka-Nithi,Level 2,Private Practice - Clinical Officer
Akemo Medical Clinic,Mombasa,Level 2,Private Practice - Nurse / Midwifery
Chuka Unversity Dispensary,Tharaka-Nithi,Level 2,Parastatal
Dr L M Macharia Dental Clinic,Nyeri,Level 2,Private Practice - General Practitioner
Tropical Medical Clinic,Kajiado,Level 2,Private Practice - Clinical Officer
Kabururu Dispensary,Tharaka-Nithi,Level 2,Ministry of Health
Singawa Medical Centre,Mombasa,Level 2,Private Practice - Nurse / Midwifery
California Medical Clinic,Mombasa,Level 2,Private Practice - Nurse / Midwifery
Borehole Five Dispensary,Garissa,Level 2,Ministry of Health
Timbwani Medical Clinic,Mombasa,Level 2,Private Practice - Nurse / Midwifery
Baraka Health Centre,Narok,Level 2,Non-Governmental Organizations
Kapkwen Dispensary,Kericho,Level 2,Ministry of Health
Lovic Dermacare Clinic,Mombasa,Level 2,Private Practice - Clinical Officer
Ngosuani Dispensary,Narok,Level 2,Other Faith Based
Ilkiremisho Dispensary,Narok,Level 2,Ministry of Health
St Mary Medical Clinic Gatundu,Kiambu,Level 2,Private Practice - Nurse / Midwifery
Good Shepherd Ang'iya,Homa Bay,Level 2,Kenya Episcopal Conference-Catholic Secretariat
Endoinyo Narasha,Narok,Level 2,Ministry of Health
Nembu Med,Kiambu,Level 2,Private Practice - Nurse / Midwifery
Makoror Dispensary,Wajir,Level 2,Ministry of Health
Kiti Dispensary,Nakuru,Level 2,Ministry of Health
St Michael Medical Clinic,Machakos,Level 2,Private Practice - Clinical Officer
Masii Catholic Dispensary,Machakos,Level 2,Kenya Episcopal Conference-Catholic Secretariat
Nyarami VCT,Migori,Level 2,Non-Governmental Organizations
Migori Health Station Clinic,Migori,Level 2,Private Practice - General Practitioner
Bahati Medical Clinic Migori,Migori,Level 2,Private Practice - General Practitioner
Brase Clinic and Eye Centre,Migori,Level 2,Christian Health Association of Kenya
Ensakia Dispensary,Nyamira,Level 2,Ministry of Health
Junction Clinic,Siaya,Level 2,Private Practice - Clinical Officer
GK Prison Dispensary (Migori),Migori,Level 2,Ministry of Health
Meridian Medical Donholm Clinic,Nairobi,Level 2,Private Practice - General Practitioner
Osani Community Dispensary,Homa Bay,Level 2,Ministry of Health
Gertrude Komarock Clinic,Nairobi,Level 3,Private Practice - General Practitioner
St Barkita Dispensary Utawala,Nairobi,,Kenya Episcopal Conference-Catholic Secretariat
Kapchumbe Dispensary,Bomet,Level 2,Ministry of Health
Frankstar Medical Clinic (Manga),Nyamira,Level 2,Private Enterprise (Institution)
Lea Toto Community Mukuru Reuben,Nairobi,Level 2,Other Faith Based
EDARP Komarock Health Centre,Nairobi,Level 2,Kenya Episcopal Conference-Catholic Secretariat
Antubangai Catholic Dispensary,Meru,Level 2,Kenya Episcopal Conference-Catholic Secretariat
Komarock Morden Medical Care,Nairobi,Level 3,Private Practice - General Practitioner
G S U Kinisa Dispensary,Meru,Level 2,Ministry of Health
Ndoleli MCK Dispensay,Meru,Level 2,Christian Health Association of Kenya
Nyaore Dispensary,Kisii,Level 2,Ministry of Health
Mogonga Maternity and Nursing Home (Kenyenya),Kisii,Level 3,Private Practice - Nurse / Midwifery
Kenyenya Medical Centre (Kenyenya),Kisii,Level 2,Private Practice - Clinical Officer
Ngeri Dispensary,Homa Bay,Level 2,Ministry of Health
Kiandiu Dispensary,Meru,Level 2,Ministry of Health
Ncooro Dispensary,Meru,Level 2,Ministry of Health
Kibiru Dispensary,Meru,Level 2,Ministry of Health
Arosa Dispensary,Marsabit,Level 2,Ministry of Health
Voi Medical Centre,Taita Taveta,Level 2,Private Practice - Clinical Officer
Voi Roadside Clinic,Taita Taveta,Level 2,Private Practice - Clinical Officer
Stops Medical Clinic Kenya Ltd,Kisumu,Level 2,Private Practice - Nurse / Midwifery
New Chaani Healthcare Clinic & Laboratory,Mombasa,Level 2,Private Practice - Clinical Officer
Mangani Clinic,Tana River,Level 2,Private Practice - Clinical Officer
Central Medical Clinic and Labaratory (Changamwe),Mombasa,Level 2,Private Practice - Clinical Officer
Kajabdar Medical Clinic,Mombasa,Level 2,Private Practice - Clinical Officer
Mpeketoni Health Sevices (Witu),Lamu,Level 2,Private Practice - Clinical Officer
Sowa Medcal Clinic,Lamu,Level 2,Private Practice - Clinical Officer
Mapenya Dispensary,Lamu,Level 2,Ministry of Health
New Mbita Clinic,Homa Bay,Level 2,Private Practice - Clinical Officer
Young Generation Centre Dispensary (Med 25),Homa Bay,Level 2,Private Enterprise (Institution)
Viva Afya Kayole,Nairobi,Level 2,Private Practice - Clinical Officer
Susamed Medical Clinic,Nairobi,Level 2,Private Practice - Nurse / Midwifery
Imara Health Centre,Nairobi,Level 3,Christian Health Association of Kenya
Hope World Wide Kenya Mukuru Clinic,Nairobi,Level 2,Non-Governmental Organizations
St Raphael's Clinic,Nairobi,Level 2,Kenya Episcopal Conference-Catholic Secretariat
Manda Dispensary,Kakamega,Level 2,Ministry of Health
Osieko Dispensary,Busia,Level 2,Ministry of Health
Misikhu Medicalcclinic,Bungoma,Level 2,Private Practice - General Practitioner
Rikenye Dispensary (Masaba),Nyamira,Level 2,Ministry of Health
Kenyenya Medical Clinic (Kenyenya),Kisii,Level 2,Private Practice - Clinical Officer
ST Olivia Health Care,Kiambu,Level 2,Private Practice - Nurse / Midwifery
Olive Health Care International,Kiambu,Level 2,Private Practice - Nurse / Midwifery
Hema Medical Clinic,Vihiga,Level 2,Private Practice - Nurse / Midwifery
Mbaga Dispensary,Taita Taveta,Level 2,Ministry of Health
Oldoinyo Oibor Dispensary,Kajiado,Level 2,Ministry of Health
Garissa Mother and Child Care Nursing Home,Garissa,Level 3,Ministry of Health
Imani Medical Centre (Athi River),Machakos,Level 2,Private Practice - Clinical Officer
Waye Godha Dispensary,Marsabit,Level 2,Ministry of Health
Sololo Makutano Dispensary,Marsabit,Level 2,Ministry of Health
Discordant Couples of Kenya VCT,Nairobi,Level 2,Non-Governmental Organizations
Pwani University College Clinic,Kilifi,Level 2,Public Institution
Mutethia Medical Clinic,Meru,Level 2,Private Practice - Nurse / Midwifery
Kama Medical Clinic,Meru,Level 2,Private Practice - Nurse / Midwifery
Gitathi Dispensary,Murang'A,Level 2,Ministry of Health
Marimanti Med Clinic,Tharaka-Nithi,Level 2,Private Practice - Nurse / Midwifery
The Mater Hospital Buruburu,Nairobi,Level 2,Kenya Episcopal Conference-Catholic Secretariat
AIC Liten VCT,Kericho,Level 2,Christian Health Association of Kenya
Lughpharm Medical Services (Machakos),Machakos,Level 2,Private Practice - Clinical Officer
Masingu Health Services,Machakos,Level 2,Private Practice - Clinical Officer
Msf Olympic Centre,Nairobi,Level 2,Non-Governmental Organizations
Ap Buru Buru Disp,Mandera,Level 2,Ministry of Health
Kadija Dispensary,Mandera,Level 2,Ministry of Health
Shafshafey Health Centre,Mandera,Level 3,Ministry of Health
Nyango Dispensary,Kwale,Level 2,Ministry of Health
Giithu Dispensary,Meru,Level 2,Ministry of Health
Lanyiru Dispensary,Meru,Level 2,Ministry of Health
Kititu Dispensary,Machakos,Level 2,Ministry of Health
Kapkibimbir Dispensary,Nandi,Level 2,Ministry of Health
Ngenybogurio Dispensary,Nandi,Level 2,Ministry of Health
Kamurguiywa Dispensary,Nandi,Level 2,Ministry of Health
Koibem Dispensary,Nandi,Level 2,Ministry of Health
Kaptildil Dispensary,Nandi,Level 2,Ministry of Health
Kipsugur Dispensary,Nandi,Level 2,Ministry of Health
Chemokonja Dispensary,Nandi,Level 2,Ministry of Health
Kokwet Medical Clinic,Nandi,Level 2,Private Practice - Nurse / Midwifery
Kapsabet Health Care Centre,Nandi,Level 3,Private Practice - General Practitioner
Kapsirichoi Dispensary,Nandi,Level 2,Other Faith Based
Seaside Nursing Home,Mombasa,Level 3,Private Practice - General Practitioner
Cheplengu Dispensary,Nandi,Level 2,Ministry of Health
Al Azhar Medical Clinic,Mombasa,Level 2,Private Practice - Nurse / Midwifery
Mombasa Polytechnic Clinic,Mombasa,Level 2,Private Enterprise (Institution)
Kabwareng Dispensary,Nandi,Level 2,Ministry of Health
Amani VCT,Mombasa,Level 2,Non-Governmental Organizations
Mbaraki Police VCT,Mombasa,Level 2,Public Institution
Mombasa Medicare Clinic,Mombasa,Level 2,Private Practice - Nurse / Midwifery
Reachout Center,Mombasa,Level 2,Non-Governmental Organizations
Jamia Mosque Dispensary,Kirinyaga,Level 2,Private Practice - Nurse / Midwifery
Kathaana Dispensary,Machakos,Level 2,Ministry of Health
Kawauni Dispensary,Machakos,Level 2,Ministry of Health
Uamani Dispensary,Machakos,Level 2,Ministry of Health
Miu Dispensary,Machakos,Level 2,Ministry of Health
Kikuyuni Dispensary,Machakos,Level 2,Ministry of Health
Kyevaluki Dispensary,Machakos,Level 2,Ministry of Health
Ikutha Medical Clinic,Kitui,Level 2,Private Practice - Nurse / Midwifery
Blueturtle,Kitui,Level 2,Private Practice - Nurse / Midwifery
Luucho Dispensary,Bungoma,Level 2,Ministry of Health
Ombo Bita Dispensary,Migori,Level 2,Ministry of Health
Muthue Dispenary,Kitui,Level 2,Ministry of Health
Kimweli Dispensary,Kitui,Level 2,Ministry of Health
Mwengea Dispensary,Kitui,Level 2,Ministry of Health
Muamba Dispensary,Kitui,Level 2,Ministry of Health
Kalambani Dispensary,Kitui,Level 2,Ministry of Health
Monguni Dispensary,Kitui,Level 2,Ministry of Health
Ekani Dispenasry,Kitui,Level 2,Ministry of Health
Mikongoni Dispensary,Kitui,Level 2,Ministry of Health
Yaathi Dispensary,Kitui,Level 2,Ministry of Health
Mugomari Dispensary,Kakamega,Level 2,Ministry of Health
Shinyalu Health Centre,Kakamega,Level 3,Ministry of Health
Kabarnet Womens' Clinic,Baringo,Level 2,Private Practice - Medical Specialist
Rusinga Island of Hope Humanist Health Centre,Homa Bay,Level 3,Private Enterprise (Institution)
Faith Clinic,Kericho,Level 2,Private Practice - Nurse / Midwifery
Seretut Medical Clinic,Kericho,Level 2,Private Practice - Nurse / Midwifery
Kericho Youth Centre (Ainamoi),Kericho,Level 2,Non-Governmental Organizations
Live With Hope,Kericho,Level 2,Other Faith Based
Oriang VCT,Homa Bay,Level 2,Non-Governmental Organizations
Integrated Development Fund (IDF) VCT,Homa Bay,Level 2,Non-Governmental Organizations
Yofak VCT,Homa Bay,Level 2,Non-Governmental Organizations
Mogonjet Dispensary,Bomet,Level 2,Ministry of Health
AIC Ebenezer,Baringo,Level 2,Christian Health Association of Kenya
Manyatta Dispensary,Marsabit,Level 2,Ministry of Health
Huruma Medical Clinic,Murang'A,Level 2,Private Practice - General Practitioner
Yaballo Dispensary,Marsabit,Level 2,Ministry of Health
Afya Bora Clinic,Kirinyaga,Level 2,Private Practice - General Practitioner
St Joseph Brothers,Nyeri,Level 2,Kenya Episcopal Conference-Catholic Secretariat
Solio Dispensary,Laikipia,Level 2,Ministry of Health
Emmanuel Community Health Clinic (Mukurwe-Ini Central),Nyeri,Level 2,Private Practice - Nurse / Midwifery
Aqua Medical Clinic,Nyeri,Level 2,Private Practice - Nurse / Midwifery
Kiarithaini Dispensary,Nyeri,Level 2,Ministry of Health
St John's Dispensary (Kithoka),Meru,Level 2,Kenya Episcopal Conference-Catholic Secretariat
Shekinah Medical Clinic,Trans Nzoia,Level 2,Private Practice - Nurse / Midwifery
Mt Zion Mission Medical Clinic,Trans Nzoia,Level 2,Other Faith Based
Afya Medical Clinic (Munyaka),Nyandarua,Level 2,Private Practice - Nurse / Midwifery
Uzima Medical Clinic (Githamba),Nyandarua,Level 2,Private Practice - Nurse / Midwifery
Kiambogo Medical Clinic (Wanjohi),Nyandarua,Level 2,Private Practice - Nurse / Midwifery
Care Medical Clinic (Geta Bush),Nyandarua,Level 2,Private Practice - Clinical Officer
Amani Medical Clinic (Murungaru),Nyandarua,Level 2,Private Practice - Nurse / Midwifery
Njabini Catholic Dispensary,Nyandarua,Level 2,Kenya Episcopal Conference-Catholic Secretariat
Amani Medical Clinic Magumu,Nyandarua,Level 2,Private Practice - Nurse / Midwifery
Engineer Medical Clinic,Nyandarua,Level 2,Private Practice - Nurse / Midwifery
K-Met Corkran,Kisumu,Level 2,Non-Governmental Organizations
Kisumu International Airport Dispensary,Kisumu,Level 2,Ministry of Health
Oloropil Dispensary,Narok,Level 2,Kenya Episcopal Conference-Catholic Secretariat
Sa/Ahf Kithituni Health Clinic,Makueni,Level 2,Other Faith Based
EDARP Njiru Clinic,Nairobi,Level 2,Kenya Episcopal Conference-Catholic Secretariat
Van Den Berg Clinic,Nakuru,Level 2,Company Medical Service
Kings Clinic,Nakuru,Level 2,Private Practice - Nurse / Midwifery
Kentalya Farm Cilinic,Nakuru,Level 2,Company Medical Service
Wildfire Clinic,Nakuru,Level 2,Company Medical Service
Bethania Clinic,Nakuru,Level 3,Private Practice - Nurse / Midwifery
Namunyak Clinic,Nakuru,Level 2,Private Practice - Nurse / Midwifery
Lusop Clinic,Nakuru,Level 2,Private Practice - Nurse / Midwifery
Likii VCT,Laikipia,Level 2,Private Enterprise (Institution)
Deteni Medical Clinic,Kilifi,Level 2,Private Practice - Clinical Officer
Siwadhe Medical Clinic,Siaya,Level 2,Private Practice - General Practitioner
Nyadhi Dispensary,Siaya,Level 2,Ministry of Health
Kenyatta University Health Unit Mombasa Campus,Mombasa,Level 2,Academic
Karuoth Dispensary,Siaya,Level 2,Ministry of Health
Uhembo Dispensary,Siaya,Level 2,Ministry of Health
Kabura Dispensary,Siaya,Level 2,Ministry of Health
Umer Dispensary,Siaya,Level 2,Ministry of Health
Matibabu Ukwala Clinic,Siaya,Level 2,Private Practice - General Practitioner
Kambare Dispensary,Siaya,Level 2,Ministry of Health
Lidha Dispensary,Siaya,Level 2,Ministry of Health
Ashburn Ohuru Clinic,Siaya,Level 2,Other Faith Based
Mur Malanga Dispensary,Siaya,Level 2,Ministry of Health
Future Life Dispensary,Siaya,Level 2,Other Faith Based
Randago Dispensary,Siaya,Level 2,Ministry of Health
Enanga Clinic,Kakamega,Level 2,Private Practice - Nurse / Midwifery
Masogo Dispensary (Gem),Siaya,Level 2,Ministry of Health
St Lawrence Dispensary,Nyandarua,Level 2,Kenya Episcopal Conference-Catholic Secretariat
Gongo Health Centre,Siaya,Level 3,Ministry of Health
Oding Dispensary,Siaya,Level 2,Ministry of Health
Mary Mission,Nairobi,Level 3,Private Enterprise (Institution)
Njete Medical Clinic,Bungoma,Level 2,Private Practice - Nurse / Midwifery
Lihanda Health Centre,Siaya,Level 3,Non-Governmental Organizations
North Star Alliance Clinic,Makueni,Level 2,Non-Governmental Organizations
Muga Medical Clinic,Nyandarua,Level 2,Private Practice - Clinical Officer
Musau Medical Clinic,Makueni,Level 2,Private Practice - Clinical Officer
Kema Medical Clinic,Bungoma,Level 2,Private Practice - Nurse / Midwifery
St Thadeus Medical Clinic,Bungoma,Level 2,Other Faith Based
Mabanga Medical Clinic,Bungoma,Level 2,Private Practice - Nurse / Midwifery
Musco Clinic,Bungoma,Level 2,Private Practice - Nurse / Midwifery
Kwa Mbekenya Dispensary,Nyandarua,Level 2,Ministry of Health
Kabarnet Faith Clinic,Baringo,Level 2,Private Practice - Clinical Officer
Victory Revival Medical Clinic,Kiambu,Level 2,Private Practice - General Practitioner
Nazareth Hospital (Ruiru),Kiambu,Level 3,Kenya Episcopal Conference-Catholic Secretariat
St Raphael Arch Medical,Uasin Gishu,Level 2,Kenya Episcopal Conference-Catholic Secretariat
12 Engineers,Kiambu,Level 2,Ministry of Health
Mariestopes,Kiambu,Level 2,Private Practice - General Practitioner
Speak and Act,Kiambu,Level 2,Ministry of Health
Bonjoge Dispensary,Nandi,Level 2,Ministry of Health
Lochorekuyen Dispensary,Turkana,Level 2,Ministry of Health
Longech Dispensary,Turkana,Level 2,Ministry of Health
Naotin Dispensary,Turkana,Level 2,Ministry of Health
Kaitese Dispensary,Turkana,Level 2,Ministry of Health
Kangalita Dispensary,Turkana,Level 2,Ministry of Health
Kangirisae Dispensary,Turkana,Level 2,Ministry of Health
Provincial Police Hq VCT,Nyeri,Level 2,Public Institution
ACK Tumaini Medical Clinic,Nyeri,Level 2,Christian Health Association of Kenya
Dakarh Medical Services,Mombasa,Level 2,Private Practice - Clinical Officer
Soweto Medical Clinic,Mombasa,Level 2,Private Practice - Clinical Officer
Kiamiriru MCK Dispensary,Meru,Level 2,Christian Health Association of Kenya
Nopri Medical Centre,Kilifi,Level 2,Private Practice - Clinical Officer
Mercy Health Centre,Uasin Gishu,Level 3,Other Faith Based
Lagboqol Dispensary,Wajir,Level 2,Ministry of Health
St Peter Orthodox Church Dispenasary,Kiambu,Level 2,Other Faith Based
Kulaaley Health Centre,Wajir,Level 3,Ministry of Health
Njemuka Medical Clinic,Kiambu,Level 2,Private Practice - Nurse / Midwifery
Ngecha (PCEA) Health Centre,Kiambu,Level 3,Other Faith Based
Faith Medical Centre,Kitui,Level 2,Private Practice - Clinical Officer
Muthale East Medical Clinic,Kitui,Level 2,Private Practice - Nurse / Midwifery
Kabati Maternity Nursing Home,Kitui,Level 2,Private Practice - Nurse / Midwifery
Kabati Medical Centre,Kitui,Level 2,Private Practice - Clinical Officer
Musengo Medical Clinic,Kitui,Level 2,Private Practice - Nurse / Midwifery
Hope Medical Clinic,Kiambu,Level 2,Private Practice - Nurse / Midwifery
AHF EMALI  Clinic,Makueni,Level 2,Other Faith Based
PCEA Karungaru Dispensary,Tharaka-Nithi,Level 2,Christian Health Association of Kenya
Kiima Kiu Health Care Services Dispensary,Makueni,Level 2,Private Practice - Nurse / Midwifery
Vololo Dispensary,Makueni,Level 2,Ministry of Health
Uvete Dispensary,Makueni,Level 2,Ministry of Health
St Stephen's Children Clinic Gatondo,Embu,Level 2,Christian Health Association of Kenya
Lieta Health Centre (Rarieda),Siaya,Level 3,Ministry of Health
Wagoro Dispensary (Rarieda),Siaya,Level 2,Ministry of Health
Rambugu Dispensary (Rarieda),Siaya,Level 2,Ministry of Health
Uzima Medical Clinic,Nyandarua,Level 2,Private Practice - Clinical Officer
Keera Dispensary,Kisii,Level 2,Ministry of Health
Kariobangi South Clinic,Nairobi,Level 2,Ministry of Health
Katulye Dispensary-Nzaui,Makueni,Level 2,Ministry of Health
Bethany Health Services Clinic,Makueni,Level 2,Private Practice - Nurse / Midwifery
AIC Kalamba Dispensary,Makueni,Level 2,Other Faith Based
Enzai Afya Medical Clinic,Makueni,Level 2,Private Practice - Nurse / Midwifery
St Stephen's Kiandagae (ACK) Dispensary,Kirinyaga,Level 2,Christian Health Association of Kenya
Oljabet Medical Clinic,Laikipia,Level 2,Private Practice - Clinical Officer
Mwea Dental Clinic,Kirinyaga,Level 2,Private Practice - General Practitioner
Baraka Medical Clinic,Uasin Gishu,Level 2,Public Institution
Emmah Medial Clinic,Kiambu,Level 2,Private Practice - Nurse / Midwifery
Gitura Dispensary-Kenol,Murang'A,Level 2,Ministry of Health
Giatutu Dispensary,Murang'A,Level 2,Ministry of Health
Wanyaga Community Dispensary,Murang'A,Level 2,Ministry of Health
Chomei Medical Clinic,Uasin Gishu,Level 2,Private Enterprise (Institution)
Kapkoi Disp,Uasin Gishu,Level 2,Ministry of Health
Wananchi Medical Clinic,Uasin Gishu,Level 2,Private Enterprise (Institution)
Mama Lucy Kibaki Hospital - Embakasi,Nairobi,Level 4,Ministry of Health
Mwikalikha Dispensary,Kakamega,Level 2,Ministry of Health
Emalindi Health Centre,Kakamega,Level 3,Ministry of Health
Gitura Dispensary,Meru,Level 2,Ministry of Health
St Stephen (ACK) Cura Dispensary,Kiambu,Level 2,Other Faith Based
Uhuru Presitige Health Care,Nairobi,Level 2,Private Practice - Nurse / Midwifery
Tulwet Dispensary,Uasin Gishu,Level 2,Ministry of Health
Cura Medical Clinic,Kiambu,Level 2,Private Practice - Nurse / Midwifery
Women's Guild (PCEA) Uplands Dispensary,Kiambu,Level 2,Other Faith Based
Kiambaa Medical Clinic,Kiambu,Level 2,Private Practice - Nurse / Midwifery
Orthodox Maternity and Health Centre,Kiambu,Level 3,Other Faith Based
Wema Medical Clinic,Nairobi,Level 3,Private Practice - Nurse / Midwifery
Huduma Health Centre,Nairobi,Level 3,Private Practice - Clinical Officer
St Pery's Medical Clinic,Nairobi,Level 2,Private Practice - Nurse / Midwifery
Southern Health Care,Nairobi,Level 2,Private Practice - General Practitioner
Shree Cutchhi Leva Samaj Medical Clinic,Nairobi,Level 2,Non-Governmental Organizations
Tumaini Medical Centre (Sarang'ombe),Nairobi,Level 2,Private Practice - Clinical Officer
Lang'ata Comprehensive Medical Service,Nairobi,Level 2,Private Practice - General Practitioner
Mutiokiama Health Centre,Meru,Level 3,Ministry of Health
Karanjee Medical Clinic,Kiambu,Level 2,Private Practice - Nurse / Midwifery
Victoria Sub District Hospital,Kisumu,Level 4,Ministry of Health
Sharom Dispensary,Nyandarua,Level 2,Ministry of Health
Renguti (PCEA) Women's Guild Clinic,Kiambu,Level 2,Other Faith Based
Primary Health Services,Kiambu,Level 2,Private Practice - Nurse / Midwifery
Tumaini Clinic (Kiambu West),Kiambu,Level 2,Private Practice - Nurse / Midwifery
Gichagini Dispensary,Murang'A,Level 2,Ministry of Health
Heritage Medical Clinic,Kiambu,Level 2,Private Practice - Nurse / Midwifery
Most Precious Blood Sisters Dispensary,Kiambu,Level 2,Other Faith Based
St Angela Melici Health Centre,Kiambu,Level 3,Other Faith Based
Ningaini Dispensary,Nyeri,Level 2,Ministry of Health
Jowhar Dispensary,Wajir,Level 2,Ministry of Health
Hargal Dispensary,Wajir,Level 2,Ministry of Health
Dunto Dispensary,Wajir,Level 2,Ministry of Health
Barnet Memorial Hospital,Baringo,Level 3,Private Enterprise (Institution)
Rikendo Dispensary,Kisii,Level 2,Ministry of Health
Makande Healthcare Services,Mombasa,Level 2,Private Practice - Nurse / Midwifery
Ndege Oriedo Dispensary,Migori,Level 2,Ministry of Health
Kolwal Dispensary,Migori,Level 2,Ministry of Health
Piny Owacho Dispensary,Migori,Level 2,Ministry of Health
Midida Dispensary,Migori,Level 2,Ministry of Health
Maalimin Dispensary,Garissa,Level 2,Ministry of Health
Ilan Dispensary,Garissa,Level 2,Ministry of Health
Hagarbul Dispensary,Garissa,Level 2,Ministry of Health
Afwein Dispensary,Garissa,Level 2,Ministry of Health
Cheptangulgei Dispensary,Bomet,Level 2,Ministry of Health
Muchatha Dispensary,Kiambu,Level 2,Ministry of Health
Kengen Staff Clinic,West Pokot,Level 2,Private Enterprise (Institution)
Sugoi A Dispensary,Uasin Gishu,Level 2,Ministry of Health
Neema Medical Clinic (Huruma),Uasin Gishu,Level 2,Private Enterprise (Institution)
Chemamit Dispensary,Narok,Level 2,Ministry of Health
Keyian SDA Dispensary,Narok,Level 2,Other Faith Based
Ndamama Dispensary,Narok,Level 2,Ministry of Health
Shartuka Dispensary,Narok,Level 2,Ministry of Health
Kapune Dispensary,Narok,Level 2,Ministry of Health
Entargeti Dispensary,Narok,Level 2,Ministry of Health
Chemegong,Kericho,Level 2,Community
Kapkures Dispensary (Kericho),Kericho,Level 2,Ministry of Health
Kapchanga Dispensary,Kericho,Level 2,Ministry of Health
Kiplelgutik Dispensary,Kericho,Level 2,Ministry of Health
Gechiriet Dispensary,Kericho,Level 2,Ministry of Health
Kapsiya,Kericho,Level 2,Ministry of Health
Chepsoo,Kericho,Level 2,Ministry of Health
Mungaria Dispensary,Murang'A,Level 2,Ministry of Health
Kalyongwet,Kericho,Level 2,Ministry of Health
Kinyona Dispensary,Murang'A,Level 2,Ministry of Health
Gatiaini Dispensary,Murang'A,Level 2,Ministry of Health
Ruona Dispensary,Murang'A,Level 2,Ministry of Health
Mairi Dispensary,Murang'A,Level 2,Ministry of Health
Bararget Dispensary,Nakuru,Level 2,Ministry of Health
Kaplamai Dispensary,Nakuru,Level 2,Ministry of Health
Kiplobotwo Dispensary,Elegeyo-Marakwet,Level 2,Ministry of Health
Lukoye Health Centre,Kakamega,Level 3,Ministry of Health
Mabole Health Centre,Kakamega,Level 3,Ministry of Health
Jesmah CFW Clinic,Kirinyaga,Level 2,Non-Governmental Organizations
Kapkelei,Bomet,Level 2,Ministry of Health
Dr J K Kimani,Kirinyaga,Level 2,Private Practice - General Practitioner
Kamboo Dispensary,Makueni,Level 2,Ministry of Health
Garseyqoftu Dispensary,Wajir,Level 2,Ministry of Health
Mboroga Dispensary,Meru,Level 2,Ministry of Health
Kapkessum Dispensary,Elegeyo-Marakwet,Level 2,Ministry of Health
Chororget Dispensary,Elegeyo-Marakwet,Level 2,Ministry of Health
Epkee Dispensary,Elegeyo-Marakwet,Level 2,Ministry of Health
Muruangai Dispensary,Samburu,Level 2,Ministry of Health
Lpartuk Dispensary,Samburu,Level 2,Ministry of Health
Lesidai Dispensary,Samburu,Level 2,Ministry of Health
Angata Nanyokie Dispensary,Samburu,Level 2,Ministry of Health
Baawa Community Dispensary,Samburu,Level 2,Private Practice - General Practitioner
Emeroka Dispensary,Kisii,Level 2,Ministry of Health
Sagala Medical Clinic,Kirinyaga,Level 2,Private Practice - Nurse / Midwifery
Bensu Health Care Medical Clinic,Meru,Level 2,Private Practice - Nurse / Midwifery
Mt Zion Community Health Clinic,Makueni,Level 2,Private Practice - General Practitioner
Kakutha Dispensary,Makueni,Level 2,Ministry of Health
Seth Medical Clinic,Kiambu,Level 2,Private Practice - Clinical Officer
Meru Technical Training College Clinic,Meru,Level 2,Academic
Kamuchege Dispensary (Kamburu),Kiambu,Level 2,Ministry of Health
Mbau-Ini Dispensary,Kiambu,Level 2,Ministry of Health
Mavivye Model Health Centre,Makueni,Level 2,Ministry of Health
Tarakwa Dispensary (Eldoret West),Uasin Gishu,Level 2,Ministry of Health
Kaptoror Dispensary,Elegeyo-Marakwet,Level 2,Ministry of Health
Githambo Dispensary,Murang'A,Level 2,Ministry of Health
St Jude Catholic Dispensary,Uasin Gishu,Level 2,Christian Health Association of Kenya
Meswo Medical Clinic,Nandi,Level 2,Ministry of Health
Rwamburi Dispensary,Kiambu,Level 2,Ministry of Health
Napeitom Dispensary,Turkana,Level 2,Ministry of Health
Sironoi SDA Dispensary,Nandi,Level 2,Other Faith Based
Loperot Dispensary,Turkana,Level 2,Ministry of Health
Okook Dispensary,Busia,Level 2,Ministry of Health
Reale Hospital Eldoret,Uasin Gishu,Level 2,Private Practice - Medical Specialist
Kamolo Dispensary,Busia,Level 2,Ministry of Health
Itumbule Dispensary,Makueni,Level 2,Ministry of Health
Trinity Githiga (ACK) Dispensary,Murang'A,Level 2,Christian Health Association of Kenya
Maweni CDF Dispensary (Kongowea),Mombasa,Level 2,Ministry of Health
Kerobo Health Centre,Nyamira,Level 3,Ministry of Health
Kalimapus Dispensary,Turkana,Level 2,Ministry of Health
El-Ram Dispensary,Mandera,Level 2,Ministry of Health
El-Golicha Dispensary,Mandera,Level 2,Ministry of Health
Ngarendare Dispensary,Meru,Level 2,Ministry of Health
Enesampulai Dispensary,Narok,Level 2,Ministry of Health
Ziwa SDA,Uasin Gishu,Level 2,Christian Health Association of Kenya
I Choose Life Baraton,Nandi,Level 2,Non-Governmental Organizations
Eshikulu Dispensary,Kakamega,Level 2,Ministry of Health
Katheri Health Centre,Meru,Level 3,Ministry of Health
Kiija Dispensary,Meru,Level 2,Ministry of Health
Nthungululu Dispensary,Machakos,Level 2,Ministry of Health
Nandi Hills Doctors Scheme Association Dispensary,Nandi,Level 2,Company Medical Service
Ketitui Dispensary,Kericho,Level 2,Ministry of Health
Kamasega Dispensary,Kericho,Level 2,Ministry of Health
St Anthony Medical Clinic,Kiambu,Level 2,Private Practice - Nurse / Midwifery
Kamirithu Medical Clinic,Kiambu,Level 2,Private Practice - Nurse / Midwifery
Kimlea Medical Clinic,Kiambu,Level 2,Private Enterprise (Institution)
Lokaburu Dispensary,Turkana,Level 2,Ministry of Health
Bituyu Dispensary,Bungoma,Level 2,Ministry of Health
Murindoku Dispensary,Nakuru,Level 2,Ministry of Health
Bahai Dispensary,Bungoma,Level 2,Ministry of Health
Lolmolog Dispensary,Samburu,Level 2,Ministry of Health
Soko Medical Clinic,Kiambu,Level 2,Private Practice - Nurse / Midwifery
Kadokony Dispensary,West Pokot,Level 2,Ministry of Health
Al -Arbrar Medical Clinic,Samburu,Level 2,Private Practice - Clinical Officer
Emesc Medical Clinic,Turkana,Level 2,Private Practice - General Practitioner
Uradi Health Centre,Siaya,Level 3,Kenya Episcopal Conference-Catholic Secretariat
Givole Dispensary,Vihiga,Level 2,Ministry of Health
Rehema Children Medical Clinic Lodwar,Turkana,Level 2,Private Practice - Clinical Officer
Sironoi GOK Dispensary,Nandi,Level 2,Ministry of Health
Tiryo Dispensary (Nandi Central),Nandi,Level 2,Ministry of Health
Sunga Dispensary,Kisumu,Level 2,Ministry of Health
Lwala Kadawa Dispensary,Kisumu,Level 2,Ministry of Health
Onyinjo Dispensary,Kisumu,Level 2,Ministry of Health
Kolenyo Dispensary,Kisumu,Level 2,Ministry of Health
Kuoyo Kaila Dispensary,Kisumu,Level 2,Ministry of Health
Tala Dispensary,Homa Bay,Level 2,Ministry of Health
St Luke Medical Centre,Nakuru,Level 2,Private Practice - Clinical Officer
Ikonzo Dispensary,Busia,Level 2,Ministry of Health
Embu-Mbeere Hospice,Embu,Level 2,Ministry of Health
Musingini Dispensary,Machakos,Level 2,Ministry of Health
Kyasioni Dispensary,Machakos,Level 2,Ministry of Health
Bukhalalire Dispensary,Busia,Level 2,Ministry of Health
Masendebale Dispensary,Busia,Level 2,Ministry of Health
Bukalama Dispensary,Busia,Level 2,Ministry of Health
Lwanyange Dispensary,Busia,Level 2,Ministry of Health
Kiplombe Dispensary (Koibatek),Baringo,Level 2,Ministry of Health
Kapkoris Dispensary,West Pokot,Level 2,Ministry of Health
Simotwet Dispensary ( Koibatek),Baringo,Level 2,Ministry of Health
Malaha Dispensary,Kakamega,Level 2,Ministry of Health
Hakati Dspensary,Busia,Level 2,Armed Forces
Sipili Maternity and Nursing Home (Ol-Moran),Laikipia,Level 2,Private Practice - Nurse / Midwifery
Kikumini Dispensary (Makueni),Makueni,Level 2,Ministry of Health
Lkuroto Dispensary ((Maralal)),Samburu,Level 2,Ministry of Health
Cheronget,Kericho,Level 2,Ministry of Health
Samutet Dispensary,Kericho,Level 2,Ministry of Health
St Annes Health Clinic,Kiambu,Level 2,Private Practice - Nurse / Midwifery
St Peters Medical Clinic,Kiambu,Level 2,Ministry of Health
Kapsuser,Kericho,Level 2,Ministry of Health
Kapsoit,Kericho,Level 2,Ministry of Health
Nyabangi Dispensary,Kericho,Level 2,Ministry of Health
Robinson Medical Clinic (Manga),Nyamira,Level 2,Private Enterprise (Institution)
Magombo Community Dispensary (Manga),Nyamira,Level 2,Ministry of Health
Eshirembe Dispensary,Kakamega,Level 2,Ministry of Health
Mwea Diabetes / Hypertension Community Clinic,Kirinyaga,Level 2,Non-Governmental Organizations
Chebilat Dispensary (Nandi South),Nandi,Level 2,Ministry of Health
Kaptien Community Dispensary,Nandi,Level 2,Ministry of Health
Mitunguu Catholic Dispensary,Meru,Level 2,Kenya Episcopal Conference-Catholic Secretariat
Manoa Dispensary,Taita Taveta,Level 2,Ministry of Health
Pefa Mercy Medical Centre,Kiambu,Level 2,Other Faith Based
Sinai Medical Services,Kitui,Level 2,Private Practice - Nurse / Midwifery
Ngeteti Community Health Dispensary,Kiambu,Level 2,Ministry of Health
Mama Plister Blair Health Centre,Kisumu,Level 3,Private Enterprise (Institution)
Shelemba,Taita Taveta,Level 2,Ministry of Health
Holo Dispensary,Kisumu,Level 2,Ministry of Health
Nalondo Health Centre (Model),Bungoma,Level 3,Ministry of Health
Luuya Dispensary,Bungoma,Level 2,Ministry of Health
Moigutwo Dispensary,Baringo,Level 2,Ministry of Health
Mashambani Dispensary,Kisumu,Level 2,Ministry of Health
Koru Dispensary,Kisumu,Level 2,Ministry of Health
Masol Dispensary,West Pokot,Level 2,Ministry of Health
Kaonyweni Dispensary,Machakos,Level 2,Ministry of Health
Kwa Mwatu Dispensary,Machakos,Level 2,Ministry of Health
Kibiryokwonin Dispensary,Baringo,Level 2,Ministry of Health
Rondonin Dispensary,Baringo,Level 2,Ministry of Health
Kalabata Dispensary,Baringo,Level 2,Ministry of Health
Kipsogon Dispensary,Baringo,Level 2,Ministry of Health
Kamar Dispensary,Baringo,Level 2,Ministry of Health
Ng'endalel Dispensary,Baringo,Level 2,Ministry of Health
Waseges Dispensary,Baringo,Level 2,Ministry of Health
Tinganga Catholic Dispensary,Kiambu,Level 2,Kenya Episcopal Conference-Catholic Secretariat
Sugumerga Dispensary,Bomet,Level 2,Ministry of Health
Sachora Dispensary,Bomet,Level 2,Ministry of Health
Kipkitur Dispensary,Baringo,Level 2,Ministry of Health
Kalamene Dispensary,Meru,Level 2,Ministry of Health
Kibias Dispensary,Baringo,Level 2,Ministry of Health
Kabiyet Dispensary,Baringo,Level 2,Ministry of Health
Belgut Dispensary,Bomet,Level 2,Ministry of Health
Kembu Dispensary,Bomet,Level 2,Ministry of Health
Nyaporo Dispensary,Kakamega,Level 2,Ministry of Health
Wayu Boru,Tana River,Level 2,Ministry of Health
Haroresa,Tana River,Level 2,Ministry of Health
Roka,Tana River,Level 2,Ministry of Health
Kapkota Dispensary,Bungoma,Level 2,Ministry of Health
Bura Nomadic,Tana River,Level 2,Ministry of Health
Rei Dispensary,Meru,Level 2,Ministry of Health
Grace Medical Care Centre,Bungoma,Level 2,Other Faith Based
Yala Dispensary,Homa Bay,Level 2,Ministry of Health
Antubochiu Dispensary,Meru,Level 2,Ministry of Health
Kangeta G K Prison Dispensary,Meru,Level 2,Ministry of Health
Dry's Dispensary,Uasin Gishu,Level 2,Ministry of Health
Amwamba Dispensary,Meru,Level 2,Ministry of Health
Mbugiti Dispensary,Murang'A,Level 2,Ministry of Health
Kiarutara Dispensary,Murang'A,Level 2,Ministry of Health
Ithangarari Dispensary,Murang'A,Level 2,Ministry of Health
Gathanji Dispensary,Murang'A,Level 2,Ministry of Health
Mwingi Medicare Centre,Kitui,Level 3,Private Practice - Clinical Officer
Ilchalai Dispensary,Kajiado,Level 2,Ministry of Health
Siruti Dispensary,Migori,Level 2,Ministry of Health
Angaga Dispensary,Migori,Level 2,Ministry of Health
Kaiani Dispensary,Machakos,Level 2,Ministry of Health
Parua Dispensary,West Pokot,Level 2,Kenya Episcopal Conference-Catholic Secretariat
Chesupet Dispensary,West Pokot,Level 2,Ministry of Health
Dubai Medical Clinic,Nakuru,Level 2,Private Practice - Nurse / Midwifery
Wakor Dispensary,West Pokot,Level 2,Ministry of Health
Kapsait Dispensary (Pokot South),West Pokot,Level 2,Ministry of Health
Kenya Medical Training College Lodwar,Turkana,Level 2,Ministry of Health
Ombo Kowiti Dispensary,Migori,Level 2,Ministry of Health
Koloo Dispensary,Migori,Level 2,Ministry of Health
Glory Ministry Medical Clinic,Nakuru,Level 2,Other Faith Based
St John's Nyabite,Nyamira,Level 2,Private Practice - Nurse / Midwifery
Burduras Health Centre,Mandera,Level 3,Ministry of Health
Location Medical Clinic,Laikipia,Level 2,Private Practice - Nurse / Midwifery
Muruku Dispensary,Laikipia,Level 2,Ministry of Health
Unison Medical Clinic,Laikipia,Level 2,Private Practice - Clinical Officer
Segera Mission Dispensary,Laikipia,Level 2,Christian Health Association of Kenya
Kimuri Dispensary,Trans Nzoia,Level 2,Ministry of Health
Sitatunga Dispensary,Trans Nzoia,Level 2,Ministry of Health
Kambe Kikomani Medical Clinic,Kilifi,Level 2,Private Practice - Nurse / Midwifery
Cheptingwich Dispensary,Nandi,Level 2,Ministry of Health
Kaboi Dispensary,Nandi,Level 2,Ministry of Health
Toretmoi Dispensary,Nandi,Level 2,Ministry of Health
Menengai Health Care Services,Kilifi,Level 2,Private Practice - Nurse / Midwifery
Taito Community Dispensary,Nandi,Level 2,Ministry of Health
Kapkomoi Dispensary,Baringo,Level 2,Ministry of Health
Chesongo Dispensary,Baringo,Level 2,Ministry of Health
Kokotoni Dispensary,Kilifi,Level 2,Ministry of Health
Maragi Dispensary,Murang'A,Level 2,Ministry of Health
Kipkoror Dispensary,Nandi,Level 2,Ministry of Health
Cheptilil Dispensary,Nandi,Level 2,Ministry of Health
Bulla Mzuri Dispensary,Garissa,Level 2,Ministry of Health
Kuno Dispensary,Tana River,Level 2,Ministry of Health
Abdisamad Dispensary,Garissa,Level 2,Ministry of Health
Health Bridge Medical Clinic,Mandera,Level 2,Private Practice - Nurse / Midwifery
Dagahley Dispensary,Wajir,Level 2,Ministry of Health
Kyalilini Dispensary,Kitui,Level 2,Ministry of Health
Mikuyuni Dispensary,Kitui,Level 2,Ministry of Health
Kiraone Dispensary,Meru,Level 2,Ministry of Health
Muruguru Dispensary,Nyeri,Level 2,Ministry of Health
Zombe Catholic Dispensary,Kitui,Level 2,Kenya Episcopal Conference-Catholic Secretariat
St Joseph Kavisuni Health Centre,Kitui,Level 2,Other Faith Based
Kanzau Dispensary (Mbitini),Kitui,Level 2,Ministry of Health
Syathani (Kyathani) Dispensary,Kitui,Level 2,Ministry of Health
Nzangathi health centre,Kitui,Level 3,Ministry of Health
Katulani Sub District Hospital (Kitui),Kitui,Level 4,Ministry of Health
Nyangweta Health Centre,Nyamira,Level 3,Ministry of Health
Asumbi Annex Dispensary,Homa Bay,Level 2,Kenya Episcopal Conference-Catholic Secretariat
Nyalkinyi (Jersey) Dispensary,Homa Bay,Level 2,Ministry of Health
Oneno Dispensary,Homa Bay,Level 2,Ministry of Health
Motonto Health Centre,Kisii,Level 2,Ministry of Health
Hope Compassionate (ACK) Dispensary,Homa Bay,Level 2,Christian Health Association of Kenya
Mongorisi Health Centre,Nyamira,Level 3,Ministry of Health
Riakinaro Health Centre,Nyamira,Level 3,Ministry of Health
Kenyambi Health Centre (Nyamira),Nyamira,Level 3,Ministry of Health
Emusire Health Centre,Vihiga,Level 3,Ministry of Health
St Peters Gaitheri (ACK) Dispensary,Murang'A,Level 2,Christian Health Association of Kenya
Prisca Wakarima (ACK) Dispensary,Murang'A,Level 2,Christian Health Association of Kenya
Gaturi Catholic Parish Dispensary,Murang'A,Level 2,Kenya Episcopal Conference-Catholic Secretariat
Eburi Dispensary,Kisii,Level 2,Ministry of Health
Bokimai Dispensary,Kisii,Level 2,Ministry of Health
Openda Dispensary,Kisii,Level 2,Ministry of Health
Miangeni Dispensary (Makueni),Makueni,Level 2,Ministry of Health
Kagunduini Dispensary,Murang'A,Level 2,Ministry of Health
Mariaini Dispensary,Murang'A,Level 2,Ministry of Health
Katipanga Dispensary,Murang'A,Level 2,Ministry of Health
Mbuini Dispensary,Makueni,Level 2,Ministry of Health
Kyenzenzeni Dispensary,Makueni,Level 2,Ministry of Health
Kyau Dispensary,Makueni,Level 2,Ministry of Health
Yekanga Dispensary,Makueni,Level 2,Ministry of Health
Kambimawe Dispensary,Makueni,Level 2,Ministry of Health
Kaia Dispensary,Makueni,Level 2,Ministry of Health
Kee Dispensary,Makueni,Level 2,Ministry of Health
Kithuni Dispensary,Makueni,Level 2,Ministry of Health
Ikalyoni Dispensary,Makueni,Level 2,Ministry of Health
Itithini Dispensary,Makueni,Level 2,Ministry of Health
Mwaani Dispensary,Makueni,Level 2,Ministry of Health
Nthimbani Dispensary,Makueni,Level 2,Ministry of Health
Nthangu Dispensary,Makueni,Level 2,Ministry of Health
Waso Rongai Dispensary,Samburu,Level 2,Ministry of Health
Kumahumato Dispensary,Garissa,Level 2,Ministry of Health
Mulinde Dispensary,Kitui,Level 2,Ministry of Health
Ngiluni Dispensary (Mwingi),Kitui,Level 2,Ministry of Health
Itoloni Dispensary,Kitui,Level 2,Ministry of Health
Kwa Kavoo Dispensary,Kitui,Level 2,Ministry of Health
Kanyekini Dispensary,Kitui,Level 2,Ministry of Health
Nzauni Dispensary,Kitui,Level 2,Ministry of Health
Kasevi Dispensary,Kitui,Level 2,Ministry of Health
Mathyakani Dispensary,Kitui,Level 2,Ministry of Health
Kilulu Dispensary,Kitui,Level 2,Ministry of Health
Wikithuki Dispensary,Kitui,Level 2,Ministry of Health
Muliluni Dispensary,Kitui,Level 2,Ministry of Health
Nduu Dispensary,Machakos,Level 2,Ministry of Health
Ndunduni Dispensary,Machakos,Level 2,Ministry of Health
Kiliku Dispensary,Machakos,Level 2,Ministry of Health
Endebess District Hospital,Trans Nzoia,Level 4,Ministry of Health
Hungai Dispensary,Wajir,Level 2,Ministry of Health
Almacy Medical  Clinic,Siaya,Level 2,Private Practice - Nurse / Midwifery
Musembe Dispensary,Kakamega,Level 2,Ministry of Health
Nairobi Womens Hospital Adams,Nairobi,Level 4,Private Enterprise (Institution)
Kithaku Medical Clinic,Meru,Level 2,Private Enterprise (Institution)
Royal Clinic & Laboratory,Meru,Level 2,Private Enterprise (Institution)
Juzippos Health Care Clinic,Meru,Level 2,Private Enterprise (Institution)
Kasafari Dispensary (CDF),Embu,Level 2,Ministry of Health
Nyabiosi Dispensary,Kisii,Level 2,Ministry of Health
Gikuuri Dispensary (CDF),Embu,Level 2,Ministry of Health
Nyaoga Community Dispensary,Homa Bay,Level 2,Non-Governmental Organizations
Itembu Dispensary,Kisii,Level 2,Ministry of Health
Kerumbe Dispensary,Nyamira,Level 2,Ministry of Health
Nyagichenche (SDA) Dispensary,Kisii,Level 2,Christian Health Association of Kenya
Narumoru Catholic Dispensary,Nyeri,Level 2,Kenya Episcopal Conference-Catholic Secretariat
Munyaka Dispensary,Nyandarua,Level 2,Ministry of Health
Regional Blood Transfusion Centre (Embu),Embu,Level 2,Ministry of Health
Lea Toto Clinic (Westlands),Nairobi,Level 2,Non-Governmental Organizations
Mercy Dispensary (Lare),Nakuru,Level 2,Private Enterprise (Institution)
Gichago Dispensary,Nairobi,Level 2,Private Enterprise (Institution)
Mawamu Clinic,Nairobi,Level 2,Private Enterprise (Institution)
Al-Gadhir Clinic,Nairobi,Level 2,Non-Governmental Organizations
Kibirichia Medcare,Meru,Level 2,Private Enterprise (Institution)
Lereshwa Dispensary (Kipipiri),Nyandarua,Level 2,Ministry of Health
Kaathari Dispensary (CDF),Embu,Level 2,Ministry of Health
Gatimbi Medical Clinic,Meru,Level 2,Private Enterprise (Institution)
Neboi Dispensary,Mandera,Level 2,Ministry of Health
Lombi Medical Clinic,Homa Bay,Level 2,Private Practice - Clinical Officer
Good Hope Clinic,Meru,Level 2,Private Enterprise (Institution)
Nyamagiri Dispensary,Kisii,Level 2,Ministry of Health
Njuthine Dispensary,Meru,Level 2,Ministry of Health
Wachoro Medical Clinic,Nyandarua,Level 2,Private Practice - Nurse / Midwifery
Lord of Mercy Clinic,Nyeri,Level 2,Private Practice - Nurse / Midwifery
Nyandiwa Baptist Dispensary,Homa Bay,Level 2,Christian Health Association of Kenya
Nguuni Dispensary,Kitui,Level 2,Ministry of Health
Thonzweni Dispensary,Kitui,Level 2,Ministry of Health
Jonalifa Clinic,Nairobi,Level 3,Non-Governmental Organizations
Kiandutu Health Centre,Kiambu,Level 3,Ministry of Health
Gatina United Clinic,Nairobi,Level 2,Non-Governmental Organizations
Avarende Medical Clinic,Kakamega,Level 2,Private Enterprise (Institution)
Ematiha Dispensary,Kakamega,Level 2,Ministry of Health
Mukong'a Dispensary,Kitui,Level 2,Ministry of Health
St Jones &Ring Road Health Clinic,Kisumu,Level 3,Private Enterprise (Institution)
Ngongoni Dispensary (Kyuso),Kitui,Level 2,Ministry of Health
Kalatine Dispensary,Kitui,Level 2,Ministry of Health
Gaatia Dispensary,Meru,Level 2,Ministry of Health
AAR Clinic Sarit Centre (Westlands),Nairobi,Level 2,Private Enterprise (Institution)
St Jane Nursing Home,Kisumu,Level 3,Other Faith Based
Apex Clinic,Siaya,Level 2,Private Enterprise (Institution)
Turi (PCEA) Dispensary,Nakuru,Level 2,Christian Health Association of Kenya
St Lukes (Molo),Nakuru,Level 3,Private Enterprise (Institution)
Right Choice Clinic,Meru,Level 2,Private Enterprise (Institution)
Emc Kimumu Dispensary,Uasin Gishu,Level 2,Ministry of Health
Mawego Health Centre,Homa Bay,Level 3,Kenya Episcopal Conference-Catholic Secretariat
Ng'iya Health Centre,Siaya,Level 3,Kenya Episcopal Conference-Catholic Secretariat
Kiamutugu Health Centre,Kirinyaga,Level 3,Ministry of Health
Kamweti Dispensary,Kirinyaga,Level 2,Ministry of Health
Jesmond (ACK) Dispensary (Mburi),Kirinyaga,Level 2,Christian Health Association of Kenya
Kianyaga Sub-District Hospital,Kirinyaga,Level 4,Ministry of Health
Gatumbi (SDA) Dispensary,Kirinyaga,Level 2,Christian Health Association of Kenya
Gaciongo Dispensary (Kirinyaga),Kirinyaga,Level 2,Ministry of Health
Karumandi  Health Centre,Kirinyaga,Level 3,Ministry of Health
Gatugura Dispensary,Kirinyaga,Level 2,Ministry of Health
Kabare Health Centre,Kirinyaga,Level 3,Ministry of Health
PCEA Gateway,Kirinyaga,Level 2,Christian Health Association of Kenya
Joshua Memorial Mbai Dispensary,Kirinyaga,Level 2,Ministry of Health
Kiang'ombe Dispensary,Kirinyaga,Level 2,Ministry of Health
Elgeyo Boader Dispensary,Uasin Gishu,Level 2,Ministry of Health
Muyengwet Dispensary,Uasin Gishu,Level 2,Ministry of Health
Luanda Mch/Fp Clinic,Vihiga,Level 2,Private Practice - Nurse / Midwifery
Dagamra Medical Clinic,Kilifi,Level 2,Private Practice - Clinical Officer
Ukweli Medical Clinic,Nyandarua,Level 2,Private Practice - Nurse / Midwifery
Muwa M Clinic,Nyandarua,Level 2,Private Practice - Nurse / Midwifery
Hongwe Clinic,Lamu,Level 2,Private Practice - Nurse / Midwifery
St Paul Medical Clinic (Makutano),Machakos,Level 2,Private Practice - Clinical Officer
Mission K Clinic,Lamu,Level 2,Private Practice - Nurse / Midwifery
Ahadi Medical Clinic,Kilifi,Level 2,Private Practice - Nurse / Midwifery
Mummy's Medical Clinic,Vihiga,Level 2,Private Practice - Nurse / Midwifery
Mumbuni Nursing Home,Kitui,Level 3,Private Practice - Nurse / Midwifery
Ismc,Marsabit,Level 2,Private Practice - Nurse / Midwifery
Mamuki Medical Clinic,Kirinyaga,Level 2,Private Practice - Nurse / Midwifery
Vision Medical Clinic (Naromoru/kiamathaga),Nyeri,Level 2,Private Practice - Nurse / Midwifery
Pona Medical Clinic (Nyeri North),Nyeri,Level 2,Private Practice - Clinical Officer
M K M Clinic,Kirinyaga,Level 2,Private Practice - Clinical Officer
Mivumoni (Catholic) Dispensary,Kwale,Level 2,Kenya Episcopal Conference-Catholic Secretariat
Mrima (Catholic) Dispensary,Kwale,Level 2,Kenya Episcopal Conference-Catholic Secretariat
Mundoro Medical Clinic,Kiambu,Level 2,Private Practice - Nurse / Midwifery
Godo Dispensary,Kwale,Level 2,Ministry of Health
Marsabit Medical Clinic,Marsabit,Level 2,Private Practice - Nurse / Midwifery
Gitwe Medical Clinic,Kiambu,Level 2,Private Practice - Nurse / Midwifery
Kamakwa Medical Clinic,Nyeri,Level 2,Private Practice - Clinical Officer
Josan Medical Clinic,Tharaka-Nithi,Level 2,Private Practice - Clinical Officer
Sugarbaker Memorial Clinic,Nyeri,Level 2,Christian Health Association of Kenya
Zawadi Clinic,Kirinyaga,Level 2,Private Practice - Nurse / Midwifery
Heshima Clinic,Kirinyaga,Level 2,Private Practice - Nurse / Midwifery
Oljororok Catholic Dispensary,Nyandarua,Level 2,Kenya Episcopal Conference-Catholic Secretariat
Nyeri High School Clinic,Nyeri,Level 2,Academic
Joskae Clinic Kibingoti,Kirinyaga,Level 2,Private Practice - Nurse / Midwifery
Bakarani Maternity and Nursing Home,Mombasa,Level 3,Private Enterprise (Institution)
Mercy Medical (Kianugu) Clinic,Kirinyaga,Level 2,Private Practice - Nurse / Midwifery
Ngathini Dispensary,Kwale,Level 2,Ministry of Health
Time Health Care,Nyeri,Level 2,Private Practice - Nurse / Midwifery
Nyamache Sub County Referral Hospital,Kisii,Level 4,Ministry of Health
Gloria Health Services,Kajiado,Level 2,Private Enterprise (Institution)
Pollen Medical Clinic,Kiambu,Level 2,Company Medical Service
Neema Medicare Centre,Kiambu,Level 2,Private Enterprise (Institution)
Winners Medical Clinic,Kajiado,Level 2,Private Enterprise (Institution)
Phase Ten Clinic,Kiambu,Level 2,Private Enterprise (Institution)
Prime Medical Clinic,Kiambu,Level 2,Private Enterprise (Institution)
Ongata Medical Clinic,Kajiado,Level 2,Private Enterprise (Institution)
Kaithe Medical Clinic,Meru,Level 2,Private Enterprise (Institution)
Karinga Mission,Kiambu,Level 2,Kenya Episcopal Conference-Catholic Secretariat
Mukurwe (PCEA) Medical Clinic,Kiambu,Level 2,Christian Health Association of Kenya
Olive Health Care/Laboratory,Kirinyaga,Level 2,Private Practice - Nurse / Midwifery
Kiandu Medical Clinic,Nyeri,Level 2,Private Practice - Nurse / Midwifery
Mugas Clinic,Tharaka-Nithi,Level 2,Private Practice - Nurse / Midwifery
Gatugi Mission Dispensary,Nyeri,Level 2,Other Faith Based
Rehema Medical Centre,Murang'A,Level 2,Private Practice - Nurse / Midwifery
Jamii Medical Clinic (Gatundu),Kiambu,Level 2,Private Practice - Nurse / Midwifery
Kigongo Medical Clinic,Kiambu,Level 2,Private Practice - Nurse / Midwifery
Bcj Medical Centre,Kirinyaga,Level 2,Private Practice - Nurse / Midwifery
Good Samaritan (ACK) Medical Clinic,Nyeri,Level 2,Christian Health Association of Kenya
Marua Medical Clinic,Nyeri,Level 2,Private Practice - Nurse / Midwifery
Marura Nursing Home,Nairobi,Level 3,Private Enterprise (Institution)
Masa Medical Clinic (Nyeri North),Nyeri,Level 2,Private Practice - Clinical Officer
Khilna Medical Clinic,Kiambu,Level 2,Private Enterprise (Institution)
Mungu Aponya Medical Clinic,Kiambu,Level 2,Private Enterprise (Institution)
Mwangaza Medical Clinic (Thika),Kiambu,Level 2,Private Enterprise (Institution)
X-Cellent Medical Centre,Nakuru,Level 2,Private Enterprise (Institution)
Peka Maga Clinic,Kajiado,Level 2,Private Enterprise (Institution)
Getrude Donholm Clinic,Nairobi,Level 2,Private Enterprise (Institution)
Uzima Medical Clinic (Imenti South),Meru,Level 2,Private Enterprise (Institution)
Timau Integrated Medical Centre,Meru,Level 2,Private Practice - Nurse / Midwifery
Coni Health Centre,Nairobi,Level 2,Private Practice - Nurse / Midwifery
Genessaret Clinic,Nairobi,Level 2,Private Enterprise (Institution)
Delta Medical Clinic Dandora,Nairobi,Level 2,Private Enterprise (Institution)
Aski Medical Clinic,Nairobi,Level 2,Private Enterprise (Institution)
Kibutha Medical Clinic,Murang'A,Level 2,Private Enterprise (Institution)
Phase 7 Clinic,Kiambu,Level 2,Private Enterprise (Institution)
Pilot Medical Clinic,Kiambu,Level 2,Private Enterprise (Institution)
Kihoya Medical Centre,Murang'A,Level 2,Private Enterprise (Institution)
Rusana Medical Clinic,Kajiado,Level 2,Private Enterprise (Institution)
Kasarani Maternity,Nairobi,Level 3,Private Practice - Nurse / Midwifery
Samaritan Medical Clinic,Nyeri,Level 2,Private Enterprise (Institution)
Wananchi Medical Centre,Kirinyaga,Level 2,Private Practice - General Practitioner
Chemin Clinic,Kisii,Level 2,Private Enterprise (Institution)
Alfa Clinic,Nyamira,Level 2,Private Enterprise (Institution)
Firmview Medical Clinic,Nyamira,Level 2,Private Enterprise (Institution)
Jirani Medical Clinic,Murang'A,Level 2,Private Enterprise (Institution)
Uzima Medical Clinic (Thika),Kiambu,Level 2,Private Enterprise (Institution)
Mv Patel Clinic,Kisumu,Level 2,Private Enterprise (Institution)
Central Clinic (Kisumu East),Kisumu,Level 2,Private Enterprise (Institution)
Avenue Health Care Clinic,Kisumu,Level 2,Private Enterprise (Institution)
New Hope Medical Clinic,Kiambu,Level 2,Private Practice - Nurse / Midwifery
Jaima Clinic,Kirinyaga,Level 2,Private Practice - Nurse / Midwifery
Arcade Medical Clinic (Ruiru),Kiambu,Level 2,Private Practice - Nurse / Midwifery
Gatunga Health Centre,Tharaka-Nithi,Level 3,Kenya Episcopal Conference-Catholic Secretariat
Furqan Dispensary,Tana River,Level 2,Ministry of Health
New Southlands Laboratory,Meru,Level 2,Private Enterprise (Institution)
New Southlands Med Clinic,Meru,Level 2,Private Enterprise (Institution)
Marble Medical Laboratory,Meru,Level 2,Private Enterprise (Institution)
Omwabo Medical Clinic,Nyamira,Level 2,Private Enterprise (Institution)
Trans-Saharan Medical Clinic,Kiambu,Level 2,Private Enterprise (Institution)
Ithanga Medical Clinic,Murang'A,Level 2,Private Enterprise (Institution)
Highway Medical Clinic,Meru,Level 2,Private Enterprise (Institution)
Mercy Afya Clinic,Murang'A,Level 2,Private Enterprise (Institution)
Sawa Medical Consultants,Kiambu,Level 2,Private Enterprise (Institution)
Dr Maina,Kiambu,Level 2,Private Enterprise (Institution)
Queen of Peace Clinic,Kiambu,Level 2,Private Enterprise (Institution)
Penta Flowers Clinic,Kiambu,Level 2,Private Enterprise (Institution)
Wote Clinic,Kiambu,Level 2,Private Enterprise (Institution)
Redland Roses Ltd Clinic,Kiambu,Level 2,Private Enterprise (Institution)
Bondo Medical Clinic,Siaya,Level 2,Private Enterprise (Institution)
St James Medical Clinic,Nakuru,Level 2,Private Enterprise (Institution)
Bonzina Medical Clinic,Kajiado,Level 2,Private Enterprise (Institution)
Trinity Clinic (Ruiru),Kiambu,Level 2,Private Enterprise (Institution)
Royal Medical Clinic (Thika),Kiambu,Level 2,Private Enterprise (Institution)
Kikoshep Kenya (Mugumoini),Nairobi,Level 2,Non-Governmental Organizations
Kathande Medical Clinic,Embu,Level 2,Private Enterprise (Institution)
Optician Clinic,Meru,Level 2,Private Enterprise (Institution)
Tumaini Medial Clinic (Miriga Mieru West),Meru,Level 2,Private Enterprise (Institution)
Zena Roses Clinic,Murang'A,Level 2,Private Enterprise (Institution)
Tumaini Medical Clinic Laboratory,Meru,Level 2,Private Enterprise (Institution)
Upendo Medical Laboratory,Meru,Level 2,Private Enterprise (Institution)
Mayo Medical Clinic,Meru,Level 2,Private Enterprise (Institution)
Nica Kaunjira Dispensary,Meru,Level 2,Private Enterprise (Institution)
Wananchi Health Services Laboratory,Meru,Level 2,Private Enterprise (Institution)
Jambu Medical Clinic,Meru,Level 2,Private Enterprise (Institution)
Sunrise Medical Clinic (Mandera East),Mandera,Level 2,Private Enterprise (Institution)
Garrissa Highway Medical Clinic,Kiambu,Level 2,Private Enterprise (Institution)
Tawakal Medical Clinic (Mandera East),Mandera,Level 2,Private Enterprise (Institution)
Wananchi Health Services,Meru,Level 2,Private Enterprise (Institution)
Town Clinic Laboratory,Meru,Level 2,Private Enterprise (Institution)
Amal Medical Clinic,Mandera,Level 2,Private Enterprise (Institution)
Makutano Medical Clinic/Lab,Meru,Level 2,Private Enterprise (Institution)
Kirogine Medical Clinic,Meru,Level 2,Private Enterprise (Institution)
Mutindwa Laboratory,Meru,Level 2,Private Enterprise (Institution)
Meru Dental Services,Meru,Level 2,Private Enterprise (Institution)
Ntima Medical Clinic,Meru,Level 2,Private Enterprise (Institution)
Myopic Eye Clinic,Meru,Level 2,Private Enterprise (Institution)
Nehema Medical Clinic,Meru,Level 2,Private Enterprise (Institution)
Tonymed Medical Clinic,Nakuru,Level 2,Private Practice - Nurse / Midwifery
Meru Consultants,Meru,Level 2,Private Enterprise (Institution)
Kaithe Stage Medcare Clinic,Meru,Level 2,Private Enterprise (Institution)
Meru Medical /ENT Clinic,Meru,Level 2,Private Enterprise (Institution)
Meru Dignostic / Laboratory Services,Meru,Level 2,Private Enterprise (Institution)
Meru Diagnostic Centre,Meru,Level 2,Private Enterprise (Institution)
Kaithe Stage Medcare,Meru,Level 2,Private Enterprise (Institution)
Meru Consultants Laboratory,Meru,Level 2,Private Enterprise (Institution)
Kamuti Clinic,Meru,Level 2,Private Enterprise (Institution)
Meru Clinic,Meru,Level 2,Private Enterprise (Institution)
Mayo Medical Laboratory,Meru,Level 2,Private Enterprise (Institution)
Meru Medical Plaza Laboratory,Meru,Level 2,Private Enterprise (Institution)
Imenti X-Ray Services,Meru,Level 2,Private Enterprise (Institution)
Jamii Medical Clinic (Meru),Meru,Level 2,Private Enterprise (Institution)
Huruma Medical Centre,Meru,Level 2,Private Enterprise (Institution)
Generation Medical Clinic/Lab,Meru,Level 2,Private Enterprise (Institution)
Mutindwa Med Clinic,Meru,Level 2,Private Enterprise (Institution)
General Medical Clinic,Meru,Level 2,Private Enterprise (Institution)
Eastern Medical Consultants,Meru,Level 2,Private Enterprise (Institution)
Dorjos Health Services,Meru,Level 2,Private Enterprise (Institution)
Marble Clinic,Meru,Level 2,Private Enterprise (Institution)
Gakoromone Medical Clinic,Meru,Level 2,Private Enterprise (Institution)
Blue House Dispensary,Nairobi,Level 3,Non-Governmental Organizations
Wema Catholic Dispensary,Tana River,Level 2,Other Faith Based
Iftin Medical and Lab Services,Garissa,Level 2,Private Enterprise (Institution)
Kangaru Hospital,Embu,Level 4,Private Enterprise (Institution)
Afya Medical Clinic (Garissa),Garissa,Level 2,Private Practice - Clinical Officer
Thuita Clinic,Tharaka-Nithi,Level 2,Private Enterprise (Institution)
Githurai Community Clinic,Kiambu,Level 2,Private Enterprise (Institution)
Shammah Clinic,Kiambu,Level 2,Private Enterprise (Institution)
Somo Medical Clinic,Murang'A,Level 2,Private Enterprise (Institution)
Simbi Roses Clinic,Murang'A,Level 2,Private Enterprise (Institution)
Shalom Medical Clinic (Thika),Murang'A,Level 2,Private Enterprise (Institution)
James Clinic and Lab Services,Murang'A,Level 2,Private Enterprise (Institution)
Joyland Medical Clinic,Kiambu,Level 2,Private Enterprise (Institution)
Mugumo-Ini Medical Clinic,Murang'A,Level 2,Private Enterprise (Institution)
Osotua Medical Clinic,Kajiado,Level 2,Private Enterprise (Institution)
Bullampya Medical Clinic,Mandera,Level 2,Private Enterprise (Institution)
Kithatu Medical Clinic,Meru,Level 2,Private Practice - Nurse / Midwifery
Kinoro Medical Clinic,Meru,Level 2,Private Practice - Nurse / Midwifery
Wairungu Clinic,Murang'A,Level 2,Private Enterprise (Institution)
Kmc Clinic Mwichune,Meru,Level 2,Private Practice - Nurse / Midwifery
Times Medical Clinic,Samburu,Level 2,Private Practice - Clinical Officer
St John Baptist Ikalaasa Mission Dispensary,Machakos,Level 2,Kenya Episcopal Conference-Catholic Secretariat
Lungalunga Subcounty Hospital,Kwale,Level 2,Ministry of Health
Karatina Medical Services,Nyeri,Level 2,Private Practice - Clinical Officer
Dr Kariuki,Kiambu,Level 2,Private Practice - General Practitioner
Banadir Clinic,Mandera,Level 2,Private Enterprise (Institution)
Kirwara Health Clinic,Murang'A,Level 2,Private Enterprise (Institution)
Umoja Medical Clinic,Murang'A,Level 2,Private Enterprise (Institution)
Ntemwene Medical Clinic,Meru,Level 2,Private Enterprise (Institution)
Ntharene Medical Clinic,Meru,Level 2,Private Enterprise (Institution)
Mitunguu Medical Services,Meru,Level 2,Private Practice - Nurse / Midwifery
Almed Health Products,Mandera,Level 2,Private Enterprise (Institution)
Canan Medical Clinic,Kiambu,Level 2,Private Enterprise (Institution)
Northern Medical Clinic,Mandera,Level 2,Private Enterprise (Institution)
Afya Medical Clinic (Muranga North),Murang'A,Level 2,Private Practice - Nurse / Midwifery
Annex Medical Clinic (Muranga North),Murang'A,Level 2,Private Enterprise (Institution)
Kiriaini Medical Clinic,Murang'A,Level 2,Private Enterprise (Institution)
Huruma Dispensary,Nakuru,Level 2,Other Faith Based
Dr MOHamed Clinic,Nairobi,Level 2,Private Practice - General Practitioner
Jevros Clinic,Migori,Level 2,Private Practice - Clinical Officer
St Mary's Medical Clinic (Umoja II),Nairobi,Level 2,Private Enterprise (Institution)
Revival Home Based Care Clinic,Nairobi,Level 3,Other Faith Based
Canaan Health Providers (Nairobi),Nairobi,Level 2,Private Enterprise (Institution)
AAR City Centre Clinic,Nairobi,Level 2,Private Enterprise (Institution)
AAR Medical Services (Docks),Mombasa,Level 2,Private Enterprise (Institution)
AAR Thika Road Clinic,Nairobi,Level 2,Private Enterprise (Institution)
Kingstone Medical Clinic,Mombasa,Level 2,Private Enterprise (Institution)
Ideal Medical Clinic (Kangundo),Machakos,Level 2,Private Enterprise (Institution)
Jordan Medical Clinic (Kangundo),Machakos,Level 2,Private Enterprise (Institution)
Paramount Medical Clinic,Mandera,Level 2,Private Enterprise (Institution)
Christian Community Services Clinic Base Kerugoya,Kirinyaga,Level 2,Christian Health Association of Kenya
Emukaya Clinic,Kakamega,Level 2,Private Enterprise (Institution)
Wananchi Medical Clinic (Kajiado),Kajiado,Level 2,Private Practice - Clinical Officer
Kisukioni Medical Services,Machakos,Level 2,Private Enterprise (Institution)
St David's Health Care,Machakos,Level 2,Private Practice - Nurse / Midwifery
St Ann's Medical Clinic,Mombasa,Level 2,Private Enterprise (Institution)
Nguuni Health Centre,Mombasa,Level 2,Private Enterprise (Institution)
New Road Medical Care,Mombasa,Level 2,Private Enterprise (Institution)
Sau Health Services,Mombasa,Level 2,Private Enterprise (Institution)
Athi River Medical Services,Machakos,Level 3,Private Enterprise (Institution)
Hardship Medical Clinic,Machakos,Level 2,Private Enterprise (Institution)
Nairobi Pathologist Clinic,Makueni,Level 2,Private Practice - Clinical Officer
Joint Medical Clinic,Mombasa,Level 2,Private Enterprise (Institution)
Gorofani Medical Clinic,Mombasa,Level 2,Private Enterprise (Institution)
Geca Medical Clinic,Mombasa,Level 2,Private Enterprise (Institution)
St Grace Medical Clinic,Mombasa,Level 2,Private Enterprise (Institution)
Michaela Denis Medical Clinic,Kilifi,Level 2,Private Enterprise (Institution)
Chizi Medical Clinic,Kilifi,Level 2,Private Enterprise (Institution)
Bomu Medical Centre (Likoni),Mombasa,Level 2,Private Enterprise (Institution)
Huruma Medical Clinic (Kangundo),Machakos,Level 2,Private Enterprise (Institution)
Gaimu Clinic,Nairobi,Level 2,Private Enterprise (Institution)
Bona Medical Clinic,Mombasa,Level 2,Private Enterprise (Institution)
Dr Aziz Mohamed Medical Clinic,Nairobi,Level 2,Private Practice - General Practitioner
Kaikor Sub County Hospital,Turkana,Level 3,Ministry of Health
Healthway Medical Clinic,Kajiado,Level 2,Private Practice - Clinical Officer
Kisauni Medical Clinic,Kilifi,Level 2,Private Enterprise (Institution)
Crossroad Nursing Home,Marsabit,Level 2,Private Enterprise (Institution)
Samba Medical Clinic,Mombasa,Level 2,Private Enterprise (Institution)
Pendo Medical Clinic (Kinango),Kwale,Level 2,Private Enterprise (Institution)
Samburu Medical Centre,Kwale,Level 2,Private Enterprise (Institution)
Kinango Medical Clinic,Kwale,Level 2,Private Enterprise (Institution)
Kilawani Medical Clinic,Kitui,Level 2,Private Enterprise (Institution)
Bethsaida Medical Clinic (Kangundo),Machakos,Level 2,Private Enterprise (Institution)
Mtangani Medical Clinic,Kilifi,Level 2,Private Practice - Nurse / Midwifery
Mtondia Medical Clinic,Kilifi,Level 2,Private Enterprise (Institution)
Pona Dispensary,Machakos,Level 2,Private Enterprise (Institution)
Bombululu Medical Clinic,Kilifi,Level 2,Private Practice - Clinical Officer
Loltulelei Friends Dispensary,Samburu,Level 2,Christian Health Association of Kenya
Gitaru Clinic,Embu,Level 2,Private Enterprise (Institution)
Chalo Medical Clinic,Nyeri,Level 2,Private Practice - Clinical Officer
Rea Vipingo Dispensary,Kilifi,Level 2,Company Medical Service
Imperial Clinic,Nairobi,Level 2,Private Enterprise (Institution)
Mt Harmony Clinic,Kilifi,Level 2,Private Enterprise (Institution)
Kemri Staff Clinic and VCT Centre,Kilifi,Level 2,Company Medical Service
Amani Medical Clinic (Kilifi),Kilifi,Level 2,Private Enterprise (Institution)
Kaloleni Health Servics,Nairobi,Level 2,Private Enterprise (Institution)
Tala Medical Services,Machakos,Level 2,Private Enterprise (Institution)
Sevani Medical Centre,Mombasa,Level 2,Private Enterprise (Institution)
St Bridget's Mother & Child,Nairobi,Level 2,Kenya Episcopal Conference-Catholic Secretariat
Medicare Clinic,Nairobi,Level 2,Private Enterprise (Institution)
Marie Stopes Clinic (Pangani),Nairobi,Level 2,Non-Governmental Organizations
Marie Stopes Clinic (Kencom),Nairobi,Level 2,Non-Governmental Organizations
Kasilili Medical Clinic,Kitui,Level 2,Private Enterprise (Institution)
Wajir Bor Health Centre,Wajir,Level 3,Ministry of Health
Al Riyadh Medical Clinic,Mombasa,Level 2,Private Enterprise (Institution)
Bahari Medical Clinic,Mombasa,Level 2,Private Enterprise (Institution)
Landmawe Medical Services,Nairobi,Level 2,Private Enterprise (Institution)
Dabliu Clinic,Nairobi,Level 2,Private Enterprise (Institution)
Emmaus Nursing Home,Nairobi,Level 3,Private Enterprise (Institution)
Mayflower Clinic,Nairobi,Level 2,Private Enterprise (Institution)
Machakos Medical Clinic,Machakos,Level 3,Private Practice - General Practitioner
Mundoro Medical Clinic Dandora,Nairobi,Level 2,Private Enterprise (Institution)
Mwatate Clinic,Nairobi,Level 2,Private Enterprise (Institution)
Pine Medical Clinic,Nairobi,Level 2,Private Enterprise (Institution)
Ruai Community Clinic,Nairobi,Level 2,Private Enterprise (Institution)
Samaritan Medical Services (Dandora),Nairobi,Level 3,Non-Governmental Organizations
St Begson Clinic,Nairobi,Level 2,Private Enterprise (Institution)
St Jude's Medical Centre,Nairobi,Level 2,Private Enterprise (Institution)
Mikanjuni Family Medical Clinic,Mombasa,Level 2,Private Enterprise (Institution)
Amani Medical Clinic (Likoni),Mombasa,Level 2,Private Practice - Nurse / Midwifery
Komarock Medical Clinic,Nairobi,Level 2,Private Enterprise (Institution)
Wamunga Health Clinic,Nairobi,Level 2,Private Enterprise (Institution)
Wangu Medical Clinic,Nairobi,Level 2,Private Enterprise (Institution)
Wahundura Dispensary,Murang'A,Level 2,Ministry of Health
Baraka Afya Clinic,Embu,Level 2,Private Enterprise (Institution)
Joy Medical Clinic (Jomvu),Mombasa,Level 2,Private Practice - General Practitioner
Embu Children Hospital,Embu,Level 3,Private Practice - General Practitioner
Arcade Medical Clinic,Nyeri,Level 2,Private Practice - Clinical Officer
Imalaba Dispensary,Kakamega,Level 2,Ministry of Health
Huduma Medical Clinic,Meru,Level 2,Private Enterprise (Institution)
Tumaini Medical Clinic (Buuri),Meru,Level 2,Private Enterprise (Institution)
Shalom Health Services,Mombasa,Level 2,Private Enterprise (Institution)
Kikambala Medical Services,Kilifi,Level 2,Private Enterprise (Institution)
Samaritan Health Services,Meru,Level 2,Private Enterprise (Institution)
Mama Ken Clinic,Meru,Level 2,Private Enterprise (Institution)
St Valeria Medical Clinic,Mombasa,Level 2,Private Enterprise (Institution)
Thureya Medical Clinic,Mombasa,Level 2,Private Enterprise (Institution)
Travellers Medical Clinic,Mombasa,Level 2,Private Enterprise (Institution)
St Patrick Health Care Centre,Nairobi,Level 3,Private Enterprise (Institution)
Mainview Medical Clinic,Mombasa,Level 2,Private Enterprise (Institution)
Latulla Medical Centre,Mombasa,Level 2,Private Enterprise (Institution)
Freedom Medical Clinic,Mombasa,Level 2,Private Enterprise (Institution)
Mackinnon Medical Clinic,Mombasa,Level 2,Private Practice - Nurse / Midwifery
Mkunga Clinic,Nairobi,Level 3,Private Enterprise (Institution)
Marikebuni Dispensary,Kilifi,Level 2,Ministry of Health
Kakululo Dispensary,Kitui,Level 2,Ministry of Health
Comrade Nurising Home,Kirinyaga,Level 2,Private Practice - Clinical Officer
Shikumu Dispensary,Kakamega,Level 2,Ministry of Health
Elite Medical Clinic,Kajiado,Level 2,Private Practice - Clinical Officer
Upendo Clinic (Imenti North),Meru,Level 2,Private Enterprise (Institution)
Kanyenyaini Medical Clinic,Murang'A,Level 2,Private Enterprise (Institution)
Warazo Medical Clinic (Ruiru),Kiambu,Level 2,Private Practice - Nurse / Midwifery
Filhia Medical Clinic,Meru,Level 2,Private Enterprise (Institution)
Kiairegi Clinic,Murang'A,Level 2,Private Enterprise (Institution)
Manesh Clinic,Kirinyaga,Level 2,Private Enterprise (Institution)
Ros Megg Clinic,Meru,Level 2,Private Enterprise (Institution)
Savana Medical Clinic,Mombasa,Level 2,Private Enterprise (Institution)
St Joseph Medical Clinic (Kangundo),Machakos,Level 2,Private Enterprise (Institution)
Daraja Medical Clinic,Kisii,Level 2,Private Enterprise (Institution)
Murarandia Medical Centre,Murang'A,Level 2,Private Enterprise (Institution)
Afya Bora Clinic (Meru South),Tharaka-Nithi,Level 2,Private Enterprise (Institution)
Jericho Medical Clinic,Mombasa,Level 2,Private Enterprise (Institution)
Hekima Medical Clinic,Mombasa,Level 2,Private Practice - Clinical Officer
Family Medical Centre (Kisauni),Mombasa,Level 2,Private Enterprise (Institution)
Adu Dispensary,Kilifi,Level 2,Ministry of Health
Muguna West Clinic,Meru,Level 2,Private Enterprise (Institution)
Mama Fridah Clinic,Migori,Level 2,Private Enterprise (Institution)
Kesma Clinic,Murang'A,Level 2,Private Enterprise (Institution)
K K Medical Clinic,Meru,Level 2,Private Enterprise (Institution)
Waiganjo Clinic,Murang'A,Level 2,Private Enterprise (Institution)
Ruiri Medical Clinic,Meru,Level 2,Private Enterprise (Institution)
Kehancha Clinic,Migori,Level 2,Private Enterprise (Institution)
Times Clinic,Kiambu,Level 2,Private Enterprise (Institution)
Tevica Medical Clinic,Kiambu,Level 2,Private Enterprise (Institution)
Pr Medical Clinic (Buuri),Meru,Level 2,Private Enterprise (Institution)
Mama Caro Clinic,Migori,Level 2,Private Enterprise (Institution)
Azimio Medical Clinic (Meru South),Tharaka-Nithi,Level 2,Private Enterprise (Institution)
Getontira Clinic,Migori,Level 2,Private Enterprise (Institution)
Huduma Clinic,Migori,Level 2,Private Enterprise (Institution)
Ntha Clinic,Tharaka-Nithi,Level 2,Private Enterprise (Institution)
K K Chogoria Clinic,Meru,Level 2,Private Enterprise (Institution)
Border Clinic,Migori,Level 2,Private Enterprise (Institution)
Maralal Medical Clinic,Samburu,Level 2,Private Practice - Clinical Officer
Ikerege Clinic,Migori,Level 2,Private Enterprise (Institution)
Kamacabi Dispensary,Tharaka-Nithi,Level 2,Ministry of Health
Gateways Medical Clinic,Murang'A,Level 2,Private Practice - Clinical Officer
Gakira Medical Clinic,Murang'A,Level 2,Private Enterprise (Institution)
Canaan Medical Clinic,Mombasa,Level 2,Private Enterprise (Institution)
Siloam Mediacl Clinic,Kitui,Level 2,Private Enterprise (Institution)
Baraka Medical Clinic (Vikwatani),Mombasa,Level 2,Private Enterprise (Institution)
Shiloh Nursing Clinic,Mombasa,Level 2,Private Enterprise (Institution)
Mukuru Crescent Clinic,Nairobi,Level 2,Supreme Council for Kenya Muslims
Mundu Ta Mundu Clinic,Kitui,Level 2,Private Enterprise (Institution)
Kibokoni Medical Clinic,Mombasa,Level 2,Private Enterprise (Institution)
Alpha Medical Clinic,Samburu,Level 2,Private Practice - Clinical Officer
Nkubu Medical Clinic,Meru,Level 2,Private Practice - Nurse / Midwifery
Moshi Clinic,Migori,Level 2,Private Enterprise (Institution)
Bismillahi Medical Clinic,Mandera,Level 2,Private Enterprise (Institution)
Mau Summit Medical Clinic,Nakuru,Level 2,Private Enterprise (Institution)
Komomange Dispensary,Migori,Level 2,Ministry of Health
Kirin Agribio (Yoder) Clinic,Embu,Level 2,Private Enterprise (Institution)
Loitokitok Medical Clinic,Kajiado,Level 2,Private Practice - Clinical Officer
Tana Clinic,Nyeri,Level 2,Private Practice - Clinical Officer
Dr Kariuki R F Clinic,Mombasa,Level 2,Private Practice - General Practitioner
Kanamai Health Care,Kilifi,Level 2,Private Enterprise (Institution)
Kapu Medical Clinic,Nairobi,Level 2,Ministry of Health
Nduva Na Mwene Medical Clinic,Kitui,Level 2,Private Enterprise (Institution)
Ukunda Medical Clinic,Kwale,Level 3,Private Enterprise (Institution)
Air Port Medical Centre,Machakos,Level 2,Private Enterprise (Institution)
Bakarani Community Clinic,Mombasa,Level 2,Private Enterprise (Institution)
Juhudi Clinic,Nairobi,Level 2,Private Enterprise (Institution)
Kwa Ndomo Medical Clinic,Kilifi,Level 2,Private Practice - Nurse / Midwifery
Machakos Health Care Centre,Machakos,Level 2,Private Practice - Clinical Officer
Corner Medical Clinic,Mombasa,Level 2,Private Practice - Nurse / Midwifery
Tumaini Rh Clinic,Machakos,Level 2,Private Practice - Nurse / Midwifery
Badria Medical Clinic,Mombasa,Level 2,Private Practice - Clinical Officer
Upendo Medical Clinic (Kitui),Kitui,Level 2,Private Enterprise (Institution)
Mama Vero Clinic,Kitui,Level 2,Private Enterprise (Institution)
Amboseli Serena Lodge Clinic,Kajiado,Level 2,Company Medical Service
Oltukai Lodge Clinic,Kajiado,Level 2,Company Medical Service
Palani Health Care Clinic,Mombasa,Level 2,Private Enterprise (Institution)
Kangema Medical Clinic,Murang'A,Level 2,Private Practice - Clinical Officer
Timboni Community Dispensary,Kilifi,Level 2,Ministry of Health
Yeshua Medical,Mombasa,Level 2,Private Enterprise (Institution)
Memon Medical Centre,Mombasa,Level 2,Private Practice - Medical Specialist
Martmerg Medical Clinic,Kiambu,Level 2,Private Practice - Nurse / Midwifery
Njemuka Clinic,Murang'A,Level 2,Private Enterprise (Institution)
Lilian Wachuka Clinic,Murang'A,Level 2,Private Enterprise (Institution)
Micii Mikuru Clinic,Meru,Level 2,Company Medical Service
St Jude's Clinic,Kisumu,Level 2,Private Enterprise (Institution)
Shukrani Medical Clinic,Mombasa,Level 2,Private Enterprise (Institution)
Muriri Clinic,Meru,Level 2,Private Enterprise (Institution)
Wema Centre Medical Clinic,Mombasa,Level 2,Private Enterprise (Institution)
Shepherds Medical Clinic Maringo,Nairobi,Level 2,Private Enterprise (Institution)
Family Medical Centre (Malindi),Kilifi,Level 2,Private Practice - Clinical Officer
Ebenezer Medical Clinic (Thika),Kiambu,Level 2,Private Enterprise (Institution)
St Joy Afya Clinic,Meru,Level 2,Private Enterprise (Institution)
Shanzu Teachers College Clinic,Mombasa,Level 2,Private Enterprise (Institution)
Shalom Medical Clinic (Embu),Embu,Level 2,Private Enterprise (Institution)
Illasit Medical Clinic,Kajiado,Level 2,Private Practice - Clinical Officer
Subira Medical Clinic,Kilifi,Level 2,Private Practice - Clinical Officer
Malindi Care Services Limited,Kilifi,Level 2,Private Practice - Medical Specialist
Rural Medical Clinic (Nyeri South),Nyeri,Level 2,Private Practice - Clinical Officer
Ibnusina Clinic,Lamu,Level 2,Private Practice - Clinical Officer
Mtopanga Clinic,Mombasa,Level 2,Private Enterprise (Institution)
Royal Health Care,Kilifi,Level 2,Private Practice - General Practitioner
St Bennedticto Health Centre,Kilifi,Level 3,Private Enterprise (Institution)
Medina Medical Clinic,Mombasa,Level 2,Private Enterprise (Institution)
Town Centre Medical Clinic,Kilifi,Level 2,Private Practice - Clinical Officer
Dzitsoni Medical Clinic,Kilifi,Level 2,Private Enterprise (Institution)
Pendo Medical Clinic (Kilindini),Mombasa,Level 2,Private Enterprise (Institution)
Marereni Medical Clinic,Kilifi,Level 2,Private Practice - Clinical Officer
Ebenezer Medical Clinic (Malindi),Kilifi,Level 2,Private Practice - Nurse / Midwifery
Mission Medical Clinic (Bahari),Kilifi,Level 2,Private Enterprise (Institution)
Neema Medical Clinic (Malindi),Kilifi,Level 2,Private Practice - Nurse / Midwifery
Ashraf Medical Clinic,Mombasa,Level 2,Private Enterprise (Institution)
Azimio Medical Centre,Mombasa,Level 2,Private Enterprise (Institution)
Shwak Medical Clinic,Kiambu,Level 2,Private Enterprise (Institution)
Namelok Medical Clinic,Samburu,Level 2,Private Practice - Clinical Officer
Nyagoto Dispensary,Kisii,Level 2,Ministry of Health
St Peter's Hospital,Kilifi,Level 3,Private Practice - Clinical Officer
Thunguma Medical Clinic,Nyeri,Level 2,Private Practice - Clinical Officer
Dr Awimbo E Clinic,Mombasa,Level 2,Private Practice - General Practitioner
Dr Bernad M Oduor Clinic,Kilifi,Level 2,Private Practice - General Practitioner
Kavisuni Health Care Clinic,Kitui,Level 2,Private Enterprise (Institution)
Dr Yunus Clinic,Kilifi,Level 2,Private Practice - General Practitioner
Kuze Health Care,Mombasa,Level 2,Private Enterprise (Institution)
Tereza D'Lima Dispensary,Machakos,Level 2,Private Enterprise (Institution)
David Kariuki Medical Centre,Kilifi,Level 2,Private Practice - Clinical Officer
Muyeye Medical Clinic,Kilifi,Level 2,Private Practice - Clinical Officer
Maamba Medical Clinic,Kilifi,Level 2,Private Enterprise (Institution)
Egah Medical Clinic,Kilifi,Level 2,Private Practice - Clinical Officer
Mwawesa Medical Clinic,Kilifi,Level 2,Private Practice - Clinical Officer
Afya Njema Clinic,Machakos,Level 2,Private Enterprise (Institution)
Kitui Quality Care,Kitui,Level 3,Private Enterprise (Institution)
Shree Cuteh Sat Sanf Swaminara,Mombasa,Level 2,Private Enterprise (Institution)
Kipture Dispensary,Nandi,Level 2,Ministry of Health
Rehoboth Maternity Nursing Home(Mwingi North),Kitui,Level 3,Private Enterprise (Institution)
Joy Town Clinic,Kiambu,Level 2,Private Practice - General Practitioner
Tumaini Medical Clinic (Kilindini),Mombasa,Level 2,Private Enterprise (Institution)
Siloam Medical Clinic (Malindi),Kilifi,Level 2,Private Practice - Clinical Officer
Kithayoni Medical Clinic,Machakos,Level 2,Private Practice - Nurse / Midwifery
Community Medical Centre (Kongowea),Mombasa,Level 2,Private Practice - General Practitioner
Bombolulu Staff Clinic,Mombasa,Level 2,Private Enterprise (Institution)
Tawakal Medical Clinic (Msambweni),Kwale,Level 2,Private Enterprise (Institution)
Trinity Medical Clinic (Kilindini),Mombasa,Level 2,Private Enterprise (Institution)
St Hillarias Medical Clinic,Mombasa,Level 2,Private Enterprise (Institution)
Jambo Medical Clinic,Mombasa,Level 3,Private Enterprise (Institution)
Jambo Clinic,Kilifi,Level 2,Private Practice - Clinical Officer
Sparki Health Services,Mombasa,Level 2,Private Enterprise (Institution)
Genesis Medicare,Mombasa,Level 2,Private Practice - Nurse / Midwifery
Kyanzavi Medical Clinic,Machakos,Level 2,Private Enterprise (Institution)
Nyali Health Care Limited,Mombasa,Level 2,Private Enterprise (Institution)
Makadara Health Care,Machakos,Level 2,Private Enterprise (Institution)
Upendo Health Care Clinic,Kilifi,Level 2,Private Enterprise (Institution)
Mary Goretti Health Services,Machakos,Level 2,Private Enterprise (Institution)
Nuru Health Care Centre,Kilifi,Level 2,Private Enterprise (Institution)
Athi River Community Hospital,Machakos,Level 2,Private Enterprise (Institution)
Opiroi Dispensary,Samburu,Level 2,Ministry of Health
Utugi Medical Clinic,Embu,Level 2,Private Enterprise (Institution)
EAPC Kigumo Clinic,Embu,Level 2,Christian Health Association of Kenya
Sunrise Clinic,Homa Bay,Level 2,Private Enterprise (Institution)
Tumaini Clinic,Kajiado,Level 2,Private Practice - Clinical Officer
Family Health Care Clinic,Kakamega,Level 2,Private Enterprise (Institution)
Premier Medical Clinic (Kitui),Kitui,Level 2,Private Enterprise (Institution)
Manyatta Medical Clinic,Kajiado,Level 2,Private Practice - Clinical Officer
Dr Safdar S Saeed Clinic,Mombasa,Level 2,Private Practice - General Practitioner
Mathare Police Depot,Nairobi,Level 2,Ministry of Health
Kahada Medical Clinic,Mombasa,Level 2,Private Enterprise (Institution)
St Joseph Maledi Clinic,Kwale,Level 2,Private Enterprise (Institution)
Bengo Medical Clinic,Kilifi,Level 2,Private Practice - Clinical Officer
St Andrews Medical Clinic,Kilifi,Level 2,Private Enterprise (Institution)
Family Medical Centre (Mombasa),Mombasa,Level 2,Private Enterprise (Institution)
Ziwa La Ng'ombe Medical Clinic,Mombasa,Level 2,Private Enterprise (Institution)
Jaffery Medical Clinic,Mombasa,Level 2,Private Enterprise (Institution)
Gongoni Medical Clinic,Kilifi,Level 2,Private Practice - Clinical Officer
Mwachande Medical Clinic,Kwale,Level 2,Private Enterprise (Institution)
St Michael Medical Services,Machakos,Level 2,Private Enterprise (Institution)
Swindon Clinic,Homa Bay,Level 2,Private Enterprise (Institution)
Gadi Medical Clinic,Nyeri,Level 2,Private Practice - Clinical Officer
Kiambogo Medical Clinic,Nyeri,Level 2,Private Practice - Clinical Officer
St Norah's Clinc,Nyamira,Level 2,Private Enterprise (Institution)
EDARP Ruai Clinic,Nairobi,Level 2,Kenya Episcopal Conference-Catholic Secretariat
Olps Clinic,Kisumu,Level 2,Kenya Episcopal Conference-Catholic Secretariat
MTC Clinic (Kisumu),Kisumu,Level 2,Private Enterprise (Institution)
Kahuro Medical Clinic,Murang'A,Level 2,Private Enterprise (Institution)
Ciama Medical Clinic,Meru,Level 2,Private Practice - Nurse / Midwifery
Family Health Options Kenya (FHOK) Mombasa,Mombasa,Level 2,Non-Governmental Organizations
St Ruth Clinic,Nyamira,Level 2,Private Enterprise (Institution)
Ramos Medical Clinic,Kiambu,Level 2,Private Practice - Nurse / Midwifery
Happy Magwagwa Clinic,Nyamira,Level 2,Private Enterprise (Institution)
Redeemed Medical Clinic,Machakos,Level 2,Private Enterprise (Institution)
Tuungane Youth Centre (Kisumu East),Kisumu,Level 2,Non-Governmental Organizations
Medicare Medical Clinic (Manga),Nyamira,Level 2,Private Enterprise (Institution)
Annunciation Catholic Dispensary,Kiambu,Level 2,Kenya Episcopal Conference-Catholic Secretariat
Ntonyiri Health Services,Meru,Level 2,Private Enterprise (Institution)
Al-Agsa Medical Clinic,Mombasa,Level 2,Private Enterprise (Institution)
St Mary (ACK) Dispensary (Ngariama),Kirinyaga,Level 2,Christian Health Association of Kenya
Galilee Medical Clinic,Embu,Level 2,Private Practice - General Practitioner
Shuffa Clinic,Tana River,Level 2,Private Practice - Nurse / Midwifery
Acacia Medicare Centre,Kajiado,Level 2,Private Practice - Clinical Officer
Samora Clinic,Nyamira,Level 2,Private Enterprise (Institution)
Afya Link Ngurubani Clinic,Kirinyaga,Level 2,Private Enterprise (Institution)
St Charles Lwanga Dispensary,Kiambu,Level 2,Kenya Episcopal Conference-Catholic Secretariat
Mwendwa Clinic,Meru,Level 2,Private Enterprise (Institution)
Family Saver Clinic,Nyamira,Level 2,Private Enterprise (Institution)
Mitunguu Ccs Dispensary,Meru,Level 2,Christian Health Association of Kenya
Ichomba Clinic,Meru,Level 2,Private Practice - Nurse / Midwifery
Bright Clinic,Meru,Level 2,Private Enterprise (Institution)
Salama Dawa Health Services,Meru,Level 2,Private Enterprise (Institution)
Mau-Narok Health Services,Nakuru,Level 2,Private Enterprise (Institution)
Mokason Clinic,Kisii,Level 2,Private Enterprise (Institution)
Kiangwenyi Clinic,Kirinyaga,Level 2,Private Enterprise (Institution)
Genesis Clinic (Kirinyaga),Kirinyaga,Level 2,Private Practice - Nurse / Midwifery
Emmaus Clinic,Nakuru,Level 2,Private Practice - Nurse / Midwifery
Bekam Clinic,Nyamira,Level 2,Private Enterprise (Institution)
Kahuhia (ACK) Clinic,Murang'A,Level 2,Christian Health Association of Kenya
Disciples of Mercy Clinic,Kisumu,Level 2,Kenya Episcopal Conference-Catholic Secretariat
Manga Getobo Clinic,Nyamira,Level 2,Private Enterprise (Institution)
Kathangariri (ACK) Clinic,Embu,Level 2,Christian Health Association of Kenya
Skans Health Care Centre,Mombasa,Level 3,Private Practice - General Practitioner
Mwachinga Dispensary,Kwale,Level 2,Ministry of Health
Garissa Medical Clinic,Garissa,Level 2,Private Practice - Clinical Officer
Blue Line Clinic,Kirinyaga,Level 2,Private Practice - General Practitioner
Kahatia Medical Clinic,Murang'A,Level 2,Private Practice - Clinical Officer
Cidi Mukuru Clinic,Nairobi,Level 2,Other Faith Based
St Vincent Clinic (Kisumu East),Kisumu,Level 2,Private Enterprise (Institution)
Mkang'ombe Dispensary,Kwale,Level 2,Ministry of Health
Kairo Medical Clinic,Murang'A,Level 2,Private Enterprise (Institution)
Marie Stopes Clinic (Kisii),Kisii,Level 2,Non-Governmental Organizations
Crescent Medical Aid Murang'a Road,Nairobi,Level 2,Non-Governmental Organizations
Liverpool VCT (Kisumu East),Kisumu,Level 2,Non-Governmental Organizations
Consolata Clinic,Nakuru,Level 2,Other Faith Based
Muutine Med Clinic,Meru,Level 2,Private Enterprise (Institution)
Mwonge Clinic,Tharaka-Nithi,Level 2,Private Enterprise (Institution)
St David Medical Clinic,Nyandarua,Level 2,Private Enterprise (Institution)
Drugmart Medical Clinic,Mandera,Level 2,Private Enterprise (Institution)
Kegati Medical Clinic,Kisii,Level 2,Private Enterprise (Institution)
Ogembo Medical Clinic,Kisii,Level 2,Private Practice - Clinical Officer
Tamough Health Centre,West Pokot,Level 3,Ministry of Health
Kianjokoma (ACK) Trinity Clinic,Embu,Level 2,Christian Health Association of Kenya
B/Valley (PCEA) Clinic,Embu,Level 2,Christian Health Association of Kenya
Ofafa I Clinic,Nairobi,Level 2,Ministry of Health
Hono Clinic,Nairobi,Level 2,Ministry of Health
Kariokor Clinic,Nairobi,Level 2,Ministry of Health
Kaderboy Medical Clinic (Old Town),Mombasa,Level 2,Ministry of Health
Mvita Dispensary,Mombasa,Level 2,Ministry of Health
Rhodes Chest Clinic,Nairobi,Level 2,Ministry of Health
Dr Ngatia's Clinic,Meru,Level 2,Private Practice - General Practitioner
Beacon of Hope Clinic (Kajiado),Kajiado,Level 3,Private Practice - General Practitioner
Ruringu Medical Clinic,Nyeri,Level 2,Private Practice - Clinical Officer
Joytown Special School,Kiambu,Level 2,Academic
Jamii Clinical Services Clinic,Siaya,Level 2,Private Practice - Clinical Officer
Provide International Clinic (Kayole),Nairobi,Level 3,Non-Governmental Organizations
Matoso Health Clinic,Migori,Level 2,Non-Governmental Organizations
Frontier Clinic,Meru,Level 2,Private Enterprise (Institution)
Provide International Mutindwa Umoja Clinic,Nairobi,Level 2,Non-Governmental Organizations
Tumutumu Community Medical Centre,Kiambu,Level 2,Private Practice - Nurse / Midwifery
Nyabite Clinic,Nyamira,Level 2,Private Enterprise (Institution)
St Andrews Kabare (ACK) Dispensary,Kirinyaga,Level 2,Christian Health Association of Kenya
Kopanga Dispensary,Migori,Level 2,Christian Health Association of Kenya
Dr Amardeep Singh Clinic,Embu,Level 2,Private Practice - General Practitioner
Moka Clinic,Kajiado,Level 2,Private Practice - Clinical Officer
Biafra Lions Clinic,Nairobi,Level 2,Ministry of Health
Warui Medical Clinic,Nyeri,Level 2,Private Practice - Clinical Officer
Bamburi Dispensary,Mombasa,Level 2,Ministry of Health
Thika High School For The Blind,Kiambu,Level 2,Ministry of Health
Esirulo Imani Medical Clinic,Vihiga,Level 2,Private Practice - Clinical Officer
78 Tank Battalion Dispensary,Meru,Level 2,Armed Forces
Mauche Medical Clinic,Nakuru,Level 2,Private Practice - Nurse / Midwifery
Cura (ACK) Medical Clinic,Kiambu,Level 2,Christian Health Association of Kenya
Joppa Medical Clinic,Nakuru,Level 2,Private Enterprise (Institution)
Igare Medical Clinic (Sameta),Kisii,Level 2,Private Enterprise (Institution)
Crescent Medical Aid (Pangani),Nairobi,Level 2,Non-Governmental Organizations
Partners In Prevention,Kiambu,Level 2,Non-Governmental Organizations
Port Reitz MTC Dispensary,Mombasa,Level 2,Academic
Provide Internatinal Clinic (Dandora),Nairobi,Level 2,Non-Governmental Organizations
Drop Inn Ray Clinic,Kajiado,Level 2,Non-Governmental Organizations
Cana Family Life Clinic,Nairobi,Level 2,Non-Governmental Organizations
Thika Primary School For The Blind Clinic,Kiambu,Level 2,Academic
Watoto Clinic,Embu,Level 2,Private Enterprise (Institution)
Africare Ltd South C,Nairobi,Level 2,Private Company
The Karen Hospital,Nairobi,Level 5,Private Practice - General Practitioner
Difathas Catholic Dispensary,Kirinyaga,Level 2,Kenya Episcopal Conference-Catholic Secretariat
Light For Christ Hospital,Mombasa,Level 3,Private Enterprise (Institution)
St Luke's Hospital,Kisumu,Level 4,Private Enterprise (Institution)
Kerugoya Medical Centre,Kirinyaga,Level 3,Private Practice - General Practitioner
Ojele Memorial Hospital,Migori,Level 4,Private Enterprise (Institution)
Victory Hospital,Nairobi,Level 3,Private Enterprise (Institution)
Wentworth Hospital,Nairobi,Level 3,Private Enterprise (Institution)
Naidu Hospital,Kiambu,Level 4,Private Enterprise (Institution)
Metropolitan Hospital Nairobi,Nairobi,Level 4,Private Enterprise (Institution)
St Lucy's Hospital,Tharaka-Nithi,Level 4,Private Enterprise (Institution)
Guru Nanak Hospital,Nairobi,Level 4,Private Enterprise (Institution)
St Francis Com Hospital,Nairobi,Level 3,Private Enterprise (Institution)
Radiant Pangani Hospital,Nairobi,Level 3,Private Enterprise (Institution)
Kayole Hospital,Nairobi,Level 3,Private Enterprise (Institution)
Aga Khan Hospital (Kisumu),Kisumu,Level 4,Private Enterprise (Institution)
Meru university Hospital,Meru,Level 4,Private Enterprise (Institution)
Kathelwa Medical Clinic,Meru,Level 2,Private Enterprise (Institution)
Kengen Clinic,Kisumu,Level 2,Parastatal
Mangu High School Clinic,Kiambu,Level 2,Academic
Afya Bora Medical Clinic (Nyeri South),Nyeri,Level 2,Private Practice - Clinical Officer
Pioneer Health Centre,Uasin Gishu,Level 3,Ministry of Health
Jordan Hospital,Kitui,Level 4,Private Enterprise (Institution)
Shalom Community Hospital (Machakos),Machakos,Level 4,Private Practice - General Practitioner
Galana Hospital,Kilifi,Level 2,Private Practice - Clinical Officer
Aga Khan Hospital (Mombasa),Mombasa,Level 4,Private Enterprise (Institution)
Melchezedek Hospital,Nairobi,Level 4,Private Enterprise (Institution)
Jamii Medical Hospital,Nairobi,Level 3,Private Enterprise (Institution)
Langata Hospital,Nairobi,Level 4,Private Enterprise (Institution)
Sega Health Centre,Siaya,Level 3,Private Enterprise (Institution)
Meridian Equator Hospital,Nairobi,Level 4,Private Enterprise (Institution)
Nairobi West Hospital,Nairobi,Level 4,Private Enterprise (Institution)
Inuka Hospital & Maternity Home,Siaya,Level 4,Private Enterprise (Institution)
Nyali Children Hospital,Mombasa,Level 4,Private Enterprise (Institution)
Mp Shah Hospital (Westlands),Nairobi,Level 4,Private Enterprise (Institution)
Gertrudes Childrens Hospital,Nairobi,Level 3,Private Enterprise (Institution)
Sagam Community Hospital,Siaya,Level 3,Private Enterprise (Institution)
Pandya Memorial Hospital,Mombasa,Level 4,Private Enterprise (Institution)
St Akidiva Memorial Hospital,Migori,Level 3,Private Enterprise (Institution)
Umoja Hospital,Nairobi,Level 3,Private Enterprise (Institution)
Charity Medical Centre,Laikipia,Level 4,Private Enterprise (Institution)
Pumwani Maternity Hospital,Nairobi,Level 5,Ministry of Health
St Camillus Mission Hospital,Migori,Level 3,Kenya Episcopal Conference-Catholic Secretariat
Mwea Medical Centre,Kirinyaga,Level 3,Private Practice - General Practitioner
Aga Khan Hospital,Nairobi,Level 5,Private Practice - General Practitioner
Provide International Korogocho,Nairobi,Level 3,Other Faith Based
Kamiti Prison Hospital,Nairobi,Level 4,Ministry of Health
Good Shepherd Medical Clinic (Nyeri North),Nyeri,Level 2,Private Practice - Clinical Officer
Muthale Mission Hospital,Kitui,Level 4,Kenya Episcopal Conference-Catholic Secretariat
Chuka Cottage Hospital,Tharaka-Nithi,Level 3,Kenya Episcopal Conference-Catholic Secretariat
Mrs - 77 Artillery Battallion (Mariakani),Kilifi,Level 3,Armed Forces
Port Florence Hospital,Kisumu,Level 3,Private Enterprise (Institution)
Nightingale Medical Centre,Kisumu,Level 4,Private Enterprise (Institution)
Keumbu Sub-District Hospital,Kisii,Level 4,Ministry of Health
Nyangena Hospital,Kisii,Level 4,Private Enterprise (Institution)
Memorial Hospital,Nairobi,Level 4,Armed Forces
Ram Hospital,Kisii,Level 4,Private Enterprise (Institution)
Mary Immaculate Cottage Hospital (Mombasa),Mombasa,Level 3,Other Faith Based
St Mary's Mission Hospital,Nairobi,Level 4,Kenya Episcopal Conference-Catholic Secretariat
The Mater Hospital Mukuru,Nairobi,Level 4,Kenya Episcopal Conference-Catholic Secretariat
Jkuat Hospital,Kiambu,Level 4,Ministry of Health
Moi Air Base Hospital,Nairobi,Level 4,Ministry of Health
Bama Hospital,Siaya,Level 4,Private Enterprise (Institution)
Kathiani District Hospital,Machakos,Level 4,Ministry of Health
Kiembeni Community,Mombasa,Level 3,Private Enterprise (Institution)
Mombasa Hospital,Mombasa,Level 4,Private Enterprise (Institution)
Lanet Health Centre,Nakuru,Level 3,Ministry of Health
Majengo Dispensary (Mombasa),Mombasa,Level 2,Ministry of Health
Maasai Medical Centre,Kajiado,Level 2,Private Practice - Clinical Officer
Bethany Clinic,Kirinyaga,Level 2,Private Practice - Clinical Officer
Cottolengo Mission Hospital,Meru,Level 4,Kenya Episcopal Conference-Catholic Secretariat
Christamarianne Mission Hospital,Kisii,Level 4,Kenya Episcopal Conference-Catholic Secretariat
Mewa Hospital,Mombasa,Level 4,Other Faith Based
St Theresa Kiirua Hospital (Kiirua),Meru,Level 4,Kenya Episcopal Conference-Catholic Secretariat
Maseno Mission Hospital,Kisumu,Level 4,Christian Health Association of Kenya
Mukumu Hospital,Kakamega,Level 4,Other Faith Based
Mary Help of The Sick Hospital,Kiambu,Level 4,Kenya Episcopal Conference-Catholic Secretariat
Nyamira Maternity and Nursing Home,Nyamira,Level 3,Private Enterprise (Institution)
Jamaa Mission Hospital,Nairobi,Level 4,Kenya Episcopal Conference-Catholic Secretariat
Nazareth Hospital,Kiambu,Level 4,Kenya Episcopal Conference-Catholic Secretariat
St Orsola Mission Hospital,Tharaka-Nithi,Level 4,Christian Health Association of Kenya
Nyahururu District Hospital,Laikipia,Level 4,Ministry of Health
Tabaka Mission Hospital,Kisii,Level 4,Kenya Episcopal Conference-Catholic Secretariat
Bosongo Hospital,Kisii,Level 4,Private Enterprise (Institution)
Hema Hospital,Kisii,Level 4,Private Enterprise (Institution)
Kikuyu (PCEA) Hospital,Kiambu,Level 4,Other Faith Based
Olkalou Sub-District Hospital,Nyandarua,Level 4,Ministry of Health
Maua Methodist Hospital,Meru,Level 4,Christian Health Association of Kenya
St Ann Hospital,Meru,Level 3,Christian Health Association of Kenya
Jibana Sub District Hospital,Kilifi,Level 4,Ministry of Health
Ambira Sub-District Hospital,Siaya,Level 3,Ministry of Health
Mary Hill Medical Clinic,Laikipia,Level 2,Private Practice - Clinical Officer
Sumoiyot Dispensary,Kericho,Level 2,Ministry of Health
Bethsaida Medical Clinic (Gatundu),Kiambu,Level 2,Private Practice - Clinical Officer
Pacco Ebenezer Medical Clinic,Nyeri,Level 2,Private Practice - Clinical Officer
Phatholab Laboratory,Nyeri,Level 2,Private Enterprise (Institution)
Chemat For Health Solutions Kamweti,Kirinyaga,Level 2,Private Enterprise (Institution)
Kiburu Laboratory,Kirinyaga,Level 2,Private Enterprise (Institution)
Hezeman Afya Bora,Kirinyaga,Level 2,Private Enterprise (Institution)
Tom King's Laboratory,Nyeri,Level 2,Private Enterprise (Institution)
St Mary Laboratory (Mwea),Kirinyaga,Level 2,Private Enterprise (Institution)
Kimbimbi Medical Laboratory,Kirinyaga,Level 2,Private Enterprise (Institution)
New Line Laboratory,Kirinyaga,Level 2,Private Enterprise (Institution)
Rehema Dental Health,Kajiado,Level 2,Private Enterprise (Institution)
Family Dental Clinic,Kirinyaga,Level 2,Private Enterprise (Institution)
Dr P K Kapombe Dental Clinic,Nyeri,Level 2,Private Enterprise (Institution)
Consolata Hospital (Nkubu),Meru,Level 4,Kenya Episcopal Conference-Catholic Secretariat
Sololo Mission Hospital,Marsabit,Level 4,Kenya Episcopal Conference-Catholic Secretariat
Sayyida Fatimah Hospital,Mombasa,Level 4,Other Faith Based
Sikh Temple Hospital,Makueni,Level 4,Other Faith Based
Nyabondo Mission Hospital,Kisumu,Level 4,Kenya Episcopal Conference-Catholic Secretariat
Tawfiq Muslim Hospital,Kilifi,Level 4,Supreme Council for Kenya Muslims
Kahuru Dispensary (Nyeri North),Nyeri,Level 2,Ministry of Health
Afya Health Services,Nyeri,Level 2,Private Practice - Clinical Officer
Kiangai Laboratory,Kirinyaga,Level 2,Private Practice - General Practitioner
Kericho Municipal Health Centre,Kericho,Level 3,Ministry of Health
Rural Aid VCT,Nairobi,Level 2,Ministry of Health
Single Mothers Association of Kenya (Smak),Nairobi,Level 2,Ministry of Health
Mugumo Clinic/Laboratory,Kirinyaga,Level 2,Private Practice - General Practitioner
Liverpool VCT,Nairobi,Level 2,Non-Governmental Organizations
Mathare 3A (EDARP),Nairobi,Level 2,Kenya Episcopal Conference-Catholic Secretariat
Babadogo (EDARP),Nairobi,Level 2,Kenya Episcopal Conference-Catholic Secretariat
Teachers Service Commission,Nairobi,Level 2,Public Institution
Zinduka Clinic,Nairobi,Level 2,Other Faith Based
NASCOP VCT,Nairobi,Level 2,Ministry of Health
Githurai VCT,Nairobi,Level 2,Private Enterprise (Institution)
Corner Stone,Nairobi,Level 2,Private Enterprise (Institution)
Kesha VCT,Nairobi,Level 2,Private Enterprise (Institution)
Ultra Sound & X-Ray Clinic,Kirinyaga,Level 2,Private Enterprise (Institution)
Nyeri Health Care X Ray Clinic,Nyeri,Level 2,Private Enterprise (Institution)
Apha Laboratory,Kirinyaga,Level 2,Private Enterprise (Institution)
Bens Labs,Kirinyaga,Level 2,Private Enterprise (Institution)
Rongai Diagnstic Laboratory,Kajiado,Level 2,Private Enterprise (Institution)
Mutira Laboratory,Kirinyaga,Level 2,Private Enterprise (Institution)
Kathyaka Dispensary,Makueni,Level 2,Ministry of Health
Industrial Area Dispensary,Nakuru,Level 2,Ministry of Health
Muguo Clinic,Kirinyaga,Level 2,Private Practice - Clinical Officer
Kenya AIDS Vaccine Initiative (KAVI),Nairobi,Level 2,Academic
New Life Home Childrens Home (Kilimani),Nairobi,Level 2,Non-Governmental Organizations
Nyumbani Diagnostic Laboratory and Medical Clinic,Nairobi,Level 2,Non-Governmental Organizations
Cotolengo Centre,Nairobi,Level 2,Kenya Episcopal Conference-Catholic Secretariat
Kenwa-Nyeri,Nyeri,Level 2,Non-Governmental Organizations
Nyeri Hospice,Nyeri,Level 2,Non-Governmental Organizations
Glory Medical Clinic (Kangundo),Machakos,Level 2,Private Enterprise (Institution)
Plateau Medical Clinic,Machakos,Level 2,Private Practice - Clinical Officer
Uvoosyo Medical Clinic,Machakos,Level 2,Private Enterprise (Institution)
Rescue Centre (Thika),Kiambu,Level 2,Public Institution
Metro Optician,Kirinyaga,Level 2,Private Enterprise (Institution)
Lea Toto,Nairobi,Level 2,Non-Governmental Organizations
Nairobi Deaf (Liverpool),Nairobi,Level 2,Non-Governmental Organizations
Lea Toto Kibera,Nairobi,Level 2,Non-Governmental Organizations
Lea Toto Dagoretti,Nairobi,Level 2,Non-Governmental Organizations
Sokoni Arcade VCT,Nairobi,Level 2,Non-Governmental Organizations
St Johns Ambulance,Nairobi,Level 2,Non-Governmental Organizations
Supkem (Liverpool),Nairobi,Level 2,Non-Governmental Organizations
Kie/Kapc,Nairobi,Level 2,Public Institution
Kabete Barracks Dispensary,Nairobi,Level 2,Armed Forces
Ichamara Medical Clinic,Nyeri,Level 2,Private Practice - Clinical Officer
Tambaya Medical Clinic,Nyeri,Level 2,Private Practice - Clinical Officer
Family Health Options Kenya (Eldoret),Uasin Gishu,Level 3,Private Enterprise (Institution)
Muhaka Dispensary,Kwale,Level 2,Ministry of Health
Tenduet Dispensary,Bomet,Level 2,Company Medical Service
Roka Medical Clinic,Kilifi,Level 2,Private Practice - Clinical Officer
Afya Medical Clinic (Nyeri North),Nyeri,Level 2,Private Practice - Clinical Officer
Kaibei Dispensary,Trans Nzoia,Level 2,Ministry of Health
Tumaini Medical Clinic (Marsabit),Marsabit,Level 2,Christian Health Association of Kenya
Afya Frank Medical Clinic,Kajiado,Level 2,Private Practice - General Practitioner
Mawepi Medical and VCT Centre,Kajiado,Level 2,Private Practice - General Practitioner
Mid Hill Medical Clinic Ngong,Kajiado,Level 2,Private Practice - General Practitioner
Aga Khan University Hospital O/R Clinic,Kajiado,Level 2,Private Practice - General Practitioner
Rongai Uzima Medical Clinic,Kajiado,Level 2,Private Practice - General Practitioner
Frayjoy Clinic (Dr Tumbo),Kirinyaga,Level 2,Private Practice - General Practitioner
Namayiana Clinic,Kajiado,Level 2,Private Practice - General Practitioner
Bethelm Clinic,Kajiado,Level 2,Private Practice - General Practitioner
Batian Medical Centre,Kajiado,Level 2,Private Practice - General Practitioner
Muruguru Medical Clinic (Nyeri North),Nyeri,Level 2,Private Practice - General Practitioner
Asantey Clinic,Kiambu,Level 2,Private Practice - General Practitioner
Chebirbei Dspensary,Kericho,Level 2,Ministry of Health
Sumba Community Dispensary,Siaya,Level 2,Ministry of Health
Kalandini Health Centre,Machakos,Level 3,Ministry of Health
Dr Mukui F K Psychiatric Clinic,Nyeri,Level 2,Private Practice - General Practitioner
Dr Kariuki N M Psychiatric Clinic,Nyeri,Level 2,Private Practice - General Practitioner
Karen Hospital Annex,Nyeri,Level 4,Private Practice - General Practitioner
Dr Muraya Clinic,Kirinyaga,Level 2,Private Practice - General Practitioner
Gilgil Astu Dispensary,Nakuru,Level 2,Ministry of Health
Dr Muhiu Medical Clinic,Murang'A,Level 2,Private Practice - General Practitioner
Dr Gachiri,Kiambu,Level 2,Private Practice - General Practitioner
Neema Hospital,Kitui,Level 3,Private Enterprise (Institution)
Thika Arcade Health Services,Kiambu,Level 2,Private Practice - General Practitioner
Watamu Hospital,Kilifi,Level 4,Private Enterprise (Institution)
Dr Wanjohi,Kiambu,Level 2,Private Practice - General Practitioner
Kiengu Maternity and Nursing Home,Meru,Level 4,Private Enterprise (Institution)
Mutuati Nursing Home,Meru,Level 3,Private Enterprise (Institution)
Nyambene Nursing Home,Meru,Level 4,Private Enterprise (Institution)
Owens Nursing Home,Siaya,Level 3,Private Enterprise (Institution)
Dr Mukui,Kiambu,Level 2,Private Practice - General Practitioner
Dr Mulingwa,Kiambu,Level 2,Private Practice - General Practitioner
Dr Nguhiu,Kiambu,Level 2,Private Practice - General Practitioner
Eastend Clinic,Kirinyaga,Level 2,Private Practice - General Practitioner
Nyeri Youth Heath Centre (Family Health Options Ke,Nyeri,Level 2,Non-Governmental Organizations
Mukindu Dispensary,Nyandarua,Level 2,Ministry of Health
Dr M M Mburu Gynae / Obstretric Clinic,Nyeri,Level 2,Private Practice - General Practitioner
Caritas community hospital (Township),Kiambu,Level 2,Private Practice - General Practitioner
Dr E K Ritho Paediatric Clinic,Nyeri,Level 2,Private Practice - General Practitioner
Top Station Dispensary,Trans Nzoia,Level 2,Ministry of Health
Dr Mwangi Medical Clinic,Nyeri,Level 2,Private Practice - General Practitioner
Burnt Forest Rhdc (Eldoret East),Uasin Gishu,Level 3,Ministry of Health
Oasis Medical Center,Kilifi,Level 2,Christian Health Association of Kenya
Suna Nursing and Maternity Home,Migori,Level 3,Private Enterprise (Institution)
Elburgon Nursing Home,Nakuru,Level 2,Private Enterprise (Institution)
Marie Stopes Nursing Home (Kisumu),Kisumu,Level 3,Non-Governmental Organizations
Maua Cottage,Meru,Level 2,Private Enterprise (Institution)
Star Maternity & Nursing Home,Kisumu,Level 3,Private Enterprise (Institution)
Milimani Nursing Home,Meru,Level 3,Private Enterprise (Institution)
Marie Stopes Nursing Home (Muranga),Murang'A,Level 2,Non-Governmental Organizations
Akshar Nursing Home,Kiambu,Level 3,Private Enterprise (Institution)
Fatima Maternity Hospital,Kajiado,Level 3,Kenya Episcopal Conference-Catholic Secretariat
Royal Nursing Home,Migori,Level 3,Private Enterprise (Institution)
Kkit Nursing Home,Kajiado,Level 2,Private Enterprise (Institution)
Mt Sinai Nursing Home,Kiambu,Level 3,Private Enterprise (Institution)
Matasia Nursing Home,Kajiado,Level 3,Private Enterprise (Institution)
Complex Medical Centre,Kirinyaga,Level 2,Private Practice - Clinical Officer
Alice Nursing Home,Nairobi,Level 3,Private Enterprise (Institution)
Masinde Muliro University of Science and Technolog,Kakamega,Level 2,Parastatal
Salama Nursing Home,Nairobi,Level 3,Private Practice - General Practitioner
Karatina Nursing Home,Nyeri,Level 3,Private Practice - Medical Specialist
Enkitok Joy Nursing Home,Kajiado,Level 3,Private Enterprise (Institution)
Moyale Nursing Home,Marsabit,Level 3,Private Enterprise (Institution)
Huruma Nursing Home & Maternity,Nairobi,Level 3,Private Enterprise (Institution)
Watamu Maternity and Nursing Home,Kilifi,Level 3,Private Practice - Nurse / Midwifery
Makkah Nursing Home,Nairobi,Level 3,Private Enterprise (Institution)
Kahawa Wendani Hospital,Kiambu,Level 4,Private Enterprise (Institution)
Changamwe Maternity,Mombasa,Level 2,Private Enterprise (Institution)
Langoni Nursing Home,Lamu,Level 3,Private Enterprise (Institution)
Wananchi Nursing Home,Kilifi,Level 3,Private Enterprise (Institution)
Jomvu Model Health Centre,Mombasa,Level 2,Ministry of Health
Girango Dispensary,Nyamira,Level 2,Ministry of Health
Boro Dispensary,Siaya,Level 2,Ministry of Health
Jalaram Nursing Home,Kisumu,Level 3,Private Enterprise (Institution)
Sori Lakeside Nursing and Maternity Home,Migori,Level 3,Christian Health Association of Kenya
St Assisi Sisters of Mary Immaculate Nursing Home,Machakos,Level 3,Christian Health Association of Kenya
Waka Maternity Home,Nyeri,Level 3,Private Enterprise (Institution)
Limuru Nursing Home,Kiambu,Level 3,Private Enterprise (Institution)
St Teresa Nursing Home,Kiambu,Level 3,Private Enterprise (Institution)
Tom Mboya Dispensary,Trans Nzoia,Level 2,Ministry of Health
Kakamega Central Nursing Home,Kakamega,Level 3,Private Enterprise (Institution)
Okitta Maternity Nursing Home,Homa Bay,Level 3,Private Enterprise (Institution)
Nala Maternity and Nursing Home,Kakamega,Level 3,Private Enterprise (Institution)
Plateau Hospital,Uasin Gishu,Level 3,Other Faith Based
Kapchemogen Dispensary,West Pokot,Level 2,Ministry of Health
Mtwapa Nursing Home,Kilifi,Level 3,Private Enterprise (Institution)
Marie Stopes Nursing Home (Eastleigh),Nairobi,Level 3,Non-Governmental Organizations
Woodstreet Nursing Home,Nairobi,Level 3,Private Enterprise (Institution)
Oruba Nursing and Maternity Home,Migori,Level 3,Private Enterprise (Institution)
Kawiria Maternity Home,Meru,Level 3,Private Enterprise (Institution)
Mandera Medicare Nursing Home,Mandera,Level 3,Private Enterprise (Institution)
St Joseph's Obaga Dispensary,Siaya,Level 2,Ministry of Health
Blue Light Nursing Home,Mandera,Level 3,Private Enterprise (Institution)
Mariine Maternity Home,Nyeri,Level 3,Private Enterprise (Institution)
Eddiana Hospital,Kiambu,Level 4,Private Enterprise (Institution)
Pwani Maternity and Nursing Home,Kilifi,Level 3,Private Enterprise (Institution)
Wanainchi Jamii Materinty and Nursing Home,Kajiado,Level 3,Private Enterprise (Institution)
Donyo Sabuk Nursing Home,Machakos,Level 2,Private Enterprise (Institution)
Al-Siha Nursing Home,Mandera,Level 3,Private Enterprise (Institution)
Woodlands Hospital,Meru,Level 4,Private Enterprise (Institution)
St Mathews Maternity and Lab Services,Kajiado,Level 2,Private Enterprise (Institution)
Boya Nursing Home,Kisumu,Level 2,Private Enterprise (Institution)
Pipeline Nursing Home,Nairobi,Level 3,Private Enterprise (Institution)
Chinato Health Centre,Migori,Level 3,Ministry of Health
St Joseph Nursing Home (Sirikwa),Nakuru,Level 3,Private Enterprise (Institution)
Mikindani (MCM) Dispensary,Mombasa,Level 2,Ministry of Health
Garissa Nursing Home,Garissa,Level 4,Private Practice - Medical Specialist
Johpas Clinic,Homa Bay,Level 2,Private Enterprise (Institution)
Joykim Nursing Home,Embu,Level 3,Private Enterprise (Institution)
Sex Workers Operation Project (Swop),Nairobi,Level 2,Non-Governmental Organizations
Sayyid Aysha Dispensary,Kisumu,Level 2,Non-Governmental Organizations
Korr Dispensary,Marsabit,Level 2,Kenya Episcopal Conference-Catholic Secretariat
Kakungu Dispensary,Kitui,Level 2,Ministry of Health
Marie Stopes Clinic (Langata),Nairobi,Level 2,Non-Governmental Organizations
St Marys Msabaha Catholic Dispensary,Kilifi,Level 2,Kenya Episcopal Conference-Catholic Secretariat
Moa Dispensary,Lamu,Level 2,Ministry of Health
St Elizabeth Chiga Health Centre,Kisumu,Level 3,Kenya Episcopal Conference-Catholic Secretariat
Family Health Options Phoenix,Nairobi,Level 2,Non-Governmental Organizations
Gucha Maternity and Nursing Home,Kisii,Level 3,Private Enterprise (Institution)
Kipkebe Health Centre,Nyamira,Level 3,Company Medical Service
Dorkcare Nursing Home,Nairobi,Level 3,Private Enterprise (Institution)
Madina Nursing Home,Nairobi,Level 3,Private Enterprise (Institution)
Edna Maternity,Nairobi,Level 3,Private Enterprise (Institution)
Mlaleo Health Centre,Mombasa,Level 3,Private Enterprise (Institution)
Lumino Maternity and Nursing Home,Kakamega,Level 3,Private Enterprise (Institution)
Osano Nursing Home,Homa Bay,Level 3,Private Enterprise (Institution)
St Michael Nursing Home,Embu,Level 3,Private Enterprise (Institution)
Tanaka Nursing Home,Busia,Level 4,Private Enterprise (Institution)
Moi Teaching Refferal Hospital,Uasin Gishu,Level 6,Ministry of Health
Kiambogo Dispensary (Nyandarua South),Nyandarua,Level 2,Ministry of Health
St. Odilia's Dispensary,Nairobi,Level 2,Kenya Episcopal Conference-Catholic Secretariat
St Joseph W Dispensary (Westlands),Nairobi,Level 2,Kenya Episcopal Conference-Catholic Secretariat
Oljogi Dispensary,Laikipia,Level 2,Private Enterprise (Institution)
Giakaibei Catholic Dispensary,Nyeri,Level 2,Kenya Episcopal Conference-Catholic Secretariat
Gatanga Dispensary,Murang'A,Level 2,Kenya Episcopal Conference-Catholic Secretariat
St Paul Dispensary,Siaya,Level 2,Kenya Episcopal Conference-Catholic Secretariat
Manyuanda St Teresas CFW Clinic (Rarieda),Siaya,Level 2,Private Enterprise (Institution)
Timau Catholic Dispensary,Meru,Level 2,Kenya Episcopal Conference-Catholic Secretariat
Karima Catholic Dispensary,Nyeri,Level 2,Kenya Episcopal Conference-Catholic Secretariat
Karatina Catholic Dispensary,Nyeri,Level 2,Kenya Episcopal Conference-Catholic Secretariat
Family Health Options Kenya (FHOPK) Dispensary,Kisumu,Level 2,Non-Governmental Organizations
Makandune Dispensary,Meru,Level 2,Christian Health Association of Kenya
Pand Pieri Community Dispensary,Kisumu,Level 2,Kenya Episcopal Conference-Catholic Secretariat
Dirib Gombo Dispensary,Marsabit,Level 2,Kenya Episcopal Conference-Catholic Secretariat
Carolina For Kibera VCT,Nairobi,Level 2,Non-Governmental Organizations
Kongoro Dispensary,Nandi,Level 2,Ministry of Health
Maikona Dispensary,Marsabit,Level 2,Kenya Episcopal Conference-Catholic Secretariat
St Marys Nguviu Dispensary,Embu,Level 2,Kenya Episcopal Conference-Catholic Secretariat
Acef Ena Health Centre,Embu,Level 3,Other Faith Based
Munyange (AIPCA) Dispensary,Nyeri,Level 2,Other Faith Based
Presbyterian Ttc Rubate Health Centre,Tharaka-Nithi,Level 2,Christian Health Association of Kenya
St Therese Dispensary,Kajiado,Level 2,Kenya Episcopal Conference-Catholic Secretariat
SOS Dispensary,Nairobi,Level 2,Non-Governmental Organizations
ADC Danisa Dispensary,Kilifi,Level 2,Non-Governmental Organizations
Amungeti Catholic Dispensary,Meru,Level 2,Kenya Episcopal Conference-Catholic Secretariat
Ramada Dispensary,Kilifi,Level 2,Non-Governmental Organizations
Ripples International Dispensary,Meru,Level 2,Other Faith Based
Makadara Mercy Sisters Dispensary,Nairobi,Level 2,Kenya Episcopal Conference-Catholic Secretariat
Nawaco Clinic,Kilifi,Level 2,Non-Governmental Organizations
Embul - Bul Catholic Dispensary,Kajiado,Level 2,Kenya Episcopal Conference-Catholic Secretariat
Nyabururu Dispensary,Kisii,Level 2,Kenya Episcopal Conference-Catholic Secretariat
Karare Dispensary,Marsabit,Level 2,Kenya Episcopal Conference-Catholic Secretariat
St Joseph's Dispensary (Dagoretti),Nairobi,Level 2,Kenya Episcopal Conference-Catholic Secretariat
St Veronica Dispensary Mukurweini,Nyeri,Level 2,Kenya Episcopal Conference-Catholic Secretariat
Mugunda Mission Dispensary,Nyeri,Level 2,Kenya Episcopal Conference-Catholic Secretariat
Makhanga Dispensary,Bungoma,Level 2,Ministry of Health
Tumaini Medical Centre (Masii),Machakos,Level 2,Non-Governmental Organizations
Kahawa West Health Centre,Nairobi,Level 3,Ministry of Health
Kebaroti Dispensary,Migori,Level 2,Kenya Episcopal Conference-Catholic Secretariat
Kager Dispensary,Homa Bay,Level 2,Non-Governmental Organizations
Dr Nyandiko Clinic,Uasin Gishu,Level 2,Private Practice - General Practitioner
Anyuongi Dispensary,Siaya,Level 2,Ministry of Health
Kagio Catholic Dispensary (Mary Immucate Catholic,Kirinyaga,Level 2,Kenya Episcopal Conference-Catholic Secretariat
Ongata Naado Dispensary,Narok,Level 2,Ministry of Health
Huruma (NCCK) Dispensary,Nairobi,Level 2,Christian Health Association of Kenya
Amakuriat Dispensary,West Pokot,Level 2,Other Faith Based
Elburgon (PCEA) Dispensary,Nakuru,Level 2,Christian Health Association of Kenya
Mulutu Mission Dispensary,Kitui,Level 2,Other Faith Based
St Marys Dispensary (Mwala),Machakos,Level 2,Other Faith Based
St Joseph Dispensary (Kabaa),Machakos,Level 2,Other Faith Based
Kivuli Dispensary,Nairobi,Level 2,Kenya Episcopal Conference-Catholic Secretariat
Riakworo Dispensary,Nyamira,Level 2,Christian Health Association of Kenya
Passenga Dispensary,Nyandarua,Level 2,Kenya Episcopal Conference-Catholic Secretariat
Njoro (PCEA) Dispensary,Nakuru,Level 2,Christian Health Association of Kenya
Shirikisho Methodist Dispensary,Tana River,Level 2,Other Faith Based
Kamukuywa (ACK) Dispensary,Bungoma,Level 2,Christian Health Association of Kenya
Musalala Dispensary,Makueni,Level 2,Ministry of Health
Mercy Dispensary,Nakuru,Level 2,Private Practice - Nurse / Midwifery
Kagio Nursing Home (Kagio),Kirinyaga,Level 2,Private Practice - General Practitioner
Masaba Dispensary,Kakamega,Level 2,Other Faith Based
Nolasit Dispensary,Kajiado,Level 2,Other Faith Based
St Claire Dispensary,Busia,Level 2,Other Faith Based
Chelelemuk (St.Boniface Mwanda B) Dispensary,Bungoma,Level 2,Other Faith Based
Roret Medical Clinic,Kericho,Level 2,Private Practice - General Practitioner
Kasarani Health Centre,Nairobi,Level 2,Ministry of Health
Morijo Dispensary,Samburu,Level 2,Kenya Episcopal Conference-Catholic Secretariat
Mutune Dispensary,Kitui,Level 2,Other Faith Based
Kutus Catholic Dispensary,Kirinyaga,Level 2,Kenya Episcopal Conference-Catholic Secretariat
St Joseph Mukasa Dispensary,Nairobi,Level 2,Other Faith Based
St Teresa's Parish Dispensary,Nairobi,Level 2,Other Faith Based
Korokou Dispensary,West Pokot,Level 2,Other Faith Based
Kajiado Christian Medical Centre,Kajiado,Level 2,Other Faith Based
Kihumbuini (PCEA) Dispensary,Murang'A,Level 2,Christian Health Association of Kenya
Gituamba (AIPCA) Dispensary,Murang'A,Level 2,Other Faith Based
Syongila (ACK) Dispensary,Kitui,Level 2,Christian Health Association of Kenya
Entasopia Health Centre,Kajiado,Level 3,Ministry of Health
Kangaru Dispensary (Kirinyaga),Kirinyaga,Level 2,Ministry of Health
Reuben Mukuru Health Centre,Nairobi,Level 3,Kenya Episcopal Conference-Catholic Secretariat
Miambani Catholic,Kitui,Level 2,Kenya Episcopal Conference-Catholic Secretariat
Mutito Catholic Dispensary,Kitui,Level 2,Other Faith Based
Mary Immaculate Sisters Dispensary,Nairobi,Level 2,Other Faith Based
Mother Amadea Health Centre,Mombasa,Level 3,Kenya Episcopal Conference-Catholic Secretariat
St Joseph Catholic Dispensary (Ruiru),Kiambu,Level 2,Kenya Episcopal Conference-Catholic Secretariat
St Vincent Catholic Clinic,Nairobi,Level 2,Other Faith Based
Iiani Catholic Dispensary,Kitui,Level 2,Other Faith Based
Mikindani Catholic Dispensary,Mombasa,Level 2,Kenya Episcopal Conference-Catholic Secretariat
Kapnyeberai Dispensary,Nandi,Level 2,Kenya Episcopal Conference-Catholic Secretariat
Cedar Associate Clinic,Uasin Gishu,Level 2,Private Practice - General Practitioner
Romosha Dispensary,Narok,Level 2,Ministry of Health
Giriama Mission Dispensary,Kilifi,Level 2,Kenya Episcopal Conference-Catholic Secretariat
Bar Korwa Health Centre,Kisumu,Level 2,Kenya Episcopal Conference-Catholic Secretariat
Abandoned Child Care,Nairobi,Level 2,Non-Governmental Organizations
St Mathews and Sarah Dispensary,Nyandarua,Level 2,Kenya Episcopal Conference-Catholic Secretariat
St Michael Dispensary (Kangaita),Meru,Level 2,Kenya Episcopal Conference-Catholic Secretariat
Marie Stopes Clinic (Kilimani),Nairobi,Level 2,Non-Governmental Organizations
Silanga (MSF Belgium) Dispensary,Nairobi,Level 2,Non-Governmental Organizations
Family Health Medical Dispensary,Nairobi,Level 2,Non-Governmental Organizations
AIC Zombe  Dispensary,Kitui,Level 3,Christian Health Association of Kenya
St Joseph School (Kabaa),Machakos,Level 2,Other Faith Based
Tarasaa Catholic Dispensary,Tana River,Level 2,Other Faith Based
Kakamega Forest Dispensary,Kakamega,Level 2,Ministry of Health
Gatwe Health Centre,Kirinyaga,Level 3,Ministry of Health
Kaheti Dispensary & Maternity,Nyeri,Level 3,Kenya Episcopal Conference-Catholic Secretariat
Ochuna Dispensary,Migori,Level 2,Non-Governmental Organizations
Nuu Catholic Dispensary,Kitui,Level 2,Kenya Episcopal Conference-Catholic Secretariat
Kitundu (SDA) Dispensary,Makueni,Level 2,Christian Health Association of Kenya
Lodokejek Catholic Dispensary,Samburu,Level 2,Kenya Episcopal Conference-Catholic Secretariat
State Lodge Dispensary,Uasin Gishu,Level 2,Ministry of Health
Soysambu (ACK) Dispensary,Bungoma,Level 2,Christian Health Association of Kenya
Chebukaka Dispensary,Bungoma,Level 2,Other Faith Based
Al-Faruq Dispensary,Garissa,Level 2,Supreme Council for Kenya Muslims
Nthagaiya Catholic Dispensary,Embu,Level 2,Kenya Episcopal Conference-Catholic Secretariat
St Mary's Health Unit Chelelemuk,Busia,Level 2,Kenya Episcopal Conference-Catholic Secretariat
Chwele Friends Dispensary,Bungoma,Level 2,Christian Health Association of Kenya
Sabatia Dispensary,Baringo,Level 2,Ministry of Health
Makindu Catholic Dispensary,Makueni,Level 2,Kenya Episcopal Conference-Catholic Secretariat
Ngelani (AIC) Dispensary,Machakos,Level 2,Christian Health Association of Kenya
Huruma Mobile Clinic,Nakuru,Level 2,Other Faith Based
Kaiani (ABC) Dispensary,Machakos,Level 2,Christian Health Association of Kenya
Muthetheni Mission Health Centre,Machakos,Level 2,Other Faith Based
Tawheed Dispensary,Kilifi,Level 2,Other Faith Based
Kiandegwa (Methodist Church of Kenya) Dispensary,Kirinyaga,Level 2,Christian Health Association of Kenya
Gichuru Dispensary,Kiambu,Level 2,Ministry of Health
Kichaka Simba Dispensary,Kwale,Level 2,Other Faith Based
Kyasila (AIC) Dispensary,Machakos,Level 2,Christian Health Association of Kenya
Africa Inland Church Dispensary,Wajir,Level 2,Christian Health Association of Kenya
Gitundu (ACK) Dispensary,Nyeri,Level 2,Christian Health Association of Kenya
St Clare Dispensary,Nakuru,Level 2,Other Faith Based
Biribiriet Dispensary,Nandi,Level 2,Ministry of Health
Kanyangi Mission Dispensary,Kitui,Level 2,Other Faith Based
Katakani Dispensary,Kitui,Level 2,Other Faith Based
Mbooni (AIC) Dispensary,Makueni,Level 2,Christian Health Association of Kenya
Eshisiru Catholic Dispensary,Kakamega,Level 2,Kenya Episcopal Conference-Catholic Secretariat
Ingotse Dispensary,Kakamega,Level 2,Other Faith Based
Lutaso Dispensary,Kakamega,Level 2,Other Faith Based
Liviero Dispensary,Embu,Level 2,Other Faith Based
Karaba Wango Dispensary,Embu,Level 2,Other Faith Based
Bartabwa Dispensary,Baringo,Level 2,Ministry of Health
Ndonyo Wasin Dispensary,Samburu,Level 2,Ministry of Health
Kariko Dispensary (Nyeri South),Nyeri,Level 2,Ministry of Health
Ntemwene Dispensary,Meru,Level 2,Ministry of Health
Magombo Health Centre,Nyamira,Level 3,Ministry of Health
Nyalunya Dispensary,Kisumu,Level 2,Ministry of Health
Pepo La Tumaini Dispensary,Isiolo,Level 2,Ministry of Health
Kiandere Dispensary,Nyeri,Level 2,Ministry of Health
Kagumo Health Centre,Kirinyaga,Level 3,Ministry of Health
Mihuti Dispensary (Nyeri South),Nyeri,Level 2,Ministry of Health
Shimo Borstal Dispensary (GK Prison),Mombasa,Level 2,Ministry of Health
Kyome (AIC) Dispensary,Kitui,Level 2,Christian Health Association of Kenya
Garashi Dispensary,Kilifi,Level 2,Ministry of Health
Kwakavisi Dispensary,Makueni,Level 2,Ministry of Health
Inyuu Dispensary,Kitui,Level 2,Ministry of Health
Kiriogo Dispensary,Nyandarua,Level 2,Ministry of Health
Lokusero Dispensary,Laikipia,Level 2,Ministry of Health
Ndathi Dispensary,Nyeri,Level 2,Ministry of Health
Mumbuini Dispensary,Kirinyaga,Level 2,Ministry of Health
Gombato Dispensary (CDF),Kwale,Level 2,Ministry of Health
Igoki Dispensary,Meru,Level 2,Ministry of Health
Siriba Dispensary,Kisumu,Level 2,Ministry of Health
Nyansangio Dispensary,Nyamira,Level 2,Ministry of Health
Itundu Dispensary,Nyeri,Level 2,Ministry of Health
GK Prison Dispensary (Nandi Central),Nandi,Level 2,Ministry of Health
Nguka Health Centre,Kirinyaga,Level 3,Ministry of Health
Kisasi Health Centre (Kitui),Kitui,Level 3,Ministry of Health
Makindu Dispensary,Kisumu,Level 2,Ministry of Health
Gatondo Dispensary (Nyeri North),Nyeri,Level 2,Ministry of Health
Riba Dispensary,Wajir,Level 2,Ministry of Health
Tupendane Dispensary,Isiolo,Level 2,Ministry of Health
Nyarongi Dispensary,Migori,Level 2,Ministry of Health
Kizingitini Dispensary,Lamu,Level 2,Ministry of Health
Burder Health Centre,Wajir,Level 3,Ministry of Health
Kihuyo Dispensary,Nyeri,Level 2,Ministry of Health
Baari Health Centre,Nyandarua,Level 3,Ministry of Health
Bomani Dispensary,Kilifi,Level 2,Ministry of Health
Ong'ielo Health Centre,Siaya,Level 3,Ministry of Health
Gumba Health Centre,Nyeri,Level 3,Ministry of Health
Biyamadhow Health Centre,Wajir,Level 3,Ministry of Health
Osogo Dispensary,Migori,Level 2,Ministry of Health
Kamacharia Clinic,Murang'A,Level 2,Private Practice - Clinical Officer
Museve Dispensary,Kitui,Level 2,Ministry of Health
Ichamara Dispensary,Nyeri,Level 2,Ministry of Health
Tirimionin Dispensary,Baringo,Level 2,Ministry of Health
Kirogo Dispensary,Kirinyaga,Level 2,Ministry of Health
Gus Dispensary,Marsabit,Level 2,Ministry of Health
Gathambi Health Centre,Kirinyaga,Level 3,Ministry of Health
Kalacha Hospital (Chalbi),Marsabit,Level 4,Ministry of Health
Ombek Dispensary,Homa Bay,Level 2,Ministry of Health
Saka Health Centre,Garissa,Level 2,Ministry of Health
Mambrui Dispensary,Kilifi,Level 2,Ministry of Health
Kanyuru Dispensary,Tharaka-Nithi,Level 2,Ministry of Health
Arbaqueranso Dispensary,Wajir,Level 2,Ministry of Health
Ikonge Dispensary,Nyamira,Level 2,Ministry of Health
Waa Health Centre,Kwale,Level 3,Ministry of Health
Ontulili Dispensary,Meru,Level 2,Ministry of Health
Turasha Dispensary,Nyandarua,Level 2,Ministry of Health
Matuga Dispensary,Kwale,Level 2,Ministry of Health
Takaungu Dispensary,Kilifi,Level 2,Ministry of Health
Ngerenya Dispensary,Kilifi,Level 2,Ministry of Health
Matolani Dispensary,Kilifi,Level 2,Ministry of Health
Ruruguti Dispensary,Nyeri,Level 2,Ministry of Health
Kapsisiywo Dispensary,Nandi,Level 2,Ministry of Health
Keringet  Sub County Hospital,Nakuru,Level 3,Ministry of Health
Kagere Dispensary,Nyeri,Level 2,Ministry of Health
Kavumbu Dispensary (Mwala),Machakos,Level 2,Ministry of Health
Unjiru Health Centre,Nyeri,Level 3,Ministry of Health
Kali Dispensary,Makueni,Level 2,Ministry of Health
Usueni Dispensary,Kitui,Level 2,Ministry of Health
Nyangiela Dispensary,Homa Bay,Level 3,Ministry of Health
Kulan Health Centre,Garissa,Level 3,Ministry of Health
Kithimu Dispensary,Embu,Level 2,Ministry of Health
Kathunguri Dispensary,Embu,Level 2,Ministry of Health
Loco Dispensary,Nairobi,Level 2,Public Institution
Banita Dispensary,Nakuru,Level 2,Ministry of Health
Chemelil GOK Dispensary,Kisumu,Level 2,Ministry of Health
Kinale Forest Dispensary,Kiambu,Level 2,Ministry of Health
Ndeda Dispensary,Siaya,Level 2,Ministry of Health
Mweru Dispensary (Nyeri South),Nyeri,Level 2,Ministry of Health
Kahembe Health Centre,Nyandarua,Level 3,Ministry of Health
Manunga Health Centre,Nyandarua,Level 3,Ministry of Health
Miwani Dispensary,Kisumu,Level 2,Ministry of Health
Anjego Dispensary,Migori,Level 2,Ministry of Health
Kamwathu Dispensary,Tharaka-Nithi,Level 2,Ministry of Health
Karuguaru Dispensary,Tharaka-Nithi,Level 2,Ministry of Health
Kimanjo Dispensary,Laikipia,Level 2,Ministry of Health
Diff Health Centre,Wajir,Level 3,Ministry of Health
Dilmanyaley Health Centre,Wajir,Level 3,Ministry of Health
Tuthu Dispensary,Murang'A,Level 2,Ministry of Health
Kirurumi Dispensary,Nyeri,Level 2,Ministry of Health
Wendiga Dispensary,Nyeri,Level 2,Ministry of Health
Kavisuni Dispensary,Kitui,Level 3,Ministry of Health
Mugunda Dispensary,Nyeri,Level 2,Ministry of Health
Mathare North Health Centre,Nairobi,Level 3,Ministry of Health
Medina Health Centre,Garissa,Level 3,Ministry of Health
Makima Dispensary,Embu,Level 2,Ministry of Health
Mbita Dispensary,Embu,Level 2,Ministry of Health
Kapkormom Dispensary,Kericho,Level 2,Ministry of Health
Mogori-Komasimo Health Centre,Migori,Level 3,Ministry of Health
Mathakwaini (PCEA) Dispensary,Nyeri,Level 2,Christian Health Association of Kenya
Uplands Forest Dispensary,Kiambu,Level 2,Ministry of Health
GK Prison Dispensary (Kitui),Kitui,Level 2,Ministry of Health
Kiuu Dispensary,Nyeri,Level 2,Ministry of Health
Igana Dispensary,Nyeri,Level 2,Ministry of Health
Ndugamano Dispensary,Nyeri,Level 2,Ministry of Health
Maziwa Dispensary,Tana River,Level 2,Ministry of Health
Chepakundi Dispensary,Narok,Level 2,Ministry of Health
Shanta Abaq Dispensary (Wajir West),Wajir,Level 2,Ministry of Health
Gongo Dispensary,Homa Bay,Level 2,Ministry of Health
Watamu Dispensary,Kilifi,Level 2,Ministry of Health
Kiamuya Dispensary,Nyeri,Level 2,Ministry of Health
Mweronkaga Dispensary,Meru,Level 2,Ministry of Health
Mbuwani Dispensary,Kwale,Level 2,Ministry of Health
Obumba Dispensary,Kisumu,Level 2,Ministry of Health
Kianjoya Dispensary,Nakuru,Level 2,Ministry of Health
Msumarini Dispensary,Kilifi,Level 2,Ministry of Health
Matharite Dispensary,Murang'A,Level 2,Ministry of Health
Ichagachiru Dispensary,Nyeri,Level 2,Ministry of Health
Matinyani Health Centre,Kitui,Level 2,Ministry of Health
Karemeno Health Centre,Nyeri,Level 2,Ministry of Health
Kitungati Dispensary,Kitui,Level 2,Ministry of Health
Ena Dispensary,Embu,Level 2,Ministry of Health
Wachoro Dispensary,Embu,Level 2,Ministry of Health
Kabuguri Dispensary,Embu,Level 2,Ministry of Health
Kiburu Dispensary,Kirinyaga,Level 2,Ministry of Health
Kombe Dispensary,Migori,Level 2,Ministry of Health
Getongoroma Dispensary,Migori,Level 2,Ministry of Health
Sarif Health Centre,Wajir,Level 3,Ministry of Health
Ndakaini Dispensary,Murang'A,Level 2,Ministry of Health
Mwina Dispensary,Tana River,Level 2,Ministry of Health
Molo Medical Centre,Nakuru,Level 2,Private Enterprise (Institution)
Taranganya Dispensary,Migori,Level 2,Ministry of Health
Nyamekongoroto Health Centre,Migori,Level 3,Ministry of Health
Itumbe Dispensary,Kisii,Level 2,Ministry of Health
Kituka Dispensary,Migori,Level 2,Ministry of Health
Ademasajida Dispensary,Wajir,Level 2,Ministry of Health
Kursin Health Centre,Wajir,Level 3,Ministry of Health
Ganyure Dispensary,Wajir,Level 2,Ministry of Health
Cheptuech Dispensary,Nakuru,Level 2,Ministry of Health
Barsaloi GK Dispensary,Samburu,Level 2,Ministry of Health
Ndula Dispensary,Kiambu,Level 2,Ministry of Health
Motemorabu Dispensary,Migori,Level 2,Ministry of Health
Nyasese Dispensary,Migori,Level 2,Ministry of Health
Danyere Health Centre,Garissa,Level 2,Ministry of Health
Amboni Dispensary,Nyeri,Level 2,Ministry of Health
Muthegera Dispensary,Laikipia,Level 2,Ministry of Health
Kiairathe Dispensary,Murang'A,Level 2,Ministry of Health
Ichichi Dispensary,Murang'A,Level 2,Ministry of Health
Gsu Dispensary (Ruiru),Kiambu,Level 2,Ministry of Health
Dentomed Clinic,Nakuru,Level 2,Private Enterprise (Institution)
Walda Health Centre,Marsabit,Level 3,Ministry of Health
Ogorji Dispensary,Wajir,Level 2,Ministry of Health
Batalu Dispensary,Wajir,Level 2,Ministry of Health
Gatei Dispensary,Nyeri,Level 2,Ministry of Health
Ol-Torot Dispensary,Marsabit,Level 2,Ministry of Health
Elele Nomadic Clinic,Mandera,Level 2,Ministry of Health
Yabicho Health Centre,Mandera,Level 3,Ministry of Health
Wargadud Health Centre,Mandera,Level 3,Ministry of Health
Rhamudimtu Health Centre,Mandera,Level 3,Ministry of Health
Kauriong Dispensary,West Pokot,Level 2,Ministry of Health
Girissa Dispensary,Mandera,Level 2,Ministry of Health
Ambalo Dispensary,Marsabit,Level 2,Ministry of Health
Bore Hole 11 Health Centre,Mandera,Level 3,Ministry of Health
Ashabito Health Centre,Mandera,Level 3,Ministry of Health
Mugeka Dispensary,Murang'A,Level 2,Ministry of Health
Karaha Dispensary,Murang'A,Level 2,Ministry of Health
Muchebe Dispensary,Migori,Level 2,Ministry of Health
Ngatataek Dispensary,Kajiado,Level 2,Ministry of Health
Karima Dispensary (Nyeri South),Nyeri,Level 2,Ministry of Health
Soweto Kayole PHC Health Centre,Nairobi,Level 3,Non-Governmental Organizations
Muchuro Dispensary,Isiolo,Level 2,Ministry of Health
Kianjege Dispensary,Kirinyaga,Level 2,Ministry of Health
Moi Ndabi Dispensary,Nakuru,Level 2,Ministry of Health
Kiagware Dispensary,Kisii,Level 2,Ministry of Health
Egetonto Dispensary (Gucha),Kisii,Level 2,Ministry of Health
Opapla Dispensary,Kisumu,Level 2,Ministry of Health
Gisage Dispensary,Nyamira,Level 2,Ministry of Health
Gesabakwa Health Centre,Kisii,Level 3,Ministry of Health
Iruri Dispensary,Murang'A,Level 2,Ministry of Health
Teret Dispensary,Nakuru,Level 2,Ministry of Health
Ndori Health Centre,Siaya,Level 3,Ministry of Health
Gakoromone Dispensary,Meru,Level 2,Ministry of Health
Tinet Dispensary,Nakuru,Level 2,Ministry of Health
Migori T T C Dispensary,Migori,Level 2,Ministry of Health
Kapiyo Health Centre,Siaya,Level 3,Ministry of Health
Kiseveni Dispensary,Kitui,Level 2,Ministry of Health
Kamandio Dispensary,Kitui,Level 2,Ministry of Health
Sera Dispensary,Tana River,Level 2,Ministry of Health
Kwakala Dispensary,Machakos,Level 2,Ministry of Health
Libehiya Dispensary,Mandera,Level 2,Ministry of Health
Bombi Dispensary,Kilifi,Level 2,Ministry of Health
Tarbaj Health Centre,Wajir,Level 3,Ministry of Health
Nyagiti Dispensary,Murang'A,Level 2,Ministry of Health
Ngelelya Dispensary,Murang'A,Level 2,Ministry of Health
Turbi Dispensary (Marsabit North),Marsabit,Level 2,Ministry of Health
Khwisero Health Centre,Kakamega,Level 3,Ministry of Health
Tungutu HC,Kitui,Level 3,Ministry of Health
Mentera Dispensary,Kericho,Level 2,Ministry of Health
Mahaya Health Centre (Rarieda),Siaya,Level 3,Ministry of Health
Wandumbi Dispensary,Nyeri,Level 2,Ministry of Health
Chiga Dispensary,Kisumu,Level 2,Ministry of Health
Geta Bush Health Centre,Nyandarua,Level 3,Ministry of Health
Mwonge Dispensary,Tharaka-Nithi,Level 2,Ministry of Health
Khalalio Health Centre,Mandera,Level 3,Ministry of Health
Manyatta Jillo Health Centre,Marsabit,Level 3,Ministry of Health
Kabaa Dispensary,Kitui,Level 2,Ministry of Health
Mtepeni Dispensary,Kilifi,Level 2,Ministry of Health
Kituruni Dispensary,Marsabit,Level 2,Ministry of Health
Kanyungu Dispensary,Makueni,Level 2,Ministry of Health
Marioshoni Dispensary,Nakuru,Level 2,Ministry of Health
Kwamo Dispensary,Homa Bay,Level 2,Ministry of Health
El-Molo Bay Dispensary,Marsabit,Level 2,Ministry of Health
Minyenya Dispensary,Migori,Level 2,Ministry of Health
Nyaguda Dispensary,Siaya,Level 2,Ministry of Health
Mkunumbi Dispensary,Lamu,Level 2,Ministry of Health
Balesa Dispensary,Marsabit,Level 2,Ministry of Health
Patanisho Maternity and Nursing Home,Nairobi,Level 3,Private Enterprise (Institution)
Budonga Dispensary,Kakamega,Level 2,Ministry of Health
Buchangu Dispensary,Kakamega,Level 2,Ministry of Health
Olando Dispensary,Homa Bay,Level 2,Ministry of Health
Chuowe Dispensary,Homa Bay,Level 2,Ministry of Health
Chuthber Dispensary,Homa Bay,Level 2,Ministry of Health
Gatunduri Dispensary,Embu,Level 2,Ministry of Health
Gatumbi Dispensary,Embu,Level 2,Ministry of Health
Nachola Dispensary,Samburu,Level 2,Ministry of Health
Mutira (ACK) Dispensary,Kirinyaga,Level 2,Christian Health Association of Kenya
Kajiado (AIC) Dispensary,Kajiado,Level 2,Christian Health Association of Kenya
Taragai Dispensary,Migori,Level 2,Ministry of Health
Kibera Chemi Chemi Ya Uzima Clinic,Nairobi,Level 2,Christian Health Association of Kenya
Orthodox Dispensary,Nairobi,Level 2,Christian Health Association of Kenya
St Marks Dispensary (Kariene),Meru,Level 2,Christian Health Association of Kenya
Karimonga Dispensary,Meru,Level 2,Christian Health Association of Kenya
Arabia Health Centre,Mandera,Level 3,Ministry of Health
St John Marieni Dispensary,Meru,Level 2,Christian Health Association of Kenya
Kiirua Dispensary,Meru,Level 2,Ministry of Health
Rusinga Dispensary,Kisii,Level 2,Ministry of Health
Kionyo Dispensary (Imenti South),Meru,Level 2,Ministry of Health
Katagini Dispensary,Makueni,Level 2,Ministry of Health
Ogen Dispensary,Kisumu,Level 2,Ministry of Health
Engineer District Hospital,Nyandarua,Level 4,Ministry of Health
Atiar Dispensary,Baringo,Level 2,Ministry of Health
Kalulini Health Centre (Kibwezi),Makueni,Level 3,Ministry of Health
Mutukya Dispensary,Kitui,Level 2,Ministry of Health
EDARP Soweto Health Centre,Nairobi,Level 3,Kenya Episcopal Conference-Catholic Secretariat
Approved Dispensary,Kakamega,Level 2,Ministry of Health
Manyatta (SDA) Dispensary,Homa Bay,Level 2,Christian Health Association of Kenya
Getrude Dispensary,Embu,Level 2,Kenya Episcopal Conference-Catholic Secretariat
Omiro Dispensary,Homa Bay,Level 2,Ministry of Health
Sochoi Dispensary,Nandi,Level 2,Ministry of Health
Magenka Dispensary,Tharaka-Nithi,Level 2,Christian Health Association of Kenya
Nyagesenda Dispensary,Kisii,Level 2,Christian Health Association of Kenya
Nyabikomu Dispensary,Nyamira,Level 2,Christian Health Association of Kenya
Kiamagunyi (ACK) Clinic,Kirinyaga,Level 2,Christian Health Association of Kenya
Nyakach (AIC) Dispensary,Kisumu,Level 2,Christian Health Association of Kenya
Ogada Dispensary,Migori,Level 2,Christian Health Association of Kenya
Nyamira Adventist Health Centre,Nyamira,Level 3,Christian Health Association of Kenya
Matutu Dispensary,Nyamira,Level 2,Christian Health Association of Kenya
Githuani (ACK) Dispensary,Kirinyaga,Level 2,Christian Health Association of Kenya
Kibini Hill (PCEA) Dispensary,Kajiado,Level 2,Christian Health Association of Kenya
Karaini (ACK) Dispensary,Kirinyaga,Level 2,Christian Health Association of Kenya
Grace Medical Centre,Kajiado,Level 2,Christian Health Association of Kenya
St Theresa Dispensary,Kilifi,Level 2,Christian Health Association of Kenya
Nduriri (AIC) Dispensary,Kiambu,Level 2,Christian Health Association of Kenya
Orinie (AIC) Clinic,Kajiado,Level 2,Christian Health Association of Kenya
Gaitu Dispensary,Meru,Level 2,Christian Health Association of Kenya
Kikambala Catholic Medical Clinic,Kilifi,Level 2,Christian Health Association of Kenya
Elnoor Dispensary,Wajir,Level 2,Ministry of Health
Langata Health Centre (Mugumo-Ini),Nairobi,Level 3,Ministry of Health
Mukangu (ACK) Dispensary,Embu,Level 2,Christian Health Association of Kenya
Kiriari (ACK) Dispensary,Embu,Level 2,Christian Health Association of Kenya
Mukuru Mmm Clinic,Nairobi,Level 2,Kenya Episcopal Conference-Catholic Secretariat
Sipili Health Centre,Laikipia,Level 3,Ministry of Health
Nyamonye Mission Dispensary,Siaya,Level 3,Kenya Episcopal Conference-Catholic Secretariat
Barsaloi Catholic Dispensary,Samburu,Level 2,Kenya Episcopal Conference-Catholic Secretariat
Kerugoya Catholic Dispensary,Kirinyaga,Level 2,Kenya Episcopal Conference-Catholic Secretariat
Kaumu Health Centre,Kitui,Level 2,Ministry of Health
St Joseph Catholic Dispensary (Igembe),Meru,Level 2,Kenya Episcopal Conference-Catholic Secretariat
Sacred Heart Kangaita Catholic Dispensary,Kirinyaga,Level 2,Kenya Episcopal Conference-Catholic Secretariat
Nthambiro Catholic Dispensary,Meru,Level 2,Kenya Episcopal Conference-Catholic Secretariat
Hongwe Catholic Dispensary,Lamu,Level 2,Kenya Episcopal Conference-Catholic Secretariat
Ngecha Orthodox Dispensary,Kiambu,Level 2,Christian Health Association of Kenya
Igandene Dispensary,Meru,Level 2,Christian Health Association of Kenya
Divine Mercy Kithatu Dispensary,Meru,Level 2,Christian Health Association of Kenya
Nyamakoroto Dispensary,Nyamira,Level 2,Christian Health Association of Kenya
Christian Community Services Dispensary(Maua),Meru,Level 2,Christian Health Association of Kenya
Kiangondu Dispensary,Tharaka-Nithi,Level 2,Christian Health Association of Kenya
Kajiampau Dispensary,Tharaka-Nithi,Level 2,Christian Health Association of Kenya
Kahuho I (AIC) Dispensary,Nyandarua,Level 2,Christian Health Association of Kenya
Logologo AIC Dispensary,Marsabit,Level 2,Christian Health Association of Kenya
Illaut Dispensary,Marsabit,Level 2,Christian Health Association of Kenya
Rurii (ACK) Dispensary,Nyandarua,Level 2,Christian Health Association of Kenya
Olkalou (ACK) Dispensary,Nyandarua,Level 2,Christian Health Association of Kenya
Ranen (SDA) Dispensary,Migori,Level 2,Christian Health Association of Kenya
Siongi Dispensary,Kericho,Level 2,Ministry of Health
Sacred Heart Dispensary (Nzaikoni),Machakos,Level 2,Kenya Episcopal Conference-Catholic Secretariat
Oyani (SDA) Dispensary,Migori,Level 2,Christian Health Association of Kenya
Nkunjumu Dispensary,Meru,Level 2,Christian Health Association of Kenya
Kigogo Dispensary,Tharaka-Nithi,Level 2,Christian Health Association of Kenya
Kamagambo Dispenasry,Migori,Level 2,Christian Health Association of Kenya
Kadem Tb & Leprosy Dispensary,Migori,Level 2,Kenya Episcopal Conference-Catholic Secretariat
Holy Cross Dispensary,Kiambu,Level 2,Kenya Episcopal Conference-Catholic Secretariat
Macalder Mission Dispensary,Migori,Level 2,Kenya Episcopal Conference-Catholic Secretariat
Mwitika Health Centre,Kitui,Level 2,Ministry of Health
Leparua Dispensary,Isiolo,Level 2,Ministry of Health
Maralal Catholic Dispensary,Samburu,Level 2,Kenya Episcopal Conference-Catholic Secretariat
Kargi Dispensary,Marsabit,Level 2,Kenya Episcopal Conference-Catholic Secretariat
St Monica Catholic Dispensary (Nguutani),Kitui,Level 2,Kenya Episcopal Conference-Catholic Secretariat
Machaka Mission Dispensary,Meru,Level 2,Kenya Episcopal Conference-Catholic Secretariat
Maria Dominica Dispensary,Nairobi,Level 2,Kenya Episcopal Conference-Catholic Secretariat
Dreams Centre Dispensary (Langata),Nairobi,Level 2,Kenya Episcopal Conference-Catholic Secretariat
Aro (SDA) Dispensary,Siaya,Level 2,Christian Health Association of Kenya
Weru Dispensary (Mariani),Tharaka-Nithi,Level 2,Christian Health Association of Kenya
Curran Dispensary,Kitui,Level 2,Christian Health Association of Kenya
Ogande Dispensary,Homa Bay,Level 2,Christian Health Association of Kenya
Mobet Dispensary,Uasin Gishu,Level 2,Ministry of Health
Nys Karate Dispensary,Nakuru,Level 2,Ministry of Health
Cheera Dispensary,Tharaka-Nithi,Level 2,Kenya Episcopal Conference-Catholic Secretariat
Nyabikaye Dispensary,Migori,Level 2,Christian Health Association of Kenya
St James Angilcan Church of Kenya Kiaritha Dispens,Kirinyaga,Level 2,Christian Health Association of Kenya
Mahiga (PCEA) Dispensary,Nyeri,Level 2,Christian Health Association of Kenya
Christian Community Services Wang'uru Dispensary,Kirinyaga,Level 2,Christian Health Association of Kenya
Gitoro Dispensary,Meru,Level 2,Kenya Episcopal Conference-Catholic Secretariat
Magwagwa (SDA) Dispensary,Nyamira,Level 2,Christian Health Association of Kenya
Ikuyuni Dispensary,Kitui,Level 2,Ministry of Health
Nyanchwa Dispensary,Kisii,Level 2,Christian Health Association of Kenya
Kagumo Live Giving Dispensary/Laboratory,Kirinyaga,Level 2,Christian Health Association of Kenya
Kathera Dispensary,Meru,Level 2,Christian Health Association of Kenya
Gaturi Dispensary,Meru,Level 2,Christian Health Association of Kenya
Assumption of Mary Dispensary,Murang'A,Level 2,Christian Health Association of Kenya
Caritas Mariah,Kiambu,Level 2,Christian Health Association of Kenya
Nyambare Health Centre,Siaya,Level 3,Christian Health Association of Kenya
Kihuro (ACK) Dispensary,Murang'A,Level 2,Christian Health Association of Kenya
Gangara Dispensary,Meru,Level 2,Christian Health Association of Kenya
Nairobi South Clinic,Nairobi,Level 2,Ministry of Health
Igamatundu Dispensary,Tharaka-Nithi,Level 2,Ministry of Health
Pumwani Majengo Dispensary,Nairobi,Level 2,Ministry of Health
Luciel Dispensary,Migori,Level 2,Christian Health Association of Kenya
Oletukat Dispensary,Narok,Level 2,Ministry of Health
Sabaki Dispensary,Kilifi,Level 2,Ministry of Health
Fundi Issa Dispensary,Kilifi,Level 2,Ministry of Health
Hongo Ogosa Health Centre,Kisumu,Level 3,Ministry of Health
Hindi Prison Dispensary,Lamu,Level 2,Public Institution
GK Prison Dispensary (Kingongo),Nyeri,Level 2,Public Institution
Kiamuriuki Dispensary,Tharaka-Nithi,Level 2,Christian Health Association of Kenya
Dsc Karen Dispensary (Armed Forces),Nairobi,Level 2,Armed Forces
Pangani Dispensary,Nairobi,Level 2,Local Authority
Ngaira Rhodes Dispensary,Nairobi,Level 2,Ministry of Health
Jinnah Ave Clinic,Nairobi,Level 2,Ministry of Health
Kongowea Health Centre,Mombasa,Level 2,Ministry of Health
Woodley Clinic,Nairobi,Level 2,Ministry of Health
Special Treatment Clinic,Nairobi,Level 2,Ministry of Health
Mtongwe (MCM) Dispensary,Mombasa,Level 2,Ministry of Health
Riruta Health Centre,Nairobi,Level 2,Ministry of Health
Longisa District Hospital,Bomet,Level 4,Ministry of Health
Mata Dispensary (Taveta),Taita Taveta,Level 2,Ministry of Health
Riongige Dispensry,Nyamira,Level 2,Ministry of Health
Eramba Dispensary,Kisii,Level 2,Ministry of Health
Malalani Health Centre,Kitui,Level 2,Ministry of Health
Nyabokarange Dispensary,Migori,Level 2,Ministry of Health
Tumaini National Youth Service Dispensary,Nyandarua,Level 2,Ministry of Health
Kagonye Dispensary,Nyeri,Level 2,Ministry of Health
Nys Dispensary (Kirimun),Samburu,Level 2,Ministry of Health
Railways Dispensary (Kisumu),Kisumu,Level 2,Ministry of Health
Ramata Health Centre,Marsabit,Level 3,Ministry of Health
St Anne Kariene Dispensary,Meru,Level 2,Kenya Episcopal Conference-Catholic Secretariat
Nyakiambi Dispensary,Nakuru,Level 2,Ministry of Health
Sachang'wan Dispensary,Nakuru,Level 2,Ministry of Health
Radier Dispensary,Siaya,Level 2,Ministry of Health
Nyamagundo Health Centre,Kisii,Level 2,Ministry of Health
Mwaluvanga Dispensary,Kwale,Level 2,Ministry of Health
Kitundu (GOK) Dispensary,Makueni,Level 2,Ministry of Health
Jomvu Kuu (MCM) Dispensary,Mombasa,Level 2,Ministry of Health
Got Nyabondo Dispensary,Kisumu,Level 2,Ministry of Health
State House Clinic,Nairobi,Level 2,Ministry of Health
Karura Health Centre (Kiambu Rd),Nairobi,Level 3,Ministry of Health
Nkama Dispensary,Kajiado,Level 2,Ministry of Health
Emumwenyi Dispensary,Kajiado,Level 2,Ministry of Health
Gacabari Dispensary,Embu,Level 2,Ministry of Health
Ndilidau Dispensary (Jipe),Taita Taveta,Level 2,Ministry of Health
South B Police Band Dispensary,Nairobi,Level 2,Public Institution
Kapkoi Mission Dispensary,Trans Nzoia,Level 2,Other Faith Based
GK Prison Dispensary (Machakos),Machakos,Level 2,Ministry of Health
Apdk Dispensary (Machakos),Machakos,Level 2,Ministry of Health
Karia Dispensary,Meru,Level 2,Christian Health Association of Kenya
Emusenjeli Dispensary,Vihiga,Level 2,Ministry of Health
Bar Aluru Dispensary (Rarieda),Siaya,Level 2,Ministry of Health
Kenyatta University Dispensary,Nairobi,Level 2,Public Institution
Gatina Dispensary,Nyeri,Level 2,Ministry of Health
Benga Bi Dispensary,Siaya,Level 2,Ministry of Health
School For The Deaf (Machakos),Machakos,Level 2,Ministry of Health
Dog Unit Dispensary (O P Kenya Police),Nairobi,Level 2,Public Institution
Nairobi Remand Prison Health Centre,Nairobi,Level 2,Public Institution
Lwala Community Health Center,Migori,Level 3,Ministry of Health
Mumoni Dispensary,Kitui,Level 2,Ministry of Health
Nabongo Dispensary,Kakamega,Level 2,Ministry of Health
Njiru Dispensary,Nairobi,Level 2,Ministry of Health
Wire Dispensary,Homa Bay,Level 2,Christian Health Association of Kenya
Mananja Health Centre,Machakos,Level 3,Ministry of Health
Luanda Town Dispensary,Vihiga,Level 2,Ministry of Health
Nyasore Dispensary,Kisii,Level 2,Christian Health Association of Kenya
Pipeline Medical Health Services,Nairobi,Level 3,Private Practice - Clinical Officer
Dod Mrs Dispensary,Nairobi,Level 2,Armed Forces
Railway Training Institute Dispensary South B,Nairobi,Level 2,Academic
Bomas of Kenya Dispensary,Nairobi,Level 2,Parastatal
Isamwera Dispensary,Kisii,Level 2,Ministry of Health
University of Nairobi Dispensary,Nairobi,Level 2,Parastatal
Kitonyoni Dispensary,Makueni,Level 2,Ministry of Health
Ekerubo Dispensary (Kisii South),Kisii,Level 2,Ministry of Health
Multi Media University Dispensary,Nairobi,Level 2,Parastatal
GK Prison Dispensary (Athi River),Kajiado,Level 2,Ministry of Health
Eshiongo Dispensary,Kakamega,Level 2,Ministry of Health
Garissa Teacher Training College Dispensary,Garissa,Level 2,Academic
Bondeni Dispensary (Nakuru Central),Nakuru,Level 2,Ministry of Health
Kaharo Dispensary,Murang'A,Level 2,Ministry of Health
Nyanchonori Dispensary,Nyamira,Level 2,Ministry of Health
Butiye Dispensary,Marsabit,Level 2,Ministry of Health
Kibera D O Dispensary,Nairobi,Level 2,Ministry of Health
Ex Lewa Dispensary,Meru,Level 2,Ministry of Health
Port Health Dispensary (Langata),Nairobi,Level 2,Ministry of Health
Gsu Dispensary (Nairobi West),Nairobi,Level 2,Ministry of Health
Golole Dispensary,Marsabit,Level 2,Ministry of Health
Murantawa Dispensary,Kajiado,Level 2,Ministry of Health
Kapsimbeiywo Dispensary,Nakuru,Level 2,Ministry of Health
Gsu Hq Dispensary (Ruaraka),Nairobi,Level 2,Public Institution
Ebukanga Dispensary,Vihiga,Level 2,Ministry of Health
Nyabioto Dispensary,Kisii,Level 2,Ministry of Health
Ober Kamoth Health Centre,Kisumu,Level 3,Ministry of Health
Elwesero Dispensary(Model Health Centre),Kakamega,Level 2,Ministry of Health
Bellevue Health Centre,Nyeri,Level 3,Ministry of Health
Siabai Makonge Dispensary,Migori,Level 2,Ministry of Health
Kagumoini Dispensary (Muranga South),Murang'A,Level 2,Ministry of Health
Kinisa Dispensary,Marsabit,Level 2,Ministry of Health
Tulatula Dispensary,Wajir,Level 2,Ministry of Health
Mihuti Dispensary (Muranga North),Murang'A,Level 2,Christian Health Association of Kenya
Kiburine Dispensary,Meru,Level 2,Ministry of Health
Narrapu Dispensary,Isiolo,Level 2,Ministry of Health
Total Dispensary,Nakuru,Level 2,Ministry of Health
Mwongori Dispensary,Nyamira,Level 2,Ministry of Health
Jilore Dispensary,Kilifi,Level 2,Ministry of Health
Mackinon Road Dispensary,Kwale,Level 2,Ministry of Health
Hamundia Health Centre,Kiambu,Level 3,Ministry of Health
Makamini Dispensary,Kwale,Level 2,Ministry of Health
Ndavaya Dispensary,Kwale,Level 2,Ministry of Health
Mwabila Dispensary,Kwale,Level 2,Ministry of Health
Old Mawingu Health Centre,Nyandarua,Level 3,Ministry of Health
Bande Dispensary,Migori,Level 2,Ministry of Health
Dambas Health Centre,Wajir,Level 3,Ministry of Health
Gitare Health Centre (Gatundu),Kiambu,Level 3,Ministry of Health
Muthuthiini Dispensary,Nyeri,Level 2,Ministry of Health
Kogweno Oriang' Dispensary,Homa Bay,Level 2,Ministry of Health
Wiga Dispensary,Homa Bay,Level 2,Ministry of Health
Machang'a Dispensary,Embu,Level 2,Ministry of Health
Burinda Dispensary,Busia,Level 2,Ministry of Health
Mukuuri Dispensary,Embu,Level 2,Ministry of Health
Kabati Dispensary (Laikipia West),Laikipia,Level 2,Ministry of Health
Suna Rabuor Dispensary,Migori,Level 2,Ministry of Health
Lontolio Dispensary,Marsabit,Level 2,Ministry of Health
Shompole Dispensary,Kajiado,Level 2,Ministry of Health
Mumbuni Dispensary (Mwala),Machakos,Level 2,Ministry of Health
Dandu Health Centre,Mandera,Level 3,Ministry of Health
Juja Farm Health Centre,Kiambu,Level 3,Ministry of Health
Lenga Dispensary,Kilifi,Level 2,Ministry of Health
Misori Dispensary,Siaya,Level 2,Ministry of Health
Thigio Dispensary (Kiambu West),Kiambu,Level 2,Ministry of Health
Mow Dispensary,Nairobi,Level 2,Public Institution
Gitugi Dispensary (Nyeri South),Nyeri,Level 2,Ministry of Health
Maina Village Dispensary,Laikipia,Level 2,Ministry of Health
Kiganjo Dispensary,Kiambu,Level 2,Ministry of Health
Gesuguri Dispensary,Kisii,Level 2,Ministry of Health
Gsu Dispensary,Nakuru,Level 2,Ministry of Health
Guba Dispensary,Mandera,Level 2,Ministry of Health
Ihururu Health Centre,Nyeri,Level 3,Ministry of Health
Koiwalelach Dispensary,Kericho,Level 2,Ministry of Health
Gatondo Dispensary (Kipipiri),Nyandarua,Level 2,Ministry of Health
Airport Dispensary (Kisumu),Kisumu,Level 2,Ministry of Health
Werugha Health Centre,Taita Taveta,Level 3,Ministry of Health
Ndivai Dispensary,Nyandarua,Level 2,Ministry of Health
Najile Dispensary,Kajiado,Level 2,Ministry of Health
St Anne (ACK) Dispensary,Murang'A,Level 2,Christian Health Association of Kenya
Mugoiri Dispensary,Murang'A,Level 2,Ministry of Health
Rainbow Community Care,Kilifi,Level 3,Ministry of Health
Kiria Health Centre,Murang'A,Level 3,Ministry of Health
Kiria-Ini Dispensary,Murang'A,Level 2,Ministry of Health
Kilimangodo Dispensary,Kwale,Level 2,Ministry of Health
Kiptororo Dispensary,Nakuru,Level 2,Ministry of Health
Kanjama Dispensary,Murang'A,Level 2,Ministry of Health
Gatuanyaga Dispensary,Kiambu,Level 2,Ministry of Health
Takaba Nomadic Mobile,Mandera,Level 2,Ministry of Health
Nyali Barracks Dispensary,Mombasa,Level 2,Armed Forces
Kiliweheri Health Centre,Mandera,Level 3,Ministry of Health
Ilpolosat Dispensary,Kajiado,Level 2,Ministry of Health
Kafuduni Dispensary,Kwale,Level 2,Ministry of Health
Sajiloni Dispensary,Kajiado,Level 2,Ministry of Health
Mecheo Dispensary,Nyamira,Level 2,Ministry of Health
Eymole Health Centre (Kilwehiri),Mandera,Level 3,Ministry of Health
Kandongu Dispensary,Kirinyaga,Level 2,Ministry of Health
Sikarira Dispensary,Busia,Level 2,Ministry of Health
Nys Dispensary (Kilindini),Mombasa,Level 2,Ministry of Health
Turi Dispensary (CDF),Nakuru,Level 2,Ministry of Health
Agawo Dispensary,Homa Bay,Level 2,Ministry of Health
GK Prison Dispensary (Embu),Embu,Level 2,Ministry of Health
Kibingei Dispensary,Bungoma,Level 2,Ministry of Health
Miniambo Dispensary,Homa Bay,Level 2,Ministry of Health
GK Prisons Dispensary (Kapenguria),West Pokot,Level 2,Ministry of Health
Mukurwe Dispensary,Murang'A,Level 2,Ministry of Health
Tchundwa Dispensary,Lamu,Level 2,Ministry of Health
Nyamasibi Health Centre,Kisii,Level 2,Ministry of Health
Idsowe Dispensary,Tana River,Level 2,Ministry of Health
Tindereti Dispensary,Nyamira,Level 2,Ministry of Health
Kagumoini Dispensary (Muranga North),Murang'A,Level 2,Ministry of Health
Matondoni Dispensary,Lamu,Level 2,Ministry of Health
Kagoji Dispensary,Meru,Level 2,Ministry of Health
Kenyerere Dispensary (Masaba),Kisii,Level 2,Ministry of Health
Mochenwa Dispensary,Nyamira,Level 2,Ministry of Health
Kathiranga Dispensary,Meru,Level 2,Ministry of Health
Rietago Dispensary,Nyamira,Level 2,Ministry of Health
Kiwayuu Dispensary,Lamu,Level 2,Ministry of Health
Vigurungani Dispensary,Kwale,Level 2,Ministry of Health
Gesusu (SDA) Dispensary,Kisii,Level 2,Ministry of Health
Nyasike Dispensary,Kisii,Level 2,Ministry of Health
Lorngoswa Dispensary,Kajiado,Level 2,Ministry of Health
Nyamagesa Dispensary,Kisii,Level 2,Ministry of Health
Patte Dispensary,Lamu,Level 2,Ministry of Health
Mnazini Dispensary,Tana River,Level 2,Ministry of Health
Mbwajumwali Dispensary,Lamu,Level 2,Ministry of Health
Ruanda Dispensary,Bungoma,Level 2,Ministry of Health
Kineni Dispensary (Esise),Nyamira,Level 2,Ministry of Health
Segetet Dispensary,Kericho,Level 2,Ministry of Health
Oda Dispensary,Tana River,Level 2,Ministry of Health
Majoreni Dispensary,Kwale,Level 2,Ministry of Health
Pesi Dispensary,Nyandarua,Level 2,Ministry of Health
Tononoka Administration Police Dispensary & VCT,Mombasa,Level 2,Public Institution
Mosiro Dispensary (Kajiado North),Kajiado,Level 2,Ministry of Health
Losam Dispensary,West Pokot,Level 2,Ministry of Health
Orolwo Dispensary,West Pokot,Level 2,Ministry of Health
Kangoletiang Dispensary,West Pokot,Level 2,Ministry of Health
Kamketo Dispensary,West Pokot,Level 2,Ministry of Health
Ngodhe Dispensary,Migori,Level 2,Ministry of Health
Olooseos Dispensary,Kajiado,Level 2,Ministry of Health
Rigoma Dispensary,Nyamira,Level 2,Ministry of Health
Kambirwa Health Centre,Murang'A,Level 3,Ministry of Health
Saikeri Dispensary,Kajiado,Level 2,Ministry of Health
Kinanie Dispensary,Machakos,Level 2,Ministry of Health
Mangai Dispensary,Lamu,Level 2,Ministry of Health
Kipeto Dispensary,Kajiado,Level 2,Ministry of Health
Hareri Dispensary,Mandera,Level 2,Ministry of Health
Fino Health Centre,Mandera,Level 3,Ministry of Health
Nyandoche Ibere Dispensary,Nyamira,Level 2,Ministry of Health
Kilinito Dispensary (CDF),Kajiado,Level 2,Ministry of Health
Fafi Dispensary,Garissa,Level 2,Ministry of Health
Miluki Dispensary,Bungoma,Level 2,Ministry of Health
Eldere Dispensary,Garissa,Level 2,Ministry of Health
Stream of Life Clinic,Nakuru,Level 2,Private Practice - Nurse / Midwifery
Semikaro Dispensary,Tana River,Level 2,Ministry of Health
Machururiati Dispensary,Nyamira,Level 2,Ministry of Health
Esonorua Dispensary,Kajiado,Level 2,Ministry of Health
Mwanda Dispensary,Kwale,Level 2,Ministry of Health
Taru Dispensary,Kwale,Level 2,Ministry of Health
Kibandaongo Dispensary,Kwale,Level 2,Ministry of Health
Kinagoni Dispensary,Kwale,Level 2,Ministry of Health
Lutsangani Dispensary,Kwale,Level 2,Ministry of Health
Motontera Dispensary,Nyamira,Level 2,Ministry of Health
State House Dispensary (Nairobi),Nairobi,Level 2,Ministry of Health
Maralal GK Prison Dispensary,Samburu,Level 2,Ministry of Health
Rabondo Dispensary,Migori,Level 2,Ministry of Health
Ramasha Dispensary,Kisii,Level 2,Ministry of Health
Thangathi Health Centre,Nyeri,Level 3,Ministry of Health
Kubura Dispensary,Bungoma,Level 2,Ministry of Health
Katwala Dispensary,Kitui,Level 2,Ministry of Health
Nguuku Dispensary,Kitui,Level 2,Ministry of Health
Kanjinji Dispensary,Kirinyaga,Level 2,Ministry of Health
Njukini Dispensary,Kajiado,Level 2,Ministry of Health
Boji Dispensary,Isiolo,Level 2,Ministry of Health
Chebulbai Dispensary,Elegeyo-Marakwet,Level 2,Ministry of Health
Pumwani Dispensary,Tana River,Level 2,Ministry of Health
Nyansakia Health Centre,Kisii,Level 3,Ministry of Health
GK Prisons Dispensary (Kibos),Kisumu,Level 2,Ministry of Health
Dr Kalyas Clinic,Nakuru,Level 2,Private Practice - General Practitioner
Diani Health Centre,Kwale,Level 3,Ministry of Health
Kahawa Dispensary,Nyamira,Level 2,Ministry of Health
Kairo Dispensary,Murang'A,Level 2,Ministry of Health
Pwani (GOK) Dispensary,Nakuru,Level 2,Ministry of Health
Ekerubo Dispensary (Masaba),Kisii,Level 2,Ministry of Health
Likia Dispensary,Nakuru,Level 2,Ministry of Health
Kibaranyaki Dispensary,Meru,Level 2,Ministry of Health
Sosera Dispensary,Kisii,Level 2,Ministry of Health
Kiamokama Sub County Hospital,Kisii,Level 3,Ministry of Health
Konyu Dispensary,Kitui,Level 2,Ministry of Health
Langata Enkima Dispensary,Kajiado,Level 2,Ministry of Health
Elwangale Health Centre,Kakamega,Level 3,Ministry of Health
Rapsu Dispensary,Isiolo,Level 2,Ministry of Health
Sangole Dispensary,Garissa,Level 2,Ministry of Health
Dr Karania Medical Clinic,Nakuru,Level 2,Private Practice - General Practitioner
Korisa Dispensary,Garissa,Level 2,Ministry of Health
Kotile Health Centre,Garissa,Level 3,Ministry of Health
Mufu Dispensary,Embu,Level 2,Ministry of Health
Lakeview Nursing Home,Nakuru,Level 3,Private Practice - General Practitioner
Rera Dispensary,Siaya,Level 2,Ministry of Health
Kamburaini Dispensary,Nyeri,Level 2,Ministry of Health
Muthaara Dispensary,Kiambu,Level 2,Ministry of Health
Kiamara Dispensary,Murang'A,Level 2,Ministry of Health
Kiangunyi Dispensary,Murang'A,Level 2,Ministry of Health
Kibutha Dispensary,Murang'A,Level 2,Ministry of Health
Kihoya Dispensary,Murang'A,Level 2,Ministry of Health
Oroche Dispensary,Kisii,Level 2,Ministry of Health
Dr Wenyaa Clinic,Nakuru,Level 2,Private Practice - General Practitioner
Kiamathaga Dispensary,Nyeri,Level 2,Ministry of Health
Vishakani Dispensary,Kilifi,Level 2,Ministry of Health
Chalani Dispensary,Kilifi,Level 2,Ministry of Health
Maparasha Dispensary,Kajiado,Level 2,Ministry of Health
Kambe Dispensary,Kilifi,Level 2,Ministry of Health
Kibuyuni Dispensary,Kwale,Level 2,Ministry of Health
Sirembe Dispensary,Siaya,Level 2,Ministry of Health
Mnarani Dispensary,Kilifi,Level 2,Ministry of Health
Umala Dispensary,Siaya,Level 2,Ministry of Health
Kiguchwa Dispensary,Meru,Level 2,Ministry of Health
Nzunguni Dispensary,Kitui,Level 2,Ministry of Health
Kharanda Dispensary,Kakamega,Level 2,Ministry of Health
Nyalgosi Dispensary,Homa Bay,Level 2,Ministry of Health
Hara Health Centre,Garissa,Level 3,Ministry of Health
Meridian Medical Centre (Buruburu),Nairobi,Level 2,Private Enterprise (Institution)
Emmaus Medical Clinic,Murang'A,Level 2,Private Practice - Nurse / Midwifery
Olosho-Oibor Dispensary,Kajiado,Level 2,Ministry of Health
Bar-Sauri Dispensry,Siaya,Level 2,Ministry of Health
Sifuyo Dispensary,Siaya,Level 2,Ministry of Health
Urenga Dispensary,Siaya,Level 2,Ministry of Health
Dr Aluvaala Medical Clinic,Nakuru,Level 2,Private Practice - General Practitioner
Tingare Dispensary,Siaya,Level 2,Ministry of Health
Simenya Dispensary,Siaya,Level 2,Ministry of Health
Kiegoi Health Centre,Meru,Level 3,Ministry of Health
Burguret Dispensary,Nyeri,Level 2,Ministry of Health
Mtondia Dispensary,Kilifi,Level 2,Ministry of Health
Gatunyu Dispensary,Murang'A,Level 2,Ministry of Health
Enkirgir Dispensary,Kajiado,Level 2,Ministry of Health
Segere Dispensary,Siaya,Level 2,Ministry of Health
Asayi Dispensary,Siaya,Level 2,Ministry of Health
Marie Stopes ( Nakuru),Nakuru,Level 2,Non-Governmental Organizations
Obunga Dispensary,Homa Bay,Level 2,Ministry of Health
St Mary's Yala Dispensary,Siaya,Level 2,Ministry of Health
Kiangochi Dispensary,Murang'A,Level 2,Ministry of Health
Nyagoko Dispensary,Siaya,Level 2,Ministry of Health
Shamata Health Centre,Nyandarua,Level 3,Ministry of Health
Karangi Dispensary,Murang'A,Level 2,Ministry of Health
Kariko Dispensary,Kirinyaga,Level 2,Ministry of Health
Kiunyu Dispensary,Murang'A,Level 2,Ministry of Health
Ithanga Dispensary,Murang'A,Level 2,Ministry of Health
Emurua Dikir Dispensary,Kajiado,Level 2,Ministry of Health
Kaningo Health Centre,Kitui,Level 3,Ministry of Health
Nguungani Dispensary,Kitui,Level 2,Ministry of Health
St Jude Medical Clinic (Maragua),Murang'A,Level 2,Private Practice - Nurse / Midwifery
St Ann Medical Clinic (Naivasha),Nakuru,Level 2,Private Practice - Nurse / Midwifery
Nyamemiso Dispensary,Kisii,Level 2,Ministry of Health
Ozi Dispensary,Tana River,Level 2,Ministry of Health
Olgumi Dispensary,Kajiado,Level 2,Ministry of Health
Bagaria Dispensary,Nakuru,Level 2,Ministry of Health
Oloiyangalani Dispensary,Kajiado,Level 2,Ministry of Health
Baraka Maternity Home,Nakuru,Level 4,Private Enterprise (Institution)
Icross Dispensary,Kajiado,Level 2,Ministry of Health
Loodoariak Dispensary,Kajiado,Level 2,Ministry of Health
Rambula Dispensary,Siaya,Level 2,Ministry of Health
Kipao Dispensary,Tana River,Level 2,Ministry of Health
Ithimbari Dispensary,Meru,Level 2,Ministry of Health
Sikalame Dispensary,Siaya,Level 2,Ministry of Health
Bar Achuth Dispensary,Siaya,Level 2,Ministry of Health
Bar Agulu Dispensary,Siaya,Level 2,Ministry of Health
Jera Dispensary,Siaya,Level 2,Ministry of Health
Oltepesi Dispensary,Kajiado,Level 2,Ministry of Health
Nyangu Dispensary,Siaya,Level 2,Ministry of Health
Sega Cottage Hospital,Siaya,Level 2,Ministry of Health
Emotoroki Dispensary,Kajiado,Level 2,Ministry of Health
Singiraine Dispensary,Kajiado,Level 2,Ministry of Health
Kiambu Institute of Science and Technology Dispens,Kiambu,Level 2,Private Practice - Nurse / Midwifery
Lafey Nomadic Dispensary,Mandera,Level 2,Ministry of Health
Meto Dispensary,Kajiado,Level 2,Ministry of Health
Oloika Dispensary,Kajiado,Level 2,Ministry of Health
Kau Dispensary,Tana River,Level 2,Ministry of Health
State House Dispensary (Mombasa),Mombasa,Level 2,Ministry of Health
Nakuru Clinical Unit,Nakuru,Level 2,Private Practice - General Practitioner
Mailwa Dispensary,Kajiado,Level 2,Ministry of Health
Oboch Dispensary,Kisumu,Level 2,Ministry of Health
Tulwet Dispensary (Kuresoi),Nakuru,Level 2,Ministry of Health
Kigetuini Dispensary,Murang'A,Level 2,Ministry of Health
Msulwa Dispensary,Kwale,Level 2,Ministry of Health
Kiaoni Dispensary (Kibwezi),Makueni,Level 2,Ministry of Health
Ilkilinyet Dispensary,Kajiado,Level 2,Ministry of Health
Shimoni Dispensary,Kwale,Level 2,Ministry of Health
Munyu-Ini Dispensary,Kiambu,Level 2,Ministry of Health
Ikuu Dispensary,Tharaka-Nithi,Level 2,Ministry of Health
Chepkoilel Campus Dispensary,Uasin Gishu,Level 2,Ministry of Health
Kijawa Dispensary,Homa Bay,Level 2,Ministry of Health
Amoyo Dispensary,Homa Bay,Level 2,Ministry of Health
Amuma Dispensary,Garissa,Level 2,Ministry of Health
Makadara Health Centre,Nairobi,Level 3,Ministry of Health
Agc Baby Health Centre,Nakuru,Level 2,Other Faith Based
Chepseon Medical Clinic,Kericho,Level 2,Private Enterprise (Institution)
Lemook Clinic,Uasin Gishu,Level 2,Private Enterprise (Institution)
Giathanini Dispensary,Murang'A,Level 2,Ministry of Health
Galili Dispensary,Tana River,Level 2,Ministry of Health
Obwanda Dispensary,Homa Bay,Level 2,Ministry of Health
Iraha Dispensary,Migori,Level 2,Ministry of Health
Kihumbu-Ini Community Dispensary,Murang'A,Level 2,Ministry of Health
Rae Dispensary,Kisumu,Level 2,Ministry of Health
Oldonyo Nyokie Dispensary,Kajiado,Level 2,Ministry of Health
Songa Health Centre,Marsabit,Level 3,Ministry of Health
Uasin Gishu District Hospital,Uasin Gishu,Level 4,Ministry of Health
Tharaka Health Centre,Kitui,Level 3,Ministry of Health
Gairoro Dispensary,Migori,Level 2,Ministry of Health
Embaringo Dispensary,Nyeri,Level 2,Ministry of Health
Rurii Kiandegwa Dispensary,Kirinyaga,Level 2,Ministry of Health
Kmq Dispensary,Kajiado,Level 2,Ministry of Health
Ngegu Dispensary,Homa Bay,Level 2,Ministry of Health
GK Prison Dispensary (Homa Bay),Homa Bay,Level 2,Ministry of Health
Kiasa Dispensary,Homa Bay,Level 2,Ministry of Health
Nguku Dispensary,Homa Bay,Level 2,Ministry of Health
Maram Dispensary,Homa Bay,Level 2,Ministry of Health
Ombo Kachieng' Dispensary,Homa Bay,Level 2,Ministry of Health
Ober Kabuoch Dispensary,Homa Bay,Level 2,Ministry of Health
Ponge Dispensary,Homa Bay,Level 2,Ministry of Health
Okok Dispensary,Homa Bay,Level 2,Ministry of Health
Malela Dispensary,Homa Bay,Level 2,Ministry of Health
Marereni Dispensary,Kilifi,Level 2,Ministry of Health
Mwer Dispensary,Siaya,Level 2,Ministry of Health
Masumbi Dispensary,Siaya,Level 2,Ministry of Health
Rabar Dispensary,Siaya,Level 2,Ministry of Health
Kogelo Dispensary,Siaya,Level 2,Ministry of Health
Konyao Dispensary,West Pokot,Level 2,Ministry of Health
Upendo Dispensary,Nairobi,Level 2,Ministry of Health
Tuiyotich Dispensary,Nakuru,Level 2,Ministry of Health
Kodich Dispensary,West Pokot,Level 2,Ministry of Health
Nyathengo Dispensary,Siaya,Level 2,Ministry of Health
Nyangande Health Centre,Kisumu,Level 3,Ministry of Health
Mataara Dispensary,Kiambu,Level 2,Ministry of Health
Kaluo Dispensary,Siaya,Level 2,Ministry of Health
Uriri Dispensary,Siaya,Level 2,Ministry of Health
Mulaha Dispensary,Siaya,Level 2,Ministry of Health
Kenyerere Health Centre (Nyamira),Nyamira,Level 3,Ministry of Health
Wii Dispensary,Kitui,Level 2,Ministry of Health
Athi Dispensary,Kiambu,Level 2,Ministry of Health
Eshimukoko Health Centre,Kakamega,Level 3,Ministry of Health
Randung' Dispensary,Homa Bay,Level 2,Ministry of Health
Savimbi Medical Clinic,Narok,Level 2,Private Enterprise (Institution)
Mukarara Community Dispensary,Murang'A,Level 2,Ministry of Health
Kahiga Dispensary,Nyeri,Level 2,Ministry of Health
Sirata Oirobi Dispensary,Samburu,Level 2,Ministry of Health
Kamaguna Dispensary,Tharaka-Nithi,Level 2,Ministry of Health
Kasei Dispensary,West Pokot,Level 2,Ministry of Health
Nauyapong Dispensary,West Pokot,Level 2,Ministry of Health
Assa Dispensary,Tana River,Level 2,Ministry of Health
Kenyerere Sub County Hospital,Kisii,Level 2,Ministry of Health
Wath Onger Dispensary,Migori,Level 2,Ministry of Health
Miritini CDF Dispensary,Mombasa,Level 2,Ministry of Health
Kimachia Dispensary,Meru,Level 2,Ministry of Health
Limoro Dispensary,Meru,Level 2,Ministry of Health
Bokole CDF Dispensary,Mombasa,Level 2,Ministry of Health
Island Farms Dispensary,Nyeri,Level 3,Ministry of Health
Arjijo Dispensary,Laikipia,Level 2,Ministry of Health
Gakurungu Dispensary,Tharaka-Nithi,Level 2,Ministry of Health
Gathaithi Dispensary,Murang'A,Level 2,Ministry of Health
Mureru Dispensary,Nyeri,Level 2,Ministry of Health
Bar Olengo Dispensary,Siaya,Level 2,Ministry of Health
Kapchumba Dispensary,Nandi,Level 2,Ministry of Health
Westlands Health Centre,Nairobi,Level 3,Ministry of Health
Starlite Medical Clinic,Nakuru,Level 2,Private Enterprise (Institution)
Sibuoche Dispensary,Migori,Level 2,Ministry of Health
Rukenya Dispensary,Tharaka-Nithi,Level 2,Ministry of Health
Kako Dispensary,Makueni,Level 2,Ministry of Health
Kamboe Dispensary,Marsabit,Level 2,Ministry of Health
Gitaro Dispensary,Murang'A,Level 2,Ministry of Health
Njoguini Dispensary,Nyeri,Level 2,Ministry of Health
Tulia Dispensary,Kitui,Level 2,Ministry of Health
Gitugi Dispensary (Muranga North),Murang'A,Level 2,Ministry of Health
Ulungo Dispensary,Siaya,Level 2,Ministry of Health
Goro Rukesa Dispensary,Marsabit,Level 2,Ministry of Health
Sieka Dispensary,Kisii,Level 2,Ministry of Health
Kalunga Dispensary,Machakos,Level 2,Ministry of Health
Ogero Dispensary,Siaya,Level 2,Ministry of Health
Lailuba Dispensary,Meru,Level 2,Ministry of Health
Midhine Dispensary,Siaya,Level 2,Ministry of Health
Kabati Dispensary,Nyeri,Level 2,Ministry of Health
Eshinutsa Health Centre,Kakamega,Level 3,Ministry of Health
Kiamabara Health Centre,Nyeri,Level 2,Ministry of Health
Riat Dispensary (Migori),Migori,Level 2,Ministry of Health
Otati Dispensary,Migori,Level 2,Ministry of Health
Ciagini  Health Centre,Kirinyaga,Level 3,Ministry of Health
Shikusi Dispensary,Kakamega,Level 2,Ministry of Health
Rariw Dispensary,Homa Bay,Level 2,Ministry of Health
Sivilie Health Centre,Kakamega,Level 2,Ministry of Health
Enoosaen Zh Clinic,Narok,Level 2,Private Practice - Nurse / Midwifery
Kinoru Dispensary,Meru,Level 2,Ministry of Health
Ondong Dispensary,Migori,Level 2,Ministry of Health
Ngorika Dispensary,Nyandarua,Level 2,Ministry of Health
Githiriga Dispensary,Nakuru,Level 2,Ministry of Health
Loosuk GK Dispensary,Samburu,Level 2,Ministry of Health
Nduru Kadero Dispensary,Kisumu,Level 2,Ministry of Health
Wagalla Health Centre,Wajir,Level 3,Ministry of Health
Kagicha Dispensary,Nyeri,Level 2,Ministry of Health
Ilpolei Dispensary,Laikipia,Level 2,Ministry of Health
Githagara Health Centre,Murang'A,Level 3,Ministry of Health
Midoti Dispensary,Migori,Level 2,Ministry of Health
Mnara Dispensary,Kisumu,Level 2,Ministry of Health
Bethsaida (AIC) Clinic (Nakuru),Nakuru,Level 2,Christian Health Association of Kenya
Nthambiro Dispensary,Meru,Level 2,Ministry of Health
Mafisini Dispensary,Kwale,Level 2,Ministry of Health
Magena Dispensary,Kisii,Level 2,Ministry of Health
Kavuta Dispensary,Kitui,Level 2,Ministry of Health
Witima Health Centre,Nyeri,Level 3,Ministry of Health
Katutu Dispensary,Kitui,Level 2,Ministry of Health
Tii Dispensary,Kitui,Level 2,Ministry of Health
Kairini Dispensary,Kirinyaga,Level 2,Ministry of Health
Malka Daka Dispensary,Isiolo,Level 2,Ministry of Health
Adiedo Dispensary,Homa Bay,Level 2,Ministry of Health
Horesha Medicalicare,Taita Taveta,Level 2,Private Enterprise (Institution)
Chogoria (PCEA) Hospital,Tharaka-Nithi,Level 4,Christian Health Association of Kenya
Gatangara Dispensary,Murang'A,Level 2,Ministry of Health
Sarman Dispensary,Wajir,Level 2,Ministry of Health
Kakuuni Dispensary,Kitui,Level 2,Ministry of Health
Mansile Dispensary,Marsabit,Level 2,Ministry of Health
Marua Dispensary,Nyeri,Level 2,Ministry of Health
Hulahula Dispensary,Marsabit,Level 2,Ministry of Health
Kiropket Dispensary,Nandi,Level 2,Ministry of Health
Kandege Dispensary,Kisumu,Level 2,Ministry of Health
Ewaso Dispensary,Laikipia,Level 2,Ministry of Health
Limauru Dispensay,Meru,Level 2,Ministry of Health
Kina Dispensary,Meru,Level 2,Ministry of Health
Makaani Dispensary,Kitui,Level 2,Ministry of Health
Mwapala Dispensary,Kwale,Level 2,Ministry of Health
Fitc Dispensary,Nakuru,Level 2,Ministry of Health
Nyamarimba Dispensary,Kisumu,Level 2,Ministry of Health
Kalii Dispensary,Makueni,Level 2,Ministry of Health
Mizijini Dispensary,Kilifi,Level 2,Ministry of Health
Agenga Dispensary,Migori,Level 2,Ministry of Health
Meri Health Centre,Wajir,Level 3,Ministry of Health
Gotichaki Dispensary,Kisii,Level 2,Ministry of Health
Dadajabula Sub District Hospital,Wajir,Level 4,Ministry of Health
Kiaruta Dispensary,Kisii,Level 2,Ministry of Health
Unilever Central Hospital,Kericho,Level 4,Private Enterprise (Institution)
Chepkumia Dispensary,Nandi,Level 2,Ministry of Health
Barambate Dispensary,Isiolo,Level 2,Ministry of Health
Nyamasare Dispensary,Migori,Level 2,Ministry of Health
Administration Police Dispensary (Kisumu East),Kisumu,Level 2,Ministry of Health
Pingilikani Dispensary,Kilifi,Level 2,Ministry of Health
Gahaleni Dispensary,Kilifi,Level 2,Ministry of Health
Mangala Dispensary,Makueni,Level 2,Ministry of Health
Nyansancha Dispensary,Kisii,Level 2,Ministry of Health
Longewan Dispensary,Samburu,Level 2,Ministry of Health
Kambandi Dispensary,Tharaka-Nithi,Level 2,Ministry of Health
Kyandui Dispensary,Kitui,Level 2,Ministry of Health
Gatheru Dispensary,Murang'A,Level 2,Ministry of Health
Gotani Dispensary,Kilifi,Level 2,Ministry of Health
Kapkures Dispensary (Nakuru Central),Nakuru,Level 2,Ministry of Health
Bodi Health Centre,Kisumu,Level 3,Ministry of Health
Itibo Eramani Dispensary,Kisii,Level 2,Ministry of Health
Kimiti Model Health Centre,Machakos,Level 3,Ministry of Health
Kasuku Health Centre,Nyandarua,Level 3,Ministry of Health
Ndiwa Dispensary,Migori,Level 2,Ministry of Health
Damajaley Dispensary,Garissa,Level 2,Ministry of Health
Makutano Dispensary (Soysambu/mitua),Bungoma,Level 2,Ministry of Health
Ngai Dispensary,Makueni,Level 2,Ministry of Health
Mbusyani Dispensary,Kitui,Level 2,Ministry of Health
Immurtot Health Centre,Kajiado,Level 3,Ministry of Health
Kajieyi Dispensary,Homa Bay,Level 2,Ministry of Health
Rukira Dispensary,Embu,Level 2,Ministry of Health
Kaboywo Dispensary,Bungoma,Level 2,Ministry of Health
Arbajahan Nomadic Mobile Clinic,Wajir,Level 2,Ministry of Health
Uruku Dispensary,Nyandarua,Level 2,Ministry of Health
Entanda Dispensary,Kisii,Level 2,Ministry of Health
Borangi Health Centre,Kisii,Level 3,Ministry of Health
Roka Maweni Dispensary,Kilifi,Level 2,Ministry of Health
Nyakongo Dispensary,Kisumu,Level 2,Ministry of Health
Vyongwani Dispensary,Kwale,Level 2,Ministry of Health
Kairuthi Dispensary,Nyeri,Level 2,Ministry of Health
Musitinyi Dispensary,Vihiga,Level 2,Ministry of Health
Abakore Sub District Hospital,Wajir,Level 4,Ministry of Health
Suguta Health Centre,Kisii,Level 3,Ministry of Health
Kwa Mutonga Dispenasry,Kitui,Level 2,Ministry of Health
Zaina Dispensary,Nyeri,Level 2,Ministry of Health
Seketet Dispensary,Samburu,Level 2,Ministry of Health
Katumbu Dispensary,Kitui,Level 2,Ministry of Health
Ndimaini Dispensary,Nyeri,Level 2,Ministry of Health
Somare Dispensary,Marsabit,Level 2,Ministry of Health
Yanzuu Health Centre,Kitui,Level 3,Ministry of Health
Elben Dispensary,Wajir,Level 2,Ministry of Health
Gita Sub County Hospital,Kisumu,Level 3,Ministry of Health
Twimyua Dispensary,Kitui,Level 2,Ministry of Health
Eden Dispensary,Nairobi,Level 2,Private Enterprise (Institution)
Nyabola Dispensary,Homa Bay,Level 2,Ministry of Health
Kauma Health Centre (Rachuonyo),Homa Bay,Level 3,Ministry of Health
Benane Health Centre,Garissa,Level 3,Ministry of Health
Kigaa Dispensary,Embu,Level 2,Ministry of Health
Kanakurudio Health Centre,Turkana,Level 3,Ministry of Health
Kirima Dispensary,Nyandarua,Level 2,Ministry of Health
Tiva Dispensary,Kitui,Level 2,Ministry of Health
Kiptagich Model Health centre,Nakuru,Level 3,Ministry of Health
Mere Dispensary,Nyeri,Level 2,Ministry of Health
Kaimbaga Dispensary,Nyandarua,Level 2,Ministry of Health
Molo South Dispensary,Nakuru,Level 2,Ministry of Health
Uran Health Centre,Marsabit,Level 3,Ministry of Health
Barwaqo Dispensary,Wajir,Level 2,Ministry of Health
Nkondi Health centre,Tharaka-Nithi,Level 3,Ministry of Health
Murarandia Dispensary,Murang'A,Level 2,Ministry of Health
Gitine Dispensary,Meru,Level 2,Ministry of Health
Kauma Dispensary (Kitui),Kitui,Level 2,Ministry of Health
Nyaribo Dispensary,Nyeri,Level 2,Ministry of Health
Leheley Sub District Hospital,Wajir,Level 4,Ministry of Health
Kuja Dispensary,Migori,Level 2,Ministry of Health
Nyagiki Dispensary,Kisii,Level 2,Ministry of Health
GK Prisons Dispensary (Eldoret East),Uasin Gishu,Level 2,Ministry of Health
Ap Line Dispensary,Kakamega,Level 2,Ministry of Health
Olorika Dispensary,Kajiado,Level 2,Ministry of Health
Kimsaw Medical Clinic,Nakuru,Level 2,Private Practice - Clinical Officer
Kokwanyo Health Centre,Homa Bay,Level 3,Ministry of Health
Kobuya Dispensary,Homa Bay,Level 2,Ministry of Health
Mugui Dispensary,Embu,Level 2,Ministry of Health
Chepkube Dispensary,Bungoma,Level 2,Ministry of Health
Mauche Dispensary,Nakuru,Level 2,Ministry of Health
Kibigori Dispensary,Kisumu,Level 2,Ministry of Health
Ledero Dispensary,Samburu,Level 2,Ministry of Health
Gaciongo Dispensary,Tharaka-Nithi,Level 2,Ministry of Health
Dakabaricha Dispensary,Marsabit,Level 2,Ministry of Health
Giatunda Dispensary,Kisii,Level 2,Ministry of Health
Mokomoni Health Centre,Nyamira,Level 3,Ministry of Health
Kituluni Dispensary,Machakos,Level 2,Ministry of Health
Mabinju Dispensary,Siaya,Level 2,Ministry of Health
Chemaner Dispensary (Kuresoi),Nakuru,Level 2,Ministry of Health
Kyamatu Dispensary,Kitui,Level 2,Ministry of Health
Igena-Itambe Dispensary,Nyamira,Level 2,Ministry of Health
Hodhan Dispensary,Wajir,Level 2,Ministry of Health
Oyamo Dispensary,Siaya,Level 2,Ministry of Health
Weithaga (ACK) Dispensary,Murang'A,Level 2,Christian Health Association of Kenya
Endau Dispensary,Kitui,Level 2,Ministry of Health
Ragia Forest Dispensary,Kiambu,Level 2,Ministry of Health
Nyamaranya Dispensary,Migori,Level 2,Ministry of Health
Nthongoni Health Centre (Kitui),Kitui,Level 3,Ministry of Health
Tangasir Dispensary,Uasin Gishu,Level 2,Ministry of Health
Vision Peoples Inter Health Centre,Nairobi,Level 2,Other Faith Based
Ngaremara Dispensary,Isiolo,Level 2,Christian Health Association of Kenya
Eldera Dispensary,Isiolo,Level 2,Ministry of Health
Masogo Dispensary,Homa Bay,Level 2,Ministry of Health
GK Prison Dispensary (Garissa),Garissa,Level 2,Public Institution
Kasikeu Catholic Health Centre,Makueni,Level 3,Kenya Episcopal Conference-Catholic Secretariat
Nthwanguu Dispensary,Machakos,Level 2,Ministry of Health
Tunyai Health centre,Tharaka-Nithi,Level 3,Ministry of Health
Kaliku Dispensary,Kitui,Level 2,Ministry of Health
Uruku GK Dispensary,Meru,Level 2,Ministry of Health
Dasheq Dispensary,Wajir,Level 2,Ministry of Health
Kitheo Dispensary,Meru,Level 2,Ministry of Health
Lafaley Dispensary,Wajir,Level 2,Ministry of Health
Badassa Dispensary,Marsabit,Level 2,Ministry of Health
Suna Ragana Dispensary,Migori,Level 2,Ministry of Health
Serawongo Dispensary,Siaya,Level 2,Ministry of Health
Kaani Dispensary,Machakos,Level 2,Ministry of Health
Rodi Dispensary,Kisumu,Level 2,Ministry of Health
Katani Dispensary,Machakos,Level 2,Ministry of Health
Mijomboni Dispensary,Kilifi,Level 2,Ministry of Health
Kanjuiri Dispensary,Nyandarua,Level 2,Ministry of Health
Etono Health Centre,Nyamira,Level 3,Ministry of Health
Olborosat Dispensary,Nyandarua,Level 2,Ministry of Health
Emitik Dispensary,Nakuru,Level 2,Ministry of Health
Nyakegogi Dispensary,Kisii,Level 2,Ministry of Health
Lwanda Dispensary,Migori,Level 2,Ministry of Health
Shika Adabu (MCM) Dispensary,Mombasa,Level 2,Ministry of Health
Olgulului Health Centre,Kajiado,Level 3,Ministry of Health
Simbi Kogembo Dispensary,Homa Bay,Level 2,Ministry of Health
Sosoni Dispensary,Kilifi,Level 2,Ministry of Health
Ukia Dispensary,Makueni,Level 2,Ministry of Health
Bonde Dispensary,Kisumu,Level 2,Ministry of Health
Koitaburot Dispensary,Kericho,Level 2,Ministry of Health
Kirimun GK Dispensary,Samburu,Level 2,Ministry of Health
Komosoko Dispensary,Migori,Level 2,Ministry of Health
Ganda Dispensary,Kilifi,Level 2,Ministry of Health
Donyo Sabuk Dispensary,Machakos,Level 2,Ministry of Health
Boige Health Centre,Kisii,Level 3,Ministry of Health
Bour-Algy Dispensary,Garissa,Level 2,Ministry of Health
Kanyagwal Dispensary,Kisumu,Level 2,Ministry of Health
Olasi Dispensary (Nyando),Kisumu,Level 2,Ministry of Health
Kiboko Dispensary (Makindu),Makueni,Level 2,Ministry of Health
Kisima Health Centre,Samburu,Level 2,Ministry of Health
Chebaraa Dispensary,Nakuru,Level 2,Ministry of Health
Porro Dispensary,Samburu,Level 2,Ministry of Health
Naya Health Centre,Siaya,Level 3,Ministry of Health
Gikui Health Centre,Murang'A,Level 3,Ministry of Health
Meibeki Dispensary,Uasin Gishu,Level 2,Ministry of Health
Kamusiliu Dispensary,Kitui,Level 2,Ministry of Health
Elukhambi Dispensary,Kakamega,Level 2,Ministry of Health
Got Oyaro Dispensary,Homa Bay,Level 2,Ministry of Health
Kathangari Dispensary,Embu,Level 2,Ministry of Health
Mother Kevin Dispensary (Catholic),Nakuru,Level 3,Kenya Episcopal Conference-Catholic Secretariat
Muchagori Dispensary,Embu,Level 2,Ministry of Health
Karima Dispensary,Bungoma,Level 2,Ministry of Health
Kataboi Dispensary,Turkana,Level 2,Kenya Episcopal Conference-Catholic Secretariat
Eberege Dispensary,Kisii,Level 2,Ministry of Health
Mutitu Community Dispensary,Kirinyaga,Level 2,Ministry of Health
Esianyi Dispensary,Nyamira,Level 2,Ministry of Health
Wanjengi Dispensary,Murang'A,Level 2,Ministry of Health
Karama Dispensary,Meru,Level 2,Ministry of Health
Kalala Dispensary,Machakos,Level 2,Ministry of Health
Mgamboni Dispensary,Kilifi,Level 2,Ministry of Health
Gianchore Health Centre,Nyamira,Level 3,Ministry of Health
New Tumaini  Health Centre,Nyandarua,Level 3,Ministry of Health
Gatuto Dispensary,Kirinyaga,Level 2,Ministry of Health
Otacho Dispensary,Migori,Level 2,Ministry of Health
Loiyangalani Dispensary,Marsabit,Level 2,Ministry of Health
Itoleka Dispenasry,Kitui,Level 2,Ministry of Health
Gakawa Dispensary,Nyeri,Level 3,Ministry of Health
Kiamuchii Dispensary,Tharaka-Nithi,Level 2,Ministry of Health
Arombe Dispensary,Migori,Level 2,Ministry of Health
Ebenezer Dispensary,Makueni,Level 2,Ministry of Health
Nyamanga Dispensary,Migori,Level 2,Ministry of Health
Kiamanyeki Dispensary,Kirinyaga,Level 2,Ministry of Health
Lwanda Dispensary (Bungoma West),Bungoma,Level 2,Ministry of Health
Bulesa Dispensary,Isiolo,Level 2,Ministry of Health
Kibos Sugar Research Dispensary,Kisumu,Level 2,Ministry of Health
Gafarsa Health Centre,Isiolo,Level 3,Ministry of Health
Ugweri Disp,Embu,Level 2,Ministry of Health
Itheng'eli Dispensary,Kitui,Level 2,Ministry of Health
Kitalale Dispensary,Trans Nzoia,Level 2,Ministry of Health
AAR Nakuru Clinic,Nakuru,Level 2,Non-Governmental Organizations
Muusini Dispensary,Machakos,Level 2,Ministry of Health
Getare Health Centre(Manga),Nyamira,Level 3,Ministry of Health
Arimi Dispensary,Nakuru,Level 2,Ministry of Health
Taracha Dispensary,Kisii,Level 2,Ministry of Health
Kiomo Dispensary,Kitui,Level 2,Ministry of Health
Mailiari Dispensary,Meru,Level 2,Ministry of Health
Kangalu Dispensary,Kitui,Level 2,Ministry of Health
Yakalia Dispensary,Kitui,Level 2,Ministry of Health
Magodzoni Dispensary,Kwale,Level 2,Ministry of Health
Tamu Health Centre,Kisumu,Level 3,Ministry of Health
Aneko Dispensary,Migori,Level 2,Ministry of Health
Anona Dispensary,Marsabit,Level 2,Ministry of Health
Eureka Medical Clinic,Turkana,Level 2,Private Practice - Nurse / Midwifery
Mutyangome Dispensary,Kitui,Level 2,Ministry of Health
Mitamisyi Dispensary,Kitui,Level 2,Ministry of Health
Mitunguu Dispensary,Meru,Level 2,Ministry of Health
Elgade Dispensary,Marsabit,Level 2,Ministry of Health
Amboseli Dispensary,Kajiado,Level 2,Ministry of Health
Modogashe Dispensary,Isiolo,Level 2,Ministry of Health
Annex Hospital (Nakuru),Nakuru,Level 4,Ministry of Health
Kipsaiya Dispensary,Elegeyo-Marakwet,Level 2,Ministry of Health
Kithunguriri Dispensary,Embu,Level 2,Ministry of Health
St Philips Health Centre,Nairobi,Level 3,Private Enterprise (Institution)
Chesikaki Dispensary,Bungoma,Level 2,Ministry of Health
Bogwendo Health Centre(Manga),Nyamira,Level 3,Ministry of Health
Kyawango Dispensary,Machakos,Level 2,Ministry of Health
Heillu Dispensary,Marsabit,Level 2,Ministry of Health
Masongo Dispensary,Kisii,Level 2,Ministry of Health
Korao Dispensary,Nakuru,Level 2,Ministry of Health
Kimutwa Dispensary,Machakos,Level 2,Ministry of Health
Nzaini Dispensary,Machakos,Level 2,Ministry of Health
Gesure Dispensary (Sameta),Kisii,Level 2,Ministry of Health
Charuru Dispensary,Meru,Level 2,Ministry of Health
Bargoni Nys Dispensary,Lamu,Level 2,Ministry of Health
Orwaki Dispensary,Nyamira,Level 2,Ministry of Health
Ilalambyu Dispensary,Kitui,Level 2,Ministry of Health
Tombe Health Centre (Manga),Nyamira,Level 3,Ministry of Health
Kiangoso Dispensary,Nyamira,Level 2,Ministry of Health
Ogango Dispensary,Nyamira,Level 2,Ministry of Health
Didewaride Dispensary,Lamu,Level 2,Ministry of Health
Gesure Health Centre (Manga),Nyamira,Level 3,Ministry of Health
Simotwo Dispensary (Eldoret East),Uasin Gishu,Level 2,Ministry of Health
Madende Health Centre,Busia,Level 2,Ministry of Health
State House Dispensary (Nakuru),Nakuru,Level 2,Ministry of Health
Kageno Dispensary,Homa Bay,Level 2,Ministry of Health
Ilika Dispensary,Kitui,Level 2,Ministry of Health
Nyandiwa Dispensary,Homa Bay,Level 2,Ministry of Health
Bumutiru Dispensary,Busia,Level 2,Ministry of Health
Bwaliro Dispensary,Busia,Level 2,Ministry of Health
Ruaraka Clinic,Nairobi,Level 2,Ministry of Health
Kwoyo Kodalo Dispensary,Migori,Level 2,Ministry of Health
Uyawi Health Centre,Siaya,Level 3,Ministry of Health
Ngongoni Dispensary (Mwingi),Kitui,Level 2,Ministry of Health
Kaptel Dispensary,Nandi,Level 2,Ministry of Health
Kipingi Dispensary,Migori,Level 2,Ministry of Health
Saradidi Dispensary,Siaya,Level 2,Ministry of Health
Kasunguni Dispensary,Kitui,Level 2,Ministry of Health
Kalimani Disensary,Kitui,Level 2,Ministry of Health
Kamanyaki Health centre,Tharaka-Nithi,Level 3,Ministry of Health
Nkubu Dispensary,Meru,Level 2,Ministry of Health
Ngoleni Dispensary,Machakos,Level 2,Ministry of Health
Mumbuni Dispensary (Mwingi),Kitui,Level 2,Ministry of Health
Katalwa Dispensary,Kitui,Level 2,Ministry of Health
Nzatani Dispensary (Mwingi),Kitui,Level 2,Ministry of Health
Kilibasi Dispensary,Kwale,Level 2,Ministry of Health
Kea Dispensary,Kitui,Level 2,Ministry of Health
Kapkei Dispensary,Uasin Gishu,Level 2,Ministry of Health
Enziu Dispensary,Kitui,Level 2,Ministry of Health
Ndarugu (PCEA) Dispensary,Nakuru,Level 2,Christian Health Association of Kenya
Mosa Dispensary,Kitui,Level 2,Ministry of Health
Muyuni Dispensary,Kitui,Level 2,Ministry of Health
Muono Dispensary,Kitui,Level 2,Ministry of Health
Kutus Dispensary,Kirinyaga,Level 2,Ministry of Health
Dallas Dispensary,Embu,Level 2,Ministry of Health
Nakwijit Dispensary,West Pokot,Level 2,Ministry of Health
Nairobi West Men's Prison Dispensary,Nairobi,Level 2,Ministry of Health
Mango Dispensary,Machakos,Level 2,Ministry of Health
Siu Dispensary,Lamu,Level 2,Ministry of Health
Misesi Dispensary (Gucha),Kisii,Level 2,Ministry of Health
Rota Dispensary,Kisumu,Level 2,Ministry of Health
Athibohol Dispensary,Wajir,Level 2,Ministry of Health
China Dispensary,Nyamira,Level 2,Ministry of Health
Katheka Dispensary,Machakos,Level 2,Ministry of Health
Tulimani Dispensary,Makueni,Level 2,Ministry of Health
Kasyala Health Centre,Kitui,Level 3,Ministry of Health
Kathangariri Dispensary,Embu,Level 2,Ministry of Health
Kula Mawe Dispensary,Isiolo,Level 2,Ministry of Health
Saretho Health Centre,Garissa,Level 3,Ministry of Health
Kithegi Dispensary,Embu,Level 2,Ministry of Health
Itabua Police Dispensary,Embu,Level 2,Ministry of Health
St Mulumba Mission Hospital,Kiambu,Level 4,Kenya Episcopal Conference-Catholic Secretariat
Ebiosi Dispensary,Kisii,Level 2,Ministry of Health
Othach Dispensary,Siaya,Level 2,Ministry of Health
Kambajo Dispensary,Siaya,Level 2,Ministry of Health
Nyachenge Dispensary,Kisii,Level 2,Ministry of Health
Nyansira Dispensary,Kisii,Level 2,Ministry of Health
Buruburu Dispensary,Mandera,Level 2,Ministry of Health
Ogam Dispensary,Siaya,Level 2,Ministry of Health
GK Prison Dispensary (Meru),Meru,Level 2,Ministry of Health
Mutituni Dispensary,Machakos,Level 2,Ministry of Health
Dambalafachana Health Centre,Marsabit,Level 3,Ministry of Health
Merille Dispensary,Marsabit,Level 2,Ministry of Health
Ndiuni Dispensary,Kitui,Level 2,Ministry of Health
Nyandago Koweru Dispensary,Migori,Level 2,Ministry of Health
Sagante Dispensary,Marsabit,Level 2,Ministry of Health
Nyamogonchoro Dispensary,Kisii,Level 2,Ministry of Health
Rigoko Dispensary,Nyamira,Level 2,Ministry of Health
Mataka Dispensary,Kitui,Level 2,Ministry of Health
Karuna Dispensary,Uasin Gishu,Level 2,Ministry of Health
Malanga Dispensary,Busia,Level 2,Ministry of Health
Iresaboru Dispensary,Isiolo,Level 2,Ministry of Health
Tuikut Dispensary,Bungoma,Level 2,Ministry of Health
Kalokol (AIC) Health Centre,Turkana,Level 3,Christian Health Association of Kenya
Got Matar Dispensary,Siaya,Level 2,Ministry of Health
Majimoto Dispensary,Kwale,Level 2,Ministry of Health
Kavumbu Dispensary,Makueni,Level 2,Ministry of Health
Magwagwa Health Centre,Nyamira,Level 3,Ministry of Health
Getiesi Health Centre,Nyamira,Level 3,Ministry of Health
Nku West Health Centre,Nakuru,Level 3,Ministry of Health
Bwagamoyo Dispensary,Kilifi,Level 2,Ministry of Health
Kathulumbi Dispensary,Makueni,Level 2,Ministry of Health
Mua Hills Dispensary,Machakos,Level 2,Ministry of Health
Syumile Dispensary,Makueni,Level 2,Ministry of Health
Mukuuni Dispensary,Tharaka-Nithi,Level 2,Ministry of Health
Wagberi Dispensary,Wajir,Level 2,Ministry of Health
Qudama Dispensary,Wajir,Level 2,Ministry of Health
Kayatta Dispensary,Machakos,Level 2,Ministry of Health
Kivani Dispensary,Makueni,Level 2,Ministry of Health
Ngere Dispensary,Migori,Level 2,Ministry of Health
Kimondi Forest Dispensary,Nandi,Level 2,Ministry of Health
Kambusu Dispensary,Machakos,Level 2,Ministry of Health
Magenche Dispensary,Kisii,Level 2,Ministry of Health
Muvuti Dispensary,Machakos,Level 2,Ministry of Health
Kithuki Health Centre,Makueni,Level 3,Ministry of Health
Riechieri Health Centre,Nyamira,Level 3,Ministry of Health
Kamuthanga Dispensary,Machakos,Level 2,Ministry of Health
Gurufa Dispensary,Garissa,Level 2,Ministry of Health
Riachina Dispensary,Embu,Level 2,Ministry of Health
Kaptanai Dispensary,Bungoma,Level 2,Ministry of Health
Ngao District Hospital,Tana River,Level 4,Ministry of Health
Ngurunit Dispensary,Marsabit,Level 2,Ministry of Health
Kalikuvu Dispensary,Kitui,Level 2,Ministry of Health
Kwa Nguu Dispensary,Machakos,Level 2,Ministry of Health
Kenyoro Health Centre,Nyamira,Level 3,Ministry of Health
Olasi Dispensary,Migori,Level 2,Ministry of Health
Chakama Dispensary,Kilifi,Level 2,Ministry of Health
Nyaguta Dispensary,Kisii,Level 2,Ministry of Health
Kizingo Health Centre,Kilifi,Level 3,Ministry of Health
Rotary Doctors General Outreach,Nandi,Level 2,Non-Governmental Organizations
Ikutha Health Centre,Kitui,Level 3,Ministry of Health
Mweru Dispensary (Imenti South),Meru,Level 2,Ministry of Health
Iiani Dispensary,Makueni,Level 2,Ministry of Health
Kibogo Dispensary,Kisumu,Level 2,Ministry of Health
Mutembuku Dispensary,Makueni,Level 2,Ministry of Health
GK Prisons Dispensary (Kisii),Kisii,Level 2,Ministry of Health
Omosaria Dispensary,Kisii,Level 2,Ministry of Health
Chandaria Mwania Dispensary,Makueni,Level 2,Ministry of Health
Embonga Health Centre,Nyamira,Level 3,Ministry of Health
Maweli Dispensary,Machakos,Level 2,Ministry of Health
Sengani Dispensary,Machakos,Level 2,Ministry of Health
Mageta Dispensary,Siaya,Level 2,Ministry of Health
Mkongani Dispensary,Kwale,Level 3,Ministry of Health
Tugen Estate Dispensary,Uasin Gishu,Level 2,Ministry of Health
Embu Kmtc Dispensary,Embu,Level 2,Ministry of Health
Shisaba Dispensary,Kakamega,Level 2,Ministry of Health
Kilungu Sub-District Hospital,Makueni,Level 3,Ministry of Health
Syongila Dispensary,Kitui,Level 2,Ministry of Health
Kenyambi Health Centre,Kisii,Level 3,Ministry of Health
Cowdray Dispensary,Kilifi,Level 2,Ministry of Health
Vitsangalaweni Dispensary,Kwale,Level 2,Ministry of Health
Yimwaa Dispensary,Makueni,Level 2,Ministry of Health
Mkundi Dispensary,Kwale,Level 2,Ministry of Health
Chemundu Dispensary (Nandi Central),Nandi,Level 2,Ministry of Health
Kiviu Dispensary,Kitui,Level 2,Ministry of Health
Bitare Dispensary,Kisii,Level 2,Ministry of Health
Kitunduni Dispensary,Machakos,Level 2,Ministry of Health
Mbuguni Dispensary,Kwale,Level 2,Ministry of Health
Kamara Dispensary,Nakuru,Level 2,Ministry of Health
Kiganjo Health Centre,Nyeri,Level 3,Ministry of Health
Mawere Dispensary,Siaya,Level 2,Ministry of Health
Tambaya Dispensary,Nyeri,Level 2,Ministry of Health
Ministry of Education (Moest) VCT Centre,Nairobi,Level 2,Public Institution
New Mawingu Health Centre,Nyandarua,Level 3,Ministry of Health
Kirogine Dispensary,Meru,Level 2,Ministry of Health
Kimoning Dispensary,Uasin Gishu,Level 2,Ministry of Health
Grassland Dispensary,Trans Nzoia,Level 2,Ministry of Health
Oltiasika Dispensary,Kajiado,Level 2,Ministry of Health
Kanyakine District Hospital,Meru,Level 4,Ministry of Health
God Kwer Dispensary,Migori,Level 2,Ministry of Health
Mathunzini Dispensary,Kitui,Level 2,Ministry of Health
Thaana Nzau Dispensary,Kitui,Level 2,Ministry of Health
Nyakwana Dispensary,Kisii,Level 2,Ministry of Health
Mutitu Dispensary,Machakos,Level 2,Ministry of Health
Moticho Health Centre,Kisii,Level 3,Ministry of Health
Ithaeni Dispensary,Machakos,Level 2,Ministry of Health
Kyusyani Dispensary,Kitui,Level 2,Ministry of Health
Mumbuni Dispensary (Makueni),Makueni,Level 2,Ministry of Health
Mbondoni Dispensary (Mwingi),Kitui,Level 2,Ministry of Health
Nyenye Misori Dispensary,Siaya,Level 2,Ministry of Health
Kanzokea Health Centre,Makueni,Level 3,Ministry of Health
Eshu Dispensary,Kwale,Level 2,Ministry of Health
Mwaluphamba Dispensary,Kwale,Level 2,Ministry of Health
Makanzani Dispensary,Kilifi,Level 2,Ministry of Health
Sunrise Evans Hospital,Nakuru,Level 4,Private Practice - General Practitioner
Mwea Medical Laboratory,Kirinyaga,Level 2,Private Enterprise (Institution)
Kionyo Sub County Hospital,Kisii,Level 3,Ministry of Health
Othaya Sub-District Hospital,Nyeri,Level 4,Ministry of Health
Kalitini Dispensary,Kitui,Level 2,Ministry of Health
Mulangoni Dispensary,Kitui,Level 2,Ministry of Health
Moiben Health Centre,Uasin Gishu,Level 3,Ministry of Health
Lundi Dispensary,Kitui,Level 2,Ministry of Health
Yumbu Dispensary,Kitui,Level 2,Ministry of Health
GK Prisons Dispensary (Kakamega Central),Kakamega,Level 2,Ministry of Health
Rachuonyo District Hospital,Homa Bay,Level 4,Ministry of Health
Kwa Mulungu Dispensary,Kitui,Level 2,Ministry of Health
Kabuto Dispensary,Migori,Level 2,Ministry of Health
Shella Dispensary,Lamu,Level 2,Ministry of Health
Vyulya Dispensary,Machakos,Level 2,Ministry of Health
Tulila Dispensary,Machakos,Level 2,Ministry of Health
Kibirigwi Laboratory,Kirinyaga,Level 2,Private Enterprise (Institution)
Bangii Medical Clinic,Nakuru,Level 2,Private Enterprise (Institution)
Masala Dispensary,Siaya,Level 2,Ministry of Health
Kathama Dispensary,Machakos,Level 2,Ministry of Health
Usigu Dispensary,Siaya,Level 2,Ministry of Health
Nyanko Dispensary,Kisii,Level 2,Ministry of Health
Nyatike Health Centre,Kisii,Level 3,Ministry of Health
Kanyaa Dispensary,Kitui,Level 2,Ministry of Health
Itongolani Dispensary,Kitui,Level 2,Ministry of Health
Mavui Dispensary,Kitui,Level 2,Ministry of Health
Mwangatini Dispensary,Kilifi,Level 2,Ministry of Health
Lamuria Dispensary (Nyeri North),Nyeri,Level 2,Ministry of Health
Chembulet Health Centre,Uasin Gishu,Level 3,Ministry of Health
Ivuusya Dispensary,Kitui,Level 2,Ministry of Health
Mwambiu Dispensary,Kitui,Level 2,Ministry of Health
Mui Dispensary,Kitui,Level 2,Ministry of Health
Maai Dispensary,Kitui,Level 2,Ministry of Health
Thitha Dispensary,Kitui,Level 2,Ministry of Health
Musukini Dispensary,Kitui,Level 2,Ministry of Health
Emutsesa Dispensary,Kakamega,Level 2,Ministry of Health
Kwa Vonza Dispensary,Kitui,Level 2,Ministry of Health
Osingo Dispensary,Migori,Level 2,Ministry of Health
Miathene District Hospital,Meru,Level 4,Ministry of Health
Nderema Dispensary,Nyamira,Level 2,Christian Health Association of Kenya
Kendu Adventist Hospital,Homa Bay,Level 4,Christian Health Association of Kenya
Bori Dispensary,Marsabit,Level 2,Ministry of Health
Mamba Dispensary,Kwale,Level 2,Ministry of Health
Kiangini Dispensary,Makueni,Level 2,Ministry of Health
Kyuasini Health Centre,Makueni,Level 3,Ministry of Health
Kyambeke Dispensary,Makueni,Level 2,Ministry of Health
Dugo Health Centre,Wajir,Level 3,Ministry of Health
Lolminingai Dispensary,Nandi,Level 2,Ministry of Health
Mukunike Dispensary,Machakos,Level 2,Ministry of Health
Ngiluni Dispensary (Kitui),Kitui,Level 2,Ministry of Health
Dr Gacheru Clinic,Laikipia,Level 2,Private Practice - General Practitioner
Kanganga Dispensary,Bungoma,Level 2,Ministry of Health
Kapsambu Dispensary,Bungoma,Level 2,Ministry of Health
Chepkanga Health Centre,Uasin Gishu,Level 3,Ministry of Health
Nakuru War Memorial Hospital,Nakuru,Level 4,Private Enterprise (Institution)
Kenya Nut Company Dispensary,Kiambu,Level 2,Company Medical Service
Mitaboni Mission Dispensary,Machakos,Level 2,Other Faith Based
Kiptenden Dispensary,Nyamira,Level 2,Private Enterprise (Institution)
Kahuho Private Dispensary,Kiambu,Level 2,Private Enterprise (Institution)
Ruera Estate Dispensary,Kiambu,Level 2,Company Medical Service
Githurai Medical Dispensary,Nairobi,Level 2,Private Enterprise (Institution)
Magura Dispensary,Nyamira,Level 2,Private Enterprise (Institution)
Giovanna Dispensary,Nairobi,Level 2,Private Enterprise (Institution)
Family Care Clinic Kasarani,Nairobi,Level 2,Private Enterprise (Institution)
Cherangan Dispensary,West Pokot,Level 2,Ministry of Health
Guru Nanak Dispensary,Kisumu,Level 2,Private Enterprise (Institution)
Keritor Dispensary,Nyamira,Level 2,Private Enterprise (Institution)
Mabati Medical Clinic,Kilifi,Level 2,Company Medical Service
Kisembo Dispensary,Nairobi,Level 2,Private Enterprise (Institution)
Kenya Police College Dispensary,Nyeri,Level 2,Public Institution
Mabroukie Dispensary,Kiambu,Level 2,Private Enterprise (Institution)
Biafra Medical Clinic,Nairobi,Level 2,Private Enterprise (Institution)
Nakuru Provincial General Hospital (PGH),Nakuru,Level 5,Ministry of Health
Kisasi Medical Clinic,Kitui,Level 2,Private Enterprise (Institution)
Jamii Health Services Medical Clinic,Kakamega,Level 2,Private Enterprise (Institution)
Lake Basin Development Authority (Lbda) Dispensary,Kisumu,Level 2,Company Medical Service
Manyala Sub-District Hospital,Kakamega,Level 4,Ministry of Health
Sun N' Sand Medical Clinic,Kilifi,Level 2,Private Enterprise (Institution)
Family Life Promotions and Services,Nairobi,Level 2,Non-Governmental Organizations
Kakuzi Limited Dispensary,Murang'A,Level 2,Private Enterprise (Institution)
Transcom Medical Services,Nairobi,Level 2,Private Enterprise (Institution)
Mpalla Dispensary,Laikipia,Level 2,Private Enterprise (Institution)
Mishoroni Dispensary,Mombasa,Level 2,Private Enterprise (Institution)
Samaria Maternity Home,Nyeri,Level 2,Private Enterprise (Institution)
Watamu Community Health Care,Kilifi,Level 2,Private Practice - Nurse / Midwifery
Marurui Dispensary,Nairobi,Level 2,Private Enterprise (Institution)
Baraka Dispensary (Nairobi),Nairobi,Level 2,Private Enterprise (Institution)
Kikoko Mission Hospital,Makueni,Level 3,Other Faith Based
Nyamamithi Dispensary,Nakuru,Level 2,Ministry of Health
Zimmerman Medical Dispensary,Nairobi,Level 2,Private Enterprise (Institution)
Uzima Dispensary,Nairobi,Level 2,Private Enterprise (Institution)
Kiruri Dispensary (Muranga North),Murang'A,Level 2,Ministry of Health
Embori Farm Clinic,Meru,Level 2,Company Medical Service
Sotik Highlands Dispensary,Nyamira,Level 2,Private Enterprise (Institution)
Karangaita Socfinaf Dispensary,Murang'A,Level 2,Private Enterprise (Institution)
Maria Maternity and Nursing Home,Nairobi,Level 3,Private Practice - General Practitioner
Kiptagich Tegat Dispensary,Nakuru,Level 2,Company Medical Service
Kamaget Dispensary,Kericho,Level 2,Ministry of Health
Able Medical Clinic,Kakamega,Level 2,Private Practice - Nurse / Midwifery
Nyang'oma Mission Health Centre,Siaya,Level 3,Kenya Episcopal Conference-Catholic Secretariat
Loving Care (MCK) Health Centre,Kajiado,Level 3,Other Faith Based
Alale (AIC) Health Centre,West Pokot,Level 3,Christian Health Association of Kenya
St Elizabeth Lwak Mission Health Centre,Siaya,Level 3,Kenya Episcopal Conference-Catholic Secretariat
St Vincents De Paul Health Centre,Kisumu,Level 3,Kenya Episcopal Conference-Catholic Secretariat
Maria Immaculate Health Centre,Nairobi,Level 3,Kenya Episcopal Conference-Catholic Secretariat
Gekano Health Centre (Manga),Nyamira,Level 3,Kenya Episcopal Conference-Catholic Secretariat
Tuuru Catholic Health Centre,Meru,Level 3,Kenya Episcopal Conference-Catholic Secretariat
Ogwedhi Dispensary (Nairobi North),Nairobi,Level 2,Private Enterprise (Institution)
Provide Inter Math Dispensary,Nairobi,Level 2,Private Enterprise (Institution)
Karma Dispensary,Nairobi,Level 2,Private Enterprise (Institution)
Kenya Utalii Dispensary,Nairobi,Level 2,Private Enterprise (Institution)
Lewa Downs Dispensary,Meru,Level 2,Private Enterprise (Institution)
Good Shepherd Dispensary,Nairobi,Level 2,Private Enterprise (Institution)
Oll Mwea Hospital Clinic Embu (Satelite),Embu,Level 2,Kenya Episcopal Conference-Catholic Secretariat
Ikumbi Health Centre,Nakuru,Level 3,Ministry of Health
Mweiga Health Centre,Nyeri,Level 3,Ministry of Health
Ushirika Medical Clinic,Nairobi,Level 3,Ministry of Health
Murhanda Medical Clinic,Kakamega,Level 2,Private Enterprise (Institution)
Kerol Health Centre,Nakuru,Level 2,Private Enterprise (Institution)
Gatab Health Centre,Marsabit,Level 3,Christian Health Association of Kenya
Rangala Health Centre,Siaya,Level 3,Kenya Episcopal Conference-Catholic Secretariat
Verna Health Centre,Migori,Level 3,Kenya Episcopal Conference-Catholic Secretariat
Mikinduri Health Centre,Meru,Level 3,Kenya Episcopal Conference-Catholic Secretariat
Maria Teressa Nuzzo Health Centre,Lamu,Level 3,Kenya Episcopal Conference-Catholic Secretariat
St Monica Hospital,Kisumu,Level 4,Kenya Episcopal Conference-Catholic Secretariat
Kipsyenan Dispensary,Baringo,Level 2,Ministry of Health
St Barbara Mosocho Health Centre,Kisii,Level 3,Kenya Episcopal Conference-Catholic Secretariat
Ritumbe Health Centre,Kisii,Level 3,Kenya Episcopal Conference-Catholic Secretariat
Enkorika Health Centre,Kajiado,Level 2,Ministry of Health
Ama (Africa Muslim Agency) Clinic,Kiambu,Level 3,Supreme Council for Kenya Muslims
Mukothima Health Centre,Tharaka-Nithi,Level 3,Kenya Episcopal Conference-Catholic Secretariat
Kewamoi Dispensary,Nakuru,Level 2,Ministry of Health
Loiyangalani Health Centre,Marsabit,Level 3,Kenya Episcopal Conference-Catholic Secretariat
Reusse Troyer Health Centre,Migori,Level 2,Christian Health Association of Kenya
Sega Dispensary,Siaya,Level 2,Kenya Episcopal Conference-Catholic Secretariat
Fr andrian Heath Centre,Kajiado,Level 3,Kenya Episcopal Conference-Catholic Secretariat
St Clare Bolo Health Centre,Kisumu,Level 3,Kenya Episcopal Conference-Catholic Secretariat
St Theresas Riiji Health Centre,Meru,Level 3,Kenya Episcopal Conference-Catholic Secretariat
Makina Clinic,Nairobi,Level 2,Ministry of Health
North Horr Health Centre,Marsabit,Level 3,Kenya Episcopal Conference-Catholic Secretariat
Komotobo Mission Health Centre,Migori,Level 3,Christian Health Association of Kenya
Rombo Health Centre,Kajiado,Level 3,Kenya Episcopal Conference-Catholic Secretariat
St Paul's Health Centre,Homa Bay,Level 2,Kenya Episcopal Conference-Catholic Secretariat
Baricho Catholic Health Centre,Kirinyaga,Level 3,Kenya Episcopal Conference-Catholic Secretariat
Isana Maternity and Nursing,Kisii,Level 3,Private Enterprise (Institution)
Good Hope Hospital,Laikipia,Level 4,Private Enterprise (Institution)
Sengera Health Centre (Gucha),Kisii,Level 3,Kenya Episcopal Conference-Catholic Secretariat
St Monica Rapogi Health Centre,Migori,Level 3,Kenya Episcopal Conference-Catholic Secretariat
Koru Mission Health Centre,Kisumu,Level 3,Kenya Episcopal Conference-Catholic Secretariat
Itierio Nursing Home,Kisii,Level 3,Christian Health Association of Kenya
Kangundo Community Clinic,Machakos,Level 2,Private Enterprise (Institution)
Aluor Mission Health Centre,Siaya,Level 3,Kenya Episcopal Conference-Catholic Secretariat
Muhoroni Sugar Company (Musco) Dispensary,Kisumu,Level 3,Company Medical Service
Mercy Mission Health Centre,Nairobi,Level 3,Other Faith Based
Chemelil Sugar Health Centre,Kisumu,Level 3,Company Medical Service
Omorembe Health Centre (Gucha),Kisii,Level 3,Christian Health Association of Kenya
St Joseph's Nyansiongo Health Centre,Nyamira,Level 3,Kenya Episcopal Conference-Catholic Secretariat
St Francis Health Centre,Meru,Level 2,Christian Health Association of Kenya
Rangenyo Health Centre,Nyamira,Level 3,Christian Health Association of Kenya
St Mary Health Centre (Kiserian),Kajiado,Level 3,Kenya Episcopal Conference-Catholic Secretariat
Ruiri Catholic Health Centre,Meru,Level 3,Kenya Episcopal Conference-Catholic Secretariat
Itibo Mission Health Centre,Nyamira,Level 3,Christian Health Association of Kenya
Del Monte Dispensary,Murang'A,Level 2,Company Medical Service
Chief Milimu Dispensary,Kakamega,Level 2,Ministry of Health
Namasoli Health Centre,Kakamega,Level 3,Christian Health Association of Kenya
Asumbi Health Centre,Homa Bay,Level 3,Kenya Episcopal Conference-Catholic Secretariat
Ndoinet Dispensary,Nakuru,Level 2,Ministry of Health
Sony Medical Centre,Migori,Level 3,Company Medical Service
Kitengela Medical Services,Kajiado,Level 3,Private Enterprise (Institution)
Miu Sub-Health Centre,Machakos,Level 3,Ministry of Health
Kinunga Health Centre,Nyeri,Level 3,Ministry of Health
Wamunyu Health Centre,Machakos,Level 3,Ministry of Health
Family Care Medical Centre & Maternity,Nairobi,Level 3,Non-Governmental Organizations
Uriri Health Centre,Migori,Level 3,Ministry of Health
Rachar Sugar Belt Hospital,Kisumu,Level 3,Private Enterprise (Institution)
Mituntu Health Centre,Meru,Level 3,Ministry of Health
Riokindo Health Centre,Kisii,Level 3,Christian Health Association of Kenya
Tei Wa Yesu Health Centre,Kitui,Level 3,Other Faith Based
Habaswein District Hospital,Wajir,Level 4,Ministry of Health
Dreamland Mc Hospital,Bungoma,Level 4,Other Faith Based
Kakuyuni Health Centre,Machakos,Level 3,Ministry of Health
Kinna Health Centre,Isiolo,Level 3,Ministry of Health
Atemo Health Centre,Homa Bay,Level 3,Christian Health Association of Kenya
Oriang (SDA) Health Centre,Homa Bay,Level 3,Christian Health Association of Kenya
Parkroad Nursing Home (Nairobi),Nairobi,Level 3,Private Enterprise (Institution)
Wagwe Health Centre,Homa Bay,Level 3,Ministry of Health
Westlands Health Care Services,Mombasa,Level 2,Private Enterprise (Institution)
Kegogi Health Centre,Kisii,Level 3,Ministry of Health
Warazo Rural Health Centre,Nyeri,Level 3,Ministry of Health
Mokowe Health Centre,Lamu,Level 3,Ministry of Health
Masaba Health Centre,Migori,Level 3,Ministry of Health
Amurt Health Centre,Nairobi,Level 2,Non-Governmental Organizations
Kodiaga Prison Health Centre,Kisumu,Level 3,Ministry of Health
Gongoni Health Centre,Kilifi,Level 3,Ministry of Health
Ogra Health Centre,Kisumu,Level 3,Non-Governmental Organizations
Ndeiya Health Centre,Kiambu,Level 3,Ministry of Health
Mirangine Health Centre,Nyandarua,Level 3,Ministry of Health
St Gabriel Health Centre,Kiambu,Level 3,Other Faith Based
Katito Health Centre,Kisumu,Level 3,Ministry of Health
Pablo Hortsman Health Centre,Lamu,Level 3,Non-Governmental Organizations
Miambani Health Centre,Kitui,Level 3,Ministry of Health
Ngorano Health Centre,Nyeri,Level 3,Ministry of Health
Gichira Health Centre,Nyeri,Level 3,Ministry of Health
Gichiche Health Centre,Nyeri,Level 3,Ministry of Health
Waithaka Health Centre,Nairobi,Level 3,Ministry of Health
Chiakariga Health Centre,Tharaka-Nithi,Level 3,Ministry of Health
Murinduko Health Centre,Kirinyaga,Level 3,Ministry of Health
Kangaita Health Centre,Kirinyaga,Level 3,Ministry of Health
Baraton MCH,Nandi,Level 2,Academic
Difathas Health Centre,Kirinyaga,Level 3,Ministry of Health
Kapkangani Health Centre,Nandi,Level 3,Ministry of Health
Ogwedhi Health Centre,Migori,Level 3,Ministry of Health
Ajawa Health Centre,Wajir,Level 3,Ministry of Health
Ngoliba Health Centre,Kiambu,Level 3,Ministry of Health
Shimba Hills Health Centre,Kwale,Level 3,Ministry of Health
Municipal Health Centre,Kilifi,Level 3,Ministry of Health
Nyathuna Sub District Hospital,Kiambu,Level 4,Ministry of Health
Ongo Health Centre,Migori,Level 3,Ministry of Health
Babadogo Health Centre,Nairobi,Level 2,Ministry of Health
Kariobangi Health Centre,Nairobi,Level 2,Ministry of Health
Sondu Health Centre,Kisumu,Level 3,Ministry of Health
Mangima SDA Health Centre,Homa Bay,Level 3,Christian Health Association of Kenya
Simbiri Nanbell Health Centre,Homa Bay,Level 3,Private Enterprise (Institution)
Miriu Health Centre,Homa Bay,Level 3,Ministry of Health
Kiritiri Health Centre,Embu,Level 3,Ministry of Health
Ipali Health Centre,Vihiga,Level 3,Ministry of Health
Ngarariga Health Centre,Kiambu,Level 3,Other Faith Based
Kiarago Health Centre (Imenti South),Meru,Level 3,Ministry of Health
Kirogo Health Centre,Murang'A,Level 3,Ministry of Health
Kajuki Health Centre,Tharaka-Nithi,Level 3,Ministry of Health
Kipini Health Centre,Tana River,Level 3,Ministry of Health
Ogango Health Centre,Nyamira,Level 3,Ministry of Health
GSUTraining School,Nairobi,Level 3,Ministry of Health
Nyangoge Health Centre,Migori,Level 3,Ministry of Health
7Kr Mrs Health Centre,Nairobi,Level 3,Armed Forces
Rabuor Sub county Hospital,Kisumu,Level 4,Ministry of Health
Tiwi Rhtc,Kwale,Level 3,Ministry of Health
Tisinye Health Centre,Migori,Level 3,Ministry of Health
Dr Njoroge Clinic,Laikipia,Level 2,Private Practice - General Practitioner
Chepngombe Health Centre,Nyamira,Level 3,Ministry of Health
Iranda Health Centre,Kisii,Level 3,Ministry of Health
Sigomere Health Centre,Siaya,Level 3,Ministry of Health
Hawinga Health Centre,Siaya,Level 3,Ministry of Health
Katulani Health Centre,Machakos,Level 2,Ministry of Health
Rabai Rural Health Demonstration Centre,Kilifi,Level 3,Ministry of Health
Kadenge Ratuoro Health Centre,Siaya,Level 3,Ministry of Health
Rwambwa Health Centre,Siaya,Level 3,Ministry of Health
Ting'wangi Health Centre,Siaya,Level 3,Ministry of Health
National Youth Service Hq Dispensary (Ruaraka),Nairobi,Level 2,State Coorporation
Marenyo Health Centre,Siaya,Level 3,Ministry of Health
Kinyangi Health Centre,Murang'A,Level 2,Ministry of Health
Namanga Health Centre,Kajiado,Level 3,Ministry of Health
Kikoneni Health Centre,Kwale,Level 3,Ministry of Health
Jkia Health Centre,Nairobi,Level 3,Ministry of Health
Malanga Health Centre,Siaya,Level 3,Ministry of Health
Dienya Health Centre,Siaya,Level 3,Ministry of Health
Akala Health Centre,Siaya,Level 3,Ministry of Health
Matangwe Community Health Centre,Siaya,Level 2,Private Enterprise (Institution)
Mbitini Health Centre,Kitui,Level 3,Ministry of Health
Marindi Sub county Hospital,Homa Bay,Level 4,Ministry of Health
Ober Health Centre,Homa Bay,Level 3,Ministry of Health
Ndiru Health Centre,Homa Bay,Level 3,Ministry of Health
Karau Health Centre,Embu,Level 3,Ministry of Health
Isecha Health Centre,Kisii,Level 3,Ministry of Health
Ucheru Community Health Centre,Kirinyaga,Level 3,Ministry of Health
Samburu Health Centre,Kwale,Level 3,Ministry of Health
Mpukoni Health Centre,Tharaka-Nithi,Level 3,Ministry of Health
Langata Women Prison Dispensary,Nairobi,Level 2,Ministry of Health
Bisil Health Centre,Kajiado,Level 3,Ministry of Health
Ongata Rongai Health Centre,Kajiado,Level 3,Ministry of Health
Kitengela Health Centre,Kajiado,Level 3,Ministry of Health
Mau Narok Health Centre,Nakuru,Level 3,Ministry of Health
Etago Sub-District Hospital,Kisii,Level 4,Ministry of Health
Gatura Healh Centre,Murang'A,Level 3,Ministry of Health
Nyawara Health Centre,Siaya,Level 3,Ministry of Health
Ndere Health Centre,Siaya,Level 3,Ministry of Health
Matungulu Health Centre,Machakos,Level 3,Ministry of Health
Ngenda Health Centre,Kiambu,Level 3,Ministry of Health
Marafa Health Centre,Kilifi,Level 3,Ministry of Health
Kilala Health Centre,Makueni,Level 3,Ministry of Health
Ramula Health Centre,Siaya,Level 2,Ministry of Health
Nyamaraga Health Centre,Migori,Level 3,Ministry of Health
Kugitimo Health Centre,Migori,Level 3,Ministry of Health
Muutiokiama Health Centre,Meru,Level 3,Ministry of Health
Kambiri Health Centre,Kakamega,Level 3,Ministry of Health
Shamakhubu Health Centre,Kakamega,Level 3,Ministry of Health
Ileho Health Centre,Kakamega,Level 3,Ministry of Health
Entarara Health Centre,Kajiado,Level 3,Ministry of Health
Ibacho Sub-District Hospital,Kisii,Level 4,Ministry of Health
Lussigetti Health Centre,Kiambu,Level 3,Ministry of Health
Njoro Health Centre,Nakuru,Level 3,Ministry of Health
Alale Health Centre,West Pokot,Level 3,Ministry of Health
Kathigu Health Centre,Meru,Level 3,Ministry of Health
Muthetheni Health Centre,Machakos,Level 3,Ministry of Health
Nzeluni Health Centre,Kitui,Level 3,Ministry of Health
Masii Health Centre,Machakos,Level 3,Ministry of Health
Uruku Health Centre,Meru,Level 3,Ministry of Health
Riana Health Centre,Kisii,Level 3,Ministry of Health
Wanjohi Health Centre,Nyandarua,Level 3,Ministry of Health
Naromoru Health Centre,Nyeri,Level 3,Ministry of Health
Tinga Health Centre,Nyamira,Level 3,Ministry of Health
Oresi Health Centre,Kisii,Level 3,Ministry of Health
Nambale Hospital,Busia,Level 3,Ministry of Health
Gatimbi Health Centre,Meru,Level 3,Ministry of Health
Kavindu Health Centre,Kitui,Level 3,Ministry of Health
Danaba Health Centre,Wajir,Level 3,Ministry of Health
Kivaani Health Centre,Machakos,Level 3,Ministry of Health
Baricho Health Centre,Kirinyaga,Level 3,Ministry of Health
Nembure Health Centre,Embu,Level 3,Ministry of Health
Ndalu Health Centre,Bungoma,Level 3,Ministry of Health
Winzyeei Health Centre,Kitui,Level 3,Ministry of Health
Nsis Health Centre (Ruaraka),Nairobi,Level 3,Ministry of Health
Kahawa Garrison Health Centre,Nairobi,Level 3,Ministry of Health
Nyamagwa Health Centre,Kisii,Level 3,Ministry of Health
Mavindini Health Centre,Makueni,Level 3,Ministry of Health
Othoro Sub District Hospital,Migori,Level 4,Ministry of Health
Nyametaburo Health Centre,Migori,Level 3,Ministry of Health
Kangeta Health Centre,Meru,Level 3,Ministry of Health
Eldas Health Centre,Wajir,Level 3,Ministry of Health
Ngano Health Centre,Nyandarua,Level 3,Ministry of Health
Kaviani Health Centre,Machakos,Level 3,Ministry of Health
Iuani Health Centre,Makueni,Level 3,Ministry of Health
Mitaboni Health Centre,Machakos,Level 3,Ministry of Health
Kuresoi Health Centre,Nakuru,Level 3,Ministry of Health
Kathonzweni Health Centre,Makueni,Level 3,Ministry of Health
Theere Health Centre,Meru,Level 3,Ministry of Health
Waita Health Centre,Kitui,Level 3,Ministry of Health
Suguta Marmar Health Centre,Samburu,Level 3,Ministry of Health
Dukana Health Centre (North Horr),Marsabit,Level 3,Ministry of Health
Shitsitswi Health Centre,Kakamega,Level 3,Ministry of Health
Esani Sub-District Hospital,Nyamira,Level 4,Ministry of Health
Mashuru Health Centre,Kajiado,Level 2,Ministry of Health
Got Kojowi Health Centre,Homa Bay,Level 3,Ministry of Health
Gede Health Centre,Kilifi,Level 3,Ministry of Health
Ebusiratsi Health Centre,Vihiga,Level 3,Ministry of Health
Mbiuni Health Centre,Machakos,Level 3,Ministry of Health
Redemeed Health Centre,Nairobi,Level 3,Ministry of Health
Kyethani Health Centre,Kitui,Level 3,Ministry of Health
Nzawa Health Centre,Kitui,Level 3,Ministry of Health
Thitani Health Centre,Kitui,Level 3,Ministry of Health
Akachiu Health Centre,Meru,Level 3,Ministry of Health
Laare Health Centre,Meru,Level 3,Ministry of Health
Kitise Health Centre,Makueni,Level 3,Ministry of Health
Shimo-La Tewa Health Centre (GK Prison),Mombasa,Level 3,Ministry of Health
Endarasha Rural Health Centre,Nyeri,Level 3,Ministry of Health
Kaongo Health Centre,Meru,Level 3,Ministry of Health
Wingemi Health Centre,Kitui,Level 3,Ministry of Health
Mathuki Health Centre,Kitui,Level 3,Ministry of Health
Kanyunga Health Centre,Kitui,Level 3,Ministry of Health
Ngomeni Health Centre,Kitui,Level 3,Ministry of Health
Tseikuru Sub-District Hospital,Kitui,Level 4,Ministry of Health
Sabuli Health Centre,Wajir,Level 3,Ministry of Health
Matayos Health Centre,Busia,Level 3,Ministry of Health
Bumala A Health Centre,Busia,Level 2,Ministry of Health
Malakisi Health Centre,Bungoma,Level 3,Ministry of Health
Kasongo Dispensary,Kericho,Level 2,Ministry of Health
Abidha Health Centre,Siaya,Level 3,Ministry of Health
Ruiri Rural Health Demonstration Centre,Meru,Level 3,Ministry of Health
Sigoti Health Centre,Kisumu,Level 3,Ministry of Health
Athi River Health Centre,Machakos,Level 3,Ministry of Health
Amugaa Health Centre,Meru,Level 3,Ministry of Health
Riotanchi Health Centre,Kisii,Level 3,Ministry of Health
New Heri Medical Centre,Kilifi,Level 2,Private Practice - Nurse / Midwifery
Lare Health Centre,Nakuru,Level 3,Ministry of Health
Mariwa Health Centre,Migori,Level 3,Ministry of Health
Ngorongo Health Centre,Kiambu,Level 3,Ministry of Health
Uringu Health Centre,Meru,Level 3,Ministry of Health
Leshau Pondo Health Centre,Nyandarua,Level 3,Ministry of Health
Nyakianga Health Centre,Murang'A,Level 3,Ministry of Health
Limuru Health Centre,Kiambu,Level 3,Ministry of Health
Vipingo Rural Demonstration Health Centre,Kilifi,Level 3,Ministry of Health
Nguluni Health Centre,Machakos,Level 3,Ministry of Health
Kunati Health Centre,Meru,Level 3,Ministry of Health
Manyuanda Sub county Hospital,Kisumu,Level 3,Ministry of Health
Mukuyuni Health Centre,Makueni,Level 3,Ministry of Health
Katse Health Centre,Kitui,Level 3,Ministry of Health
Kimana Health Centre,Kajiado,Level 3,Ministry of Health
Ijara Health Centre,Garissa,Level 3,Ministry of Health
Kanja Health Centre,Embu,Level 3,Ministry of Health
Kiambere Health Centre,Embu,Level 3,Ministry of Health
Mivukoni Health Centre,Kitui,Level 3,Ministry of Health
Bomu Medical Hospital (Changamwe),Mombasa,Level 4,Non-Governmental Organizations
Karatu Health Centre,Kiambu,Level 3,Ministry of Health
Wangige Health Centre,Kiambu,Level 3,Ministry of Health
Simba Health Centre,Kajiado,Level 3,Ministry of Health
Igegania Sub-District Hospital,Kiambu,Level 4,Ministry of Health
Isinya Health Centre,Kajiado,Level 3,Ministry of Health
Manyuanda Health Centre (Rarieda),Siaya,Level 3,Ministry of Health
Kyeleni Health Centre,Machakos,Level 3,Ministry of Health
Kibugua Health Centre,Tharaka-Nithi,Level 3,Ministry of Health
Doldol Sub District Hospital,Laikipia,Level 4,Ministry of Health
Chasimba Health Centre,Kilifi,Level 3,Ministry of Health
Bugumbe Health Centre,Migori,Level 3,Ministry of Health
Oyani Health Centre,Migori,Level 3,Ministry of Health
Kaliani Health Centre,Makueni,Level 3,Ministry of Health
Ekwanda Health Centre,Vihiga,Level 3,Ministry of Health
Garsen Health Centre,Tana River,Level 3,Ministry of Health
Kisau Sub District Hospital,Makueni,Level 3,Ministry of Health
Illeret Health Centre (North Horr),Marsabit,Level 3,Ministry of Health
Lari Hospital,Kiambu,Level 3,Ministry of Health
Mile 46 Health Centre,Kajiado,Level 3,Ministry of Health
Sericho Health Centre,Isiolo,Level 3,Ministry of Health
Liboi Health Centre,Garissa,Level 3,Ministry of Health
Gategi Health Centre,Embu,Level 3,Ministry of Health
Nairobi South Hospital,Nairobi,Level 4,Private Enterprise (Institution)
St Lukes (Kona) Health Centre,Nairobi,Level 3,Private Enterprise (Institution)
St Teresa's Health Centre,Nairobi,Level 3,Private Enterprise (Institution)
Wema Nursing Home,Nairobi,Level 3,Private Enterprise (Institution)
Mars Associate Medical Centre,Kajiado,Level 2,Private Enterprise (Institution)
St Catherine's Health Centre,Nairobi,Level 3,Private Enterprise (Institution)
St Florence Medical Care Health Centre,Nairobi,Level 3,Private Enterprise (Institution)
Lianas Clinic Health Centre,Nairobi,Level 2,Private Enterprise (Institution)
Padens Medicare Centre,Nairobi,Level 2,Private Enterprise (Institution)
Nairobi Outpatient Centre,Nairobi,Level 2,Private Enterprise (Institution)
Ray of Hope Health Centre,Nairobi,Level 3,Private Enterprise (Institution)
Amani Medical Centre (Suneka),Kisii,Level 2,Private Enterprise (Institution)
Mid Hill Medical Clinic,Nairobi,Level 3,Private Enterprise (Institution)
Frepals Community Nursing Home,Nairobi,Level 3,Non-Governmental Organizations
Muteithania Medical Clinic,Nairobi,Level 3,Private Enterprise (Institution)
Kisimani Health Services,Mombasa,Level 3,Private Enterprise (Institution)
St Mary's Medical Clinic (Sarang'ombe),Nairobi,Level 3,Private Enterprise (Institution)
Spacecare Health Services,Nairobi,Level 3,Private Enterprise (Institution)
Kisumu County Hospital,Kisumu,Level 4,Ministry of Health
St Luke's (ACK) Hospital Kaloleni,Kilifi,Level 4,Other Faith Based
Egerton University,Nakuru,Level 3,Public Institution
Migori District Hospital,Migori,Level 4,Ministry of Health
Mikinduri Sub-District Hospial,Meru,Level 4,Ministry of Health
Marani District Hospital,Kisii,Level 4,Ministry of Health
Nyahera Sub District Hospital,Kisumu,Level 4,Ministry of Health
Kombewa Sub County Refferal Hospital,Kisumu,Level 4,Ministry of Health
Garbatulla District Hospital,Isiolo,Level 4,Ministry of Health
Nyakach Sub County Hospital,Kisumu,Level 4,Ministry of Health
Khorof Harar Sub-District Hospital,Wajir,Level 4,Ministry of Health
Kiria-Ini Mission Hospital,Murang'A,Level 3,Other Faith Based
St Mary's Health Centre,Nairobi,Level 3,Private Enterprise (Institution)
Kilifi County Hospital,Kilifi,Level 4,Ministry of Health
Kitui District Hospital,Kitui,Level 4,Ministry of Health
Usoma Dispensary,Kisumu,Level 2,Ministry of Health
Kyuso District Hospital,Kitui,Level 4,Ministry of Health
Ijara District Hospital - Masalani,Garissa,Level 4,Ministry of Health
Hagadera Hospital,Garissa,Level 4,Non-Governmental Organizations
St Augustine Youth Friendly Centre,Turkana,Level 2,Kenya Episcopal Conference-Catholic Secretariat
Miranga Sub County Hospital,Kisumu,Level 4,Ministry of Health
Lafey Sub-County Hospital,Mandera,Level 4,Ministry of Health
Isibania Sub-District Hospital,Migori,Level 4,Ministry of Health
Tumutumu (PCEA) Hospital,Nyeri,Level 4,Christian Health Association of Kenya
Butere District Hospital,Kakamega,Level 4,Ministry of Health
Kima Mission Hospital,Vihiga,Level 3,Christian Health Association of Kenya
Keumbu Medical Clinic,Kisii,Level 2,Private Enterprise (Institution)
Timau Sub-District Hospital,Meru,Level 4,Ministry of Health
Chulaimbo Sub-District Hospital,Kisumu,Level 4,Ministry of Health
Chuka District Hospital,Tharaka-Nithi,Level 4,Ministry of Health
Gatundu District Hospital,Kiambu,Level 4,Ministry of Health
Ibeno Sub-District Hospital,Kisii,Level 4,Ministry of Health
St. John of God Hospital Tigania,Meru,Level 4,Kenya Episcopal Conference-Catholic Secretariat
Karatina District Hospital,Nyeri,Level 4,Ministry of Health
Modogashe Sub-County Hospital,Garissa,Level 4,Ministry of Health
Mary Immaculate Hospital (Nyeri North),Nyeri,Level 3,Kenya Episcopal Conference-Catholic Secretariat
Kapsabet County Referral Hospital,Nandi,Level 4,Ministry of Health
Makindu Sub-County Hospital,Makueni,Level 4,Ministry of Health
Bura District Hospital,Garissa,Level 4,Ministry of Health
Kanyangi Sub-District Hospital,Kitui,Level 4,Ministry of Health
Msambweni District Hospital,Kwale,Level 4,Ministry of Health
Mutuati Sub-District Hospital,Meru,Level 4,Ministry of Health
Makueni District Hospital,Makueni,Level 4,Ministry of Health
Kabondo Sub-District Hospital,Homa Bay,Level 4,Ministry of Health
Kibirichia Sub-District Hospital,Meru,Level 3,Ministry of Health
Lamu District Hospital,Lamu,Level 4,Ministry of Health
Kirwara Sub District,Murang'A,Level 4,Ministry of Health
Bute District Hospital,Wajir,Level 4,Ministry of Health
Mpeketoni Sub-District Hospital,Lamu,Level 4,Ministry of Health
Mutitu Sub-District Hospital,Kitui,Level 4,Ministry of Health
Mwala Subcounty Hospital,Machakos,Level 4,Ministry of Health
Tawa Sub-Distrct Hospial,Makueni,Level 3,Ministry of Health
Kangema Sub-District Hospital,Murang'A,Level 4,Ministry of Health
Kalimoni Hospital (Thika),Kiambu,Level 4,Kenya Episcopal Conference-Catholic Secretariat
Elburgon Sub-District Hospital,Nakuru,Level 4,Ministry of Health
Mbooni District Hospital,Makueni,Level 4,Ministry of Health
Kaloleni Dispensary,Nairobi,Level 2,Ministry of Health
Nuu Sub-District Hospital,Kitui,Level 3,Ministry of Health
Kimilili Subcounty Hospital,Bungoma,Level 4,Ministry of Health
Muhuru Health Centre,Migori,Level 3,Ministry of Health
Griftu District Hospital,Wajir,Level 4,Ministry of Health
Manga District Hospital,Nyamira,Level 4,Ministry of Health
Navakholo Sub-District Hospital,Kakamega,Level 4,Ministry of Health
Murang'a District Hospital,Murang'A,Level 4,Ministry of Health
Yala Sub-District Hospital,Siaya,Level 4,Ministry of Health
Al Farooq Hospital,Mombasa,Level 4,Private Enterprise (Institution)
Kendu Sub-District Hospital,Homa Bay,Level 4,Ministry of Health
Molo District Hospital,Nakuru,Level 4,Ministry of Health
Mikumbune Sub-District Hospital,Meru,Level 4,Ministry of Health
Kandiege Sub-District Hospital,Homa Bay,Level 4,Ministry of Health
Got Agulu Sub-District Hospital,Siaya,Level 4,Ministry of Health
Mandera West Sub County Hospital,Mandera,Level 4,Ministry of Health
Muriranjas Sub-District Hospital,Murang'A,Level 4,Ministry of Health
Olenguruone Sub-District Hospital,Nakuru,Level 4,Ministry of Health
Kenyenya District Hospital,Kisii,Level 4,Ministry of Health
Lowarengak Health Center,Turkana,Level 2,Kenya Episcopal Conference-Catholic Secretariat
Mukurweini District Hospital,Nyeri,Level 4,Ministry of Health
Mariakani District Hospital,Kilifi,Level 4,Ministry of Health
Ndhiwa Sub-District Hospital,Homa Bay,Level 4,Ministry of Health
Madiany Sub County  Hospital,Siaya,Level 4,Ministry of Health
Nyacheki Sub County Hospital,Kisii,Level 4,Ministry of Health
Sirisia Hospital,Bungoma,Level 4,Ministry of Health
Siaya District Hospital,Siaya,Level 4,Ministry of Health
Kwale District Hospital,Kwale,Level 4,Ministry of Health
Kajiado District Hospital,Kajiado,Level 4,Ministry of Health
Meru District Hospital,Meru,Level 5,Ministry of Health
Thika Level 5 Hospital,Kiambu,Level 5,Ministry of Health
Buna Sub-District Hospital,Wajir,Level 4,Ministry of Health
Migwani Sub-District Hospital,Kitui,Level 4,Ministry of Health
Rangwe Sub-District Hospital,Homa Bay,Level 4,Ministry of Health
Mandera County Refferal Hospital,Mandera,Level 4,Ministry of Health
Mbeu Sub-District Hospital,Meru,Level 4,Ministry of Health
Kiogoro Health Centre,Kisii,Level 3,Ministry of Health
Kalawa Health Centre,Makueni,Level 3,Ministry of Health
Kuria District Hospital,Migori,Level 4,Ministry of Health
Mandera Central Sub county Hospital,Mandera,Level 4,Ministry of Health
Moyale District Hospital,Marsabit,Level 4,Ministry of Health
Nduru District Hospital,Kisii,Level 4,Ministry of Health
Kacheliba District Hospital,West Pokot,Level 4,Ministry of Health
Bondo District Hospital,Siaya,Level 4,Ministry of Health
Tharaka District Hospital,Tharaka-Nithi,Level 4,Ministry of Health
Marsabit District Hospital,Marsabit,Level 4,Ministry of Health
Jalish Dispensary,Garissa,Level 2,Ministry of Health
Iftin Sub-District Hospital,Garissa,Level 4,Ministry of Health
Githongo District Hospital,Meru,Level 4,Ministry of Health
Ntimaru Sub-County Hospital,Migori,Level 4,Ministry of Health
Tigoni District Hospital,Kiambu,Level 4,Ministry of Health
Hulugho Sub-District Hospital,Garissa,Level 4,Ministry of Health
Nyamusi Sub-District Hospital,Nyamira,Level 4,Ministry of Health
Ekerenyo Sub-District Hospital,Nyamira,Level 4,Ministry of Health
Ngong Sub-District Hospital,Kajiado,Level 4,Ministry of Health
Mwingi District Hospital,Kitui,Level 4,Ministry of Health
Emmanuel M/C VCT Centre,Kiambu,Level 2,Public Institution
Bodhai Dispensary,Garissa,Level 2,Ministry of Health
Outspan Hospital,Nyeri,Level 4,Private Enterprise (Institution)
Thika Nursing Home,Kiambu,Level 4,Private Enterprise (Institution)
Mbagathi District Hospital,Nairobi,Level 4,Ministry of Health
Mandera North Sub county Hospital,Mandera,Level 4,Ministry of Health
Rongo District Hospital,Migori,Level 4,Ministry of Health
Iyabe District Hospital (Kisii South),Kisii,Level 3,Ministry of Health
Gesusu Sub-District Hospital,Kisii,Level 4,Ministry of Health
Gucha District Hospital,Kisii,Level 4,Ministry of Health
Karungu Sub-District Hospital,Migori,Level 4,Ministry of Health
Masimba Sub-District Hospital,Kisii,Level 4,Ministry of Health
Homa Bay County Teaching and Referral Hospital,Homa Bay,Level 4,Ministry of Health
Kegonga Sub County Hospital,Migori,Level 4,Ministry of Health
Kimbimbi Sub-District Hospital,Kirinyaga,Level 4,Ministry of Health
Nyamira District Hospital,Nyamira,Level 4,Ministry of Health
Masaba District Hospital,Nyamira,Level 4,Ministry of Health
Loitokitok District Hospital,Kajiado,Level 4,Ministry of Health
Central Memorial Hospital,Kiambu,Level 4,Private Enterprise (Institution)
Bultohama Dispensary,Garissa,Level 2,Ministry of Health
Magadi Hospital,Kajiado,Level 4,Company Medical Service
Garissa Provincial General Hospital (PGH),Garissa,Level 5,Ministry of Health
Nyeri Provincial General Hospital (PGH),Nyeri,Level 5,Ministry of Health
Jamii Hospital,Nyeri,Level 4,Private Enterprise (Institution)
Maralal District Hospital,Samburu,Level 4,Ministry of Health
Godoma Health Centre (Nep),Wajir,Level 3,Ministry of Health
Kangundo District Hospital,Machakos,Level 4,Ministry of Health
Port Reitz District Hospital,Mombasa,Level 4,Ministry of Health
Embu Provincial General Hospital,Embu,Level 5,Ministry of Health
Kisii Hospital (Level 5),Kisii,Level 5,Ministry of Health
Wakula Health Centre,Homa Bay,Level 3,Ministry of Health
Yokia Dispensary,Homa Bay,Level 2,Ministry of Health
Coast Province General Hospital,Mombasa,Level 5,Ministry of Health
Kamasengere Dispensary,Homa Bay,Level 2,Christian Health Association of Kenya
Ng'odhe Island Dispensary,Homa Bay,Level 2,Ministry of Health
St Mary's Health Centre (Mbita),Homa Bay,Level 3,Kenya Episcopal Conference-Catholic Secretariat
Tuungane Youth Centre (Mbita),Homa Bay,Level 2,Non-Governmental Organizations
Obalwanda Dispensary,Homa Bay,Level 2,Ministry of Health
Ponge Dispensary (Mbita),Homa Bay,Level 2,Ministry of Health
Ndhuru Dispensary,Homa Bay,Level 2,Ministry of Health
Usao Health Centre,Homa Bay,Level 3,Ministry of Health
Lwanda Gwassi Dispensary,Homa Bay,Level 2,Ministry of Health
Kisaku Dispensary,Homa Bay,Level 2,Ministry of Health
Kiwa Island Dispensary,Homa Bay,Level 2,Ministry of Health
St Mercelline Roo Dispensary (Suba),Homa Bay,Level 2,Other Faith Based
Nyagwethe Dispensary,Homa Bay,Level 2,Kenya Episcopal Conference-Catholic Secretariat
Mama Josphene Clinic,Homa Bay,Level 2,Private Practice - Nurse / Midwifery
Kigwa Dispensary,Homa Bay,Level 2,Ministry of Health
Sururu Health Centre (CDF),Nakuru,Level 3,Ministry of Health
Kenyatta National Hospital,Nairobi,Level 6,Ministry of Health
Kapkoi Health Centre (Kwanza),Trans Nzoia,Level 3,Ministry of Health
Emali Nursing Home,Makueni,Level 3,Private Enterprise (Institution)
Barazani Medical Clinic,Makueni,Level 2,Private Practice - General Practitioner
Emali Manchester Medical Clinic,Makueni,Level 2,Private Practice - General Practitioner
Kisegi Sub-District Hospital,Homa Bay,Level 4,Ministry of Health
Suba District Hospital,Homa Bay,Level 4,Ministry of Health
Mbita District Hospital,Homa Bay,Level 4,Ministry of Health
Jawabu Medical Clinic,Turkana,Level 2,Private Enterprise (Institution)
Magunga Health Centre,Homa Bay,Level 3,Ministry of Health
Kakuma Refugee Hospital,Turkana,Level 4,Non-Governmental Organizations
Ogongo Sub-District Hospital,Homa Bay,Level 4,Ministry of Health
Sena Health Centre,Homa Bay,Level 3,Ministry of Health
Ugina Health Centre,Homa Bay,Level 3,Ministry of Health
Takawiri Dispensary,Homa Bay,Level 2,Ministry of Health
Soklo Dispensary,Homa Bay,Level 2,Ministry of Health
Tom Mboya Memorial Health Centre,Homa Bay,Level 3,Ministry of Health
Kitare Health Centre,Homa Bay,Level 3,Ministry of Health
Viagenco Medical Centre,Homa Bay,Level 2,Non-Governmental Organizations
Tonga Health Centre,Homa Bay,Level 3,Kenya Episcopal Conference-Catholic Secretariat
Godbura Health Centre,Homa Bay,Level 3,Ministry of Health
Seka Health Centre,Homa Bay,Level 3,Ministry of Health
Msare Health Centre,Homa Bay,Level 3,Ministry of Health
Nyamrisra Health Centre,Homa Bay,Level 3,Ministry of Health
Kolongolo C.M Dispensary,Bungoma,Level 2,Other Faith Based
Kilili Dispensary,Makueni,Level 2,Ministry of Health
Masumba Dispensary,Makueni,Level 2,Ministry of Health
Mutiluni Dispensary,Makueni,Level 2,Ministry of Health
Mutyambua Dispensary,Makueni,Level 2,Ministry of Health
Mwanyani Dispensary,Makueni,Level 2,Ministry of Health
Mweini Dispensary,Makueni,Level 2,Ministry of Health
Kwale Dispensary,Makueni,Level 2,Ministry of Health
Kaeris Dispensary,Turkana,Level 2,Ministry of Health
Kakuma Medical Clinic,Turkana,Level 2,Private Practice - Clinical Officer
Terige Dispensary (CDF),Nandi,Level 2,Ministry of Health
Loruth Dispensary,Turkana,Level 2,Ministry of Health
Malka Galla Dispensary,Isiolo,Level 2,Ministry of Health
GK Prison Dispensary (Isiolo),Isiolo,Level 2,Ministry of Health
Apu Dispensary,Isiolo,Level 2,Ministry of Health
Kipsing Dispensary,Isiolo,Level 2,Ministry of Health
Ngoron Dispensary,Baringo,Level 2,Ministry of Health
Kolowa Health Centre,Baringo,Level 3,Ministry of Health
Loiwat Dispensary,Baringo,Level 2,Ministry of Health
Barpello Dispensary,Baringo,Level 2,Ministry of Health
Korbesa Dispensary,Isiolo,Level 2,Ministry of Health
Kayole II Sub-District Hospital,Nairobi,Level 3,Ministry of Health
Salama (Baptist) Nursing Home,Makueni,Level 2,Other Faith Based
Mbitini Catholic Dispensary,Makueni,Level 2,Kenya Episcopal Conference-Catholic Secretariat
Matiliku Catholic Dispensary,Makueni,Level 2,Kenya Episcopal Conference-Catholic Secretariat
Kiu (AIC) Dispensary,Makueni,Level 2,Christian Health Association of Kenya
Nanam Dispensary,Turkana,Level 2,Christian Health Association of Kenya
Oropoi Dispensary,Turkana,Level 2,Kenya Episcopal Conference-Catholic Secretariat
Kakuma Mission Hospital,Turkana,Level 4,Kenya Episcopal Conference-Catholic Secretariat
Kokiselei Dispensary,Turkana,Level 2,Kenya Episcopal Conference-Catholic Secretariat
Kachoda Dispensary,Turkana,Level 2,Ministry of Health
Nariokotome Dispensary,Turkana,Level 2,Kenya Episcopal Conference-Catholic Secretariat
Kalobeyei Dispensary,Turkana,Level 2,Kenya Episcopal Conference-Catholic Secretariat
Lokore Dispensary,Turkana,Level 2,Kenya Episcopal Conference-Catholic Secretariat
Kyumbe (AIC) Dispensary,Makueni,Level 2,Christian Health Association of Kenya
Lopur Dispensary (Lopur),Turkana,Level 2,Christian Health Association of Kenya
Makutano Health Centre (Turkana West),Turkana,Level 3,Ministry of Health
Alfalah Nursing Home,Isiolo,Level 3,Supreme Council for Kenya Muslims
Basa Dispensary,Isiolo,Level 2,Ministry of Health
Bisan Biliqo Dispensary,Isiolo,Level 2,Ministry of Health
Shimbrey Dispensary,Garissa,Level 2,Ministry of Health
Kambi Garba Dispensary,Isiolo,Level 2,Kenya Episcopal Conference-Catholic Secretariat
Oldonyiro Dispensary (Isiolo),Isiolo,Level 2,Ministry of Health
Komolion Dispensary,Baringo,Level 2,Ministry of Health
AIC Dispensary (Isiolo),Isiolo,Level 2,Christian Health Association of Kenya
Lokichogio (AIC) Health Centre,Turkana,Level 2,Christian Health Association of Kenya
Mbenuu H Centre,Makueni,Level 3,Ministry of Health
Dertu Health Centre,Garissa,Level 3,Ministry of Health
Lokipoto Dispensary,Turkana,Level 2,Ministry of Health
Milima Tatu Dispensary,Turkana,Level 2,Ministry of Health
Aposta Dispensary,Turkana,Level 2,Christian Health Association of Kenya
Natira Dispensary,Turkana,Level 2,Christian Health Association of Kenya
Koyasa Dispensary,Turkana,Level 2,Ministry of Health
Lokangae Health Centre,Turkana,Level 3,Ministry of Health
Kaaleng Health Centre,Turkana,Level 3,Ministry of Health
Lokamarinyang Dispensary,Turkana,Level 2,Ministry of Health
Lokichoggio Military Dispensary,Turkana,Level 2,Armed Forces
Nachukui Dispensary,Turkana,Level 2,Kenya Episcopal Conference-Catholic Secretariat
Ngara Health Centre (City Council of Nairobi),Nairobi,Level 3,Ministry of Health
AIC Mukaa Dispensary,Makueni,Level 2,Christian Health Association of Kenya
Sultan Hamud Sub District Hospital,Makueni,Level 4,Ministry of Health
Kokuro Health Centre,Turkana,Level 2,Ministry of Health
Mercillin Afya Centre,Nairobi,Level 3,Ministry of Health
Nyalenda Health Centre,Kisumu,Level 3,Ministry of Health
Churo Dispensary,Baringo,Level 2,Christian Health Association of Kenya
Chesirimion Dispensary,Baringo,Level 2,Ministry of Health
Kokwototo Dispensary,Baringo,Level 2,Christian Health Association of Kenya
Rhein Valley Hospital,Nakuru,Level 3,Non-Governmental Organizations
Finlays Hospital,Nakuru,Level 4,Company Medical Service
Kamangunet VCT,Nandi,Level 2,Private Enterprise (Institution)
Vuma VCT,Laikipia,Level 2,Private Enterprise (Institution)
Revival Baptist VCT Centre,Nakuru,Level 2,Other Faith Based
Rehema VCT Centre,Vihiga,Level 2,Public Institution
Nadapal Primary Health Care Programme,Turkana,Level 2,Kenya Episcopal Conference-Catholic Secretariat
St Mary's Kalokol Primary Health Care Programme,Turkana,Level 2,Kenya Episcopal Conference-Catholic Secretariat
St Joseph's Shelter of Hope,Taita Taveta,Level 2,Christian Health Association of Kenya
Lokitaung Sub County Hospital,Turkana,Level 4,Ministry of Health
Isiolo District Hospital,Isiolo,Level 4,Ministry of Health
Kavuthu H/Centre,Makueni,Level 3,Ministry of Health
Raya Dispensary,Garissa,Level 2,Ministry of Health
Lopiding Sub County Hospital,Turkana,Level 3,Ministry of Health
Bungoma County Referal Hospital,Bungoma,Level 4,Ministry of Health
Siloam Hospital,Kericho,Level 4,Private Enterprise (Institution)
Sigor Sub-District Hospital,Bomet,Level 4,Ministry of Health
Merti Health Centre,Isiolo,Level 3,Ministry of Health
Tot Sub-District Hospital,Elegeyo-Marakwet,Level 4,Ministry of Health
Ndanai,Bomet,Level 3,Ministry of Health
Chemolingot District Hospital,Baringo,Level 3,Ministry of Health
Glory Medical Clinic (Tana River),Tana River,Level 2,Private Enterprise (Institution)
Kitale Nursing Home,Trans Nzoia,Level 3,Private Enterprise (Institution)
Rapha Medical Centre,Trans Nzoia,Level 2,Private Enterprise (Institution)
Akemo Nursing Home,Narok,Level 3,Private Enterprise (Institution)
Elgon View Hospital,Uasin Gishu,Level 4,Private Enterprise (Institution)
Cherangany Nursing Home,Trans Nzoia,Level 4,Private Enterprise (Institution)
Ortum Mission Hospital,West Pokot,Level 4,Kenya Episcopal Conference-Catholic Secretariat
St Mary's Hospital (Gilgil),Nakuru,Level 4,Kenya Episcopal Conference-Catholic Secretariat
Nanyuki Cottage Hospital,Laikipia,Level 4,Private Enterprise (Institution)
Balambala Sub-District Hospital,Tana River,Level 4,Ministry of Health
Kiminini Cottage Hospital,Trans Nzoia,Level 3,Other Faith Based
Transmara Medicare,Narok,Level 4,Private Enterprise (Institution)
Greenview Hospital,Kericho,Level 4,Private Enterprise (Institution)
Polyclinic Hospital,Nakuru,Level 4,Private Practice - General Practitioner
Kericho Nursing Home,Kericho,Level 4,Private Enterprise (Institution)
Dawida Maternity Nursing Home,Taita Taveta,Level 4,Private Enterprise (Institution)
Afya Clinic,Taita Taveta,Level 2,Private Enterprise (Institution)
Chemogondany Hospital,Kericho,Level 4,Private Enterprise (Institution)
Kipchimchim M Hospital,Kericho,Level 4,Other Faith Based
Balich Dispensary,Garissa,Level 2,Ministry of Health
St Leonard Hospital,Kericho,Level 3,Private Enterprise (Institution)
Kaplong Hospital,Bomet,Level 4,Kenya Episcopal Conference-Catholic Secretariat
Valley Hospital,Nakuru,Level 4,Private Practice - General Practitioner
Tenwek Mission Hospital,Bomet,Level 5,Christian Health Association of Kenya
Mercy Hospital,Baringo,Level 4,Other Faith Based
Daley Dispensary,Tana River,Level 2,Ministry of Health
Ekalakala Medical Clinic,Machakos,Level 2,Private Enterprise (Institution)
Kapsuser Medical Clinic,Kericho,Level 2,Private Enterprise (Institution)
Mercy Clinic (Ikutha),Kitui,Level 2,Private Enterprise (Institution)
Mwatate Sisal Estate Clinic,Taita Taveta,Level 2,Private Enterprise (Institution)
Mvono Clinic,Taita Taveta,Level 2,Private Enterprise (Institution)
Riflot Medical Centre,Taita Taveta,Level 4,Private Enterprise (Institution)
Mount View Nursing & Maternity Home,Taita Taveta,Level 4,Private Enterprise (Institution)
Joy Medical Clinic (Mwatate),Taita Taveta,Level 2,Private Enterprise (Institution)
Marie Stopes (Naivasha),Nakuru,Level 2,Non-Governmental Organizations
Kwanza Sub County Hospital,Trans Nzoia,Level 4,Ministry of Health
Kihingo Dispensary (CDF),Nakuru,Level 2,Ministry of Health
Faith Nursing Home (Ikutha),Kitui,Level 3,Private Practice - Nurse / Midwifery
Dr Mutuma Medical Clinic,Machakos,Level 2,Private Practice - General Practitioner
Maseno University Medical Clinic,Kisumu,Level 2,Parastatal
Kenegut Dispensary,Kericho,Level 2,Ministry of Health
Sankuri Health Centre,Garissa,Level 2,Ministry of Health
Shauri Moyo Clinic,Nairobi,Level 2,Ministry of Health
St Susan Clinic,Kakamega,Level 2,Private Enterprise (Institution)
Kasikeu Dispensary,Makueni,Level 2,Ministry of Health
Murudef Clinic,Kakamega,Level 2,Private Enterprise (Institution)
Malinya Clinic,Kakamega,Level 2,Private Practice - General Practitioner
Musoli Health Clinic,Kakamega,Level 2,Private Enterprise (Institution)
Mwangaza Medical Clinic,Uasin Gishu,Level 2,Private Enterprise (Institution)
Baraka Medical Clinic (Trans Nzoia East),Trans Nzoia,Level 2,Private Practice - Nurse / Midwifery
Kilgoris Medical Centre,Narok,Level 2,Private Enterprise (Institution)
Baraka Medical Clinic (Samburu East),Samburu,Level 2,Private Practice - Clinical Officer
Chepseon-VCT Site,Kericho,Level 2,Private Enterprise (Institution)
Grand Avens Clinic,Trans Nzoia,Level 2,Private Enterprise (Institution)
Jehova Rapha Medical Clinic,Trans Nzoia,Level 2,Private Enterprise (Institution)
Kalyet Clinic (Kipkelion),Kericho,Level 2,Private Enterprise (Institution)
Annex Medical Clinic (Trans Nzoia West),Trans Nzoia,Level 2,Private Enterprise (Institution)
Highway Medical Clinic (Trans Nzoia East),Trans Nzoia,Level 2,Private Practice - Clinical Officer
Baraka Medical Clinic (Turkana Central),Turkana,Level 2,Private Practice - Nurse / Midwifery
Kamulat Clinic,Uasin Gishu,Level 2,Private Enterprise (Institution)
Family Health Opition Kenya Clinic (Buret),Kericho,Level 2,Private Enterprise (Institution)
Bokoli Base Clinic,Bungoma,Level 2,Private Enterprise (Institution)
Jarajara Dispensary,Tana River,Level 2,Ministry of Health
Kaplong Medical Clinic,Bomet,Level 2,Private Practice - General Practitioner
Dr Nabakwe Clinic,Uasin Gishu,Level 2,Private Practice - General Practitioner
Dr Somba Clinic,Laikipia,Level 2,Private Practice - Unspecified
Guyana Medical Clinic,Trans Nzoia,Level 2,Private Practice - Clinical Officer
Loima Medical Clinic,Turkana,Level 2,Private Practice - Clinical Officer
Langa Medical Care,Nakuru,Level 2,Private Practice - Clinical Officer
Bura Mission Clinic,Taita Taveta,Level 2,Other Faith Based
Med Afric Medical Clinic,Trans Nzoia,Level 2,Private Practice - Nurse / Midwifery
Kayanet Clinic,Uasin Gishu,Level 2,Private Enterprise (Institution)
Burnt Forest Medical Clinic,Uasin Gishu,Level 2,Private Enterprise (Institution)
Dujis Health Centre,Garissa,Level 2,Ministry of Health
Nazareth Medical Clinic (Wareng),Uasin Gishu,Level 2,Private Enterprise (Institution)
Lumumba Sub County Hospital,Kisumu,Level 3,Ministry of Health
Dr Manyara Clinic,Nakuru,Level 2,Private Practice - General Practitioner
Crystal Medical  Clinic,Trans Nzoia,Level 2,Private Enterprise (Institution)
Jaggery Medical Clinic,Bungoma,Level 2,Private Enterprise (Institution)
Emmanuel Medical Clinic (Bungoma East),Bungoma,Level 2,Private Enterprise (Institution)
Highway Medical Clinic (Bungoma East),Bungoma,Level 2,Private Enterprise (Institution)
Birunda (Lyavo Project) Clinic,Trans Nzoia,Level 2,Private Enterprise (Institution)
Dr Muthiora Clinic,Laikipia,Level 2,Private Practice - General Practitioner
Makutano (PCEA) Medical Clinic (Trans Nzoia East),Trans Nzoia,Level 2,Christian Health Association of Kenya
Racecourse Clinic,Nakuru,Level 2,Private Practice - Nurse / Midwifery
Rapha Maternity (Nakuru Central),Nakuru,Level 2,Private Practice - Nurse / Midwifery
Savannah Medical Clinic,Turkana,Level 2,Private Practice - Clinical Officer
Majoh Medical Clinic,Trans Nzoia,Level 2,Private Enterprise (Institution)
Nalepo Medical Clinic,Narok,Level 2,Private Enterprise (Institution)
Neema Medical Clinic (Trans Nzoia West),Trans Nzoia,Level 2,Private Enterprise (Institution)
Chitugul Medical Clinic,Trans Nzoia,Level 2,Private Practice - Nurse / Midwifery
Sikhendu Medical Clinic,Trans Nzoia,Level 2,Private Enterprise (Institution)
Mwikia Clinic,Tharaka-Nithi,Level 2,Private Enterprise (Institution)
Ponya Clinic,Tharaka-Nithi,Level 2,Private Enterprise (Institution)
Sigilai (Cmc) Clinic,Narok,Level 2,Private Enterprise (Institution)
Mercy Mobile Clinic (Kipkelion),Kericho,Level 2,Kenya Episcopal Conference-Catholic Secretariat
St Mark's Lela Dispensary,Kisumu,Level 2,Ministry of Health
Mujwa Dispensary,Meru,Level 2,Kenya Episcopal Conference-Catholic Secretariat
Mulembe Clinic,Kakamega,Level 2,Private Enterprise (Institution)
Mission of Mercy Clinic,Bungoma,Level 2,Christian Health Association of Kenya
Chemororoch dispensary (Kapkures),Uasin Gishu,Level 2,Ministry of Health
Nyonjoro Medical Clinic (Nakuru),Nakuru,Level 2,Private Practice - Nurse / Midwifery
Kamburu (PCEA) Dispensary,Kiambu,Level 2,Christian Health Association of Kenya
Delamere Clinic,Nakuru,Level 2,Company Medical Service
Vinet Medical Clinic,Nakuru,Level 2,Private Practice - Nurse / Midwifery
Gosheni Medical Clinic,Nakuru,Level 2,Private Practice - Nurse / Midwifery
Jawabu (Community) Medical Clinic,Homa Bay,Level 2,Private Enterprise (Institution)
New Kimilili Medical Clinic,Nakuru,Level 2,Private Practice - Nurse / Midwifery
Ol-Njorowa Flower Farm Medical Clinic,Nakuru,Level 2,Company Medical Service
Lunyito Dispensary,Kakamega,Level 2,Ministry of Health
Better Health Services,Nakuru,Level 2,Private Practice - Nurse / Midwifery
Sinoko Dispensary (Likuyani),Kakamega,Level 2,Ministry of Health
Lwandeti Dispensary,Kakamega,Level 2,Christian Health Association of Kenya
St Mary's Dispensary (Lugari),Kakamega,Level 2,Kenya Episcopal Conference-Catholic Secretariat
Camp Brethren Medical Clinic,Nakuru,Level 2,Private Practice - Nurse / Midwifery
Bigot Medical Clinic,Nakuru,Level 2,Company Medical Service
Shanka Medical,Murang'A,Level 2,Private Practice - Nurse / Midwifery
Solea Medical Clinic,Murang'A,Level 2,Private Practice - Nurse / Midwifery
Rukala Model Health Centre,Busia,Level 2,Ministry of Health
Chekalini Dispensary,Kakamega,Level 2,Ministry of Health
Kocholwo Sub-District Hospital,Elegeyo-Marakwet,Level 4,Ministry of Health
Sio Port District Hospital,Busia,Level 4,Ministry of Health
Cheborgei Health Centre,Kericho,Level 3,Ministry of Health
Kaigat (SDA) Health Centre,Nandi,Level 2,Christian Health Association of Kenya
Roadside Clinic (Kagunduini),Murang'A,Level 2,Private Practice - Nurse / Midwifery
Kapenguria District Hospital,West Pokot,Level 4,Ministry of Health
Vihiga County Referral Hosptial,Vihiga,Level 4,Ministry of Health
AIC Litein Mission Hospital,Kericho,Level 4,Other Faith Based
Kapsoya Health Centre,Uasin Gishu,Level 3,Ministry of Health
Mai Mahiu Health Centre,Nakuru,Level 3,Ministry of Health
Kipkelion Sub District Hospital,Kericho,Level 4,Ministry of Health
Kabarak Health Centre,Nakuru,Level 3,Ministry of Health
Enoosaen Health Centre,Narok,Level 3,Ministry of Health
Chepareria Sub District Hospital,West Pokot,Level 4,Ministry of Health
Holy Spirit Health Centre,Nakuru,Level 3,Kenya Episcopal Conference-Catholic Secretariat
St Elizabeth Lorugum Health Centre,Turkana,Level 3,Kenya Episcopal Conference-Catholic Secretariat
St Antony Health Centre,Nakuru,Level 3,Kenya Episcopal Conference-Catholic Secretariat
St Francis Health Centre (Nakuru Central),Nakuru,Level 2,Other Faith Based
Naivasha District Hospital,Nakuru,Level 4,Ministry of Health
Hamisi Sub District Hospital,Vihiga,Level 4,Ministry of Health
Givudimbuli Health Centre,Vihiga,Level 3,Ministry of Health
Mansabubu Health Centre,Tana River,Level 3,Ministry of Health
Mununga Health Clinic,Murang'A,Level 2,Private Practice - Nurse / Midwifery
Changoi Dispensary,Bomet,Level 3,Company Medical Service
Chebwai Mission Dispensary,Kakamega,Level 2,Other Faith Based
Chemartin Tea Dispensary,Nandi,Level 2,Company Medical Service
Baraka Medical Clinic (Pokot Central),West Pokot,Level 2,Private Practice - Nurse / Midwifery
St Catherine's Napetet Dispensary,Turkana,Level 2,Kenya Episcopal Conference-Catholic Secretariat
Nadapal Dispensary,Turkana,Level 2,Kenya Episcopal Conference-Catholic Secretariat
Blessed Louis Palazzolo Health Centre,Kiambu,Level 3,Other Faith Based
Chepareria (SDA) Dispensary,West Pokot,Level 2,Other Faith Based
Muthambi Dispensary,Tharaka-Nithi,Level 2,Christian Health Association of Kenya
Namoruputh (PAG) Health Centre,Turkana,Level 3,Christian Health Association of Kenya
Maji Moto Dispensary (Narok South),Narok,Level 2,Other Faith Based
Mary Immaculate Dispensary (Eldoret East),Uasin Gishu,Level 2,Kenya Episcopal Conference-Catholic Secretariat
Intrepids Dispensary,Samburu,Level 2,Private Enterprise (Institution)
Chesta Dispensary,West Pokot,Level 2,Other Faith Based
Lokwatubwa (PAG) Dispensary,Turkana,Level 2,Christian Health Association of Kenya
3KR Health Centre,Nakuru,Level 3,Armed Forces
Base Medical Centre,Laikipia,Level 3,Armed Forces
Naivasha Max Prison Health Centre,Nakuru,Level 3,Public Institution
Githunguri Health Centre,Kiambu,Level 3,Ministry of Health
Sigor Sub District Hospital,West Pokot,Level 4,Ministry of Health
GK Prisons Dispensary (Kericho),Kericho,Level 2,Ministry of Health
Mwashuma Dispensary (CDF),Taita Taveta,Level 2,Ministry of Health
Kapkiamo Dispensary,Baringo,Level 2,Ministry of Health
Kaptebengwo Dispensary,Bomet,Level 2,Ministry of Health
Kiricha Dispensary,Bomet,Level 2,Ministry of Health
Changach Barak Dispensary,Elegeyo-Marakwet,Level 2,Ministry of Health
Tebesonik Dispensary,Kericho,Level 2,Ministry of Health
Nanighi Health Centre,Tana River,Level 3,Ministry of Health
Kamaget Dispensary (Trans Mara),Narok,Level 2,Ministry of Health
Kalemungorok Dispensary,Turkana,Level 2,Ministry of Health
Kalalu Dispensary,Laikipia,Level 2,Ministry of Health
Emurua Dikirr  Health centre,Narok,Level 3,Ministry of Health
Gsu Dispensary (Kabarak),Nakuru,Level 2,Ministry of Health
GK Prisons Dispensary (Laikipia East),Laikipia,Level 2,Ministry of Health
Tegego Dispensary,Uasin Gishu,Level 2,Ministry of Health
Thigio Dispensary (Laikipia West),Laikipia,Level 2,Ministry of Health
Lower Solai Dispensary,Nakuru,Level 2,Ministry of Health
Lodungokwe Health Centre,Samburu,Level 2,Ministry of Health
Lamuria Dispensary (Laikipia East),Laikipia,Level 2,Ministry of Health
Lelechwet Dispensary (Kipkelion),Kericho,Level 2,Ministry of Health
Kipsitet Dispensary,Kericho,Level 2,Ministry of Health
Khartoum Tea Dispensary,Nandi,Level 2,Company Medical Service
Kamunyaka Clinic,Murang'A,Level 2,Private Practice - Nurse / Midwifery
PCEA Dandora Clinic,Nairobi,Level 2,Christian Health Association of Kenya
Mombwo Dispensary,Nandi,Level 2,Ministry of Health
Molosirwe Dispensary,Baringo,Level 2,Ministry of Health
Kaptimbor Dispensary,Baringo,Level 2,Ministry of Health
Kaptumin Dispensary,Baringo,Level 2,Ministry of Health
Kamuthe Health Centre,Tana River,Level 3,Ministry of Health
Namuduru Dispensary,Busia,Level 2,Ministry of Health
Changara (GOK) Dispensary,Busia,Level 2,Ministry of Health
Simotwo Dispensary (Keiyo),Elegeyo-Marakwet,Level 2,Ministry of Health
Savane Dispensary,Kakamega,Level 2,Ministry of Health
Shivanga Health Centre,Kakamega,Level 3,Ministry of Health
Kimaeti Dispensary,Bungoma,Level 2,Ministry of Health
Mabasi Dispensary,Kericho,Level 2,Ministry of Health
Ntulele Health centre,Narok,Level 2,Ministry of Health
Challa Dispensary,Taita Taveta,Level 2,Ministry of Health
Okilgei Dispensary,Nakuru,Level 2,Ministry of Health
Sochoi (AIC) Dispensary,Nandi,Level 2,Other Faith Based
Mogoon Dispensary,Uasin Gishu,Level 2,Ministry of Health
Mariwa Dispensary (Kipkelion),Kericho,Level 2,Ministry of Health
Luoniek Dispensary,Laikipia,Level 2,Ministry of Health
Pesi Dispensary (Laikipia West),Laikipia,Level 2,Ministry of Health
Piave Dispensary,Nakuru,Level 2,Ministry of Health
GOK Rumuruti Prisons Dispensary,Laikipia,Level 2,Ministry of Health
Kibuke Dispensary,Bungoma,Level 2,Ministry of Health
Sego Dispensary,Elegeyo-Marakwet,Level 2,Ministry of Health
Chifiri Dispensary (LATIF),Tana River,Level 2,Ministry of Health
Tumaini Medical Clinic (Makuyu),Murang'A,Level 2,Private Practice - Nurse / Midwifery
Woodpark Med Clinic,Murang'A,Level 2,Private Practice - Nurse / Midwifery
Mahianyu Dispensary,Laikipia,Level 2,Ministry of Health
Maranjau Dispensary,Murang'A,Level 2,Ministry of Health
GK Prisons Dispensary (Kiambu),Kiambu,Level 2,Ministry of Health
Irigiro Dispensary,Murang'A,Level 2,Ministry of Health
Kamahuha Dispensary,Murang'A,Level 2,Ministry of Health
Kambiti Health Centre,Murang'A,Level 3,Ministry of Health
Kieni Model Health Centre,Tharaka-Nithi,Level 3,Ministry of Health
Ndovu Health Centre,Taita Taveta,Level 3,Ministry of Health
Makere Dispensary,Tana River,Level 2,Ministry of Health
Oljabet Health Centre,Laikipia,Level 3,Ministry of Health
Namukuse Dispensary,Turkana,Level 2,Ministry of Health
Melwa Health Centre,Laikipia,Level 3,Ministry of Health
Sereng Dispensary,Kericho,Level 2,Ministry of Health
Kiambogo Dispensary (Naivasha),Nakuru,Level 2,Ministry of Health
Ziwani Dispensary,Taita Taveta,Level 2,Private Enterprise (Institution)
Ingavira Medical Clinic,Kakamega,Level 2,Private Practice - Nurse / Midwifery
Webuye Surgical,Bungoma,Level 2,Private Enterprise (Institution)
Kiruri Dispensary (Laikipia West),Laikipia,Level 2,Ministry of Health
Mt Longonot Hospital,Nakuru,Level 4,Private Practice - General Practitioner
Kilawa Dispensary,Kitui,Level 2,Ministry of Health
Mulemi Maternity Home,Nakuru,Level 3,Private Practice - General Practitioner
Naivasha (AIC) Medical Centre,Nakuru,Level 3,Christian Health Association of Kenya
Diwopa Health Centre,Nairobi,Level 3,Kenya Episcopal Conference-Catholic Secretariat
Matiliku District Hospital,Makueni,Level 4,Ministry of Health
St Joseph Hospital,Narok,Level 4,Kenya Episcopal Conference-Catholic Secretariat
Acode Medical Clinic Maungu,Taita Taveta,Level 2,Private Enterprise (Institution)
St Theresia of Jesus,Narok,Level 2,Private Enterprise (Institution)
Family Healthoptions Kenya (Nakuru),Nakuru,Level 3,Non-Governmental Organizations
Panda Flowers Medical Clinic,Nakuru,Level 2,Company Medical Service
St Mary Medical Clinic (Nakuru North),Nakuru,Level 2,Private Practice - Nurse / Midwifery
Ndongo Purple Clinic,Taita Taveta,Level 2,Private Practice - Nurse / Midwifery
Wangu Maternity Home,Nakuru,Level 3,Private Practice - Nurse / Midwifery
Msau Dispensary,Taita Taveta,Level 2,Ministry of Health
Likii Dispensary,Laikipia,Level 2,Public Institution
Kamawoi Dispensary,Kericho,Level 2,Ministry of Health
Dr Kiomes Clinic,Meru,Level 2,Private Practice - General Practitioner
Generations Medical Clinic,Murang'A,Level 2,Private Practice - Nurse / Midwifery
Kauwi Sub-District Hospital,Kitui,Level 4,Ministry of Health
Kositei Dispensary,Baringo,Level 2,Ministry of Health
Tangulbei Health Centre,Baringo,Level 2,Ministry of Health
Runyenjes District Hospital,Embu,Level 4,Ministry of Health
Nyatoto Health Centre,Homa Bay,Level 3,Ministry of Health
Waware Dispensary,Homa Bay,Level 2,Ministry of Health
St Luke's Health Centre (Mbita),Homa Bay,Level 3,Kenya Episcopal Conference-Catholic Secretariat
Kambi Ya Juu Catholic Dispensary (Isiolo),Isiolo,Level 2,Kenya Episcopal Conference-Catholic Secretariat
ACK Dispensary (Isiolo),Isiolo,Level 2,Christian Health Association of Kenya
Chwele Sub district hospital,Bungoma,Level 4,Ministry of Health
Kenya Navy (Mir) Hospital,Mombasa,Level 4,Armed Forces
Ahero County Hospital,Kisumu,Level 4,Ministry of Health
Macalder Sub-District Hospital,Migori,Level 4,Ministry of Health
Muthara Sub-District Hospital,Meru,Level 3,Ministry of Health
Letea Dispensary,Turkana,Level 2,Kenya Episcopal Conference-Catholic Secretariat
Kikumini Health Centre,Makueni,Level 3,Ministry of Health
Karuturi Hospital,Nakuru,Level 4,Company Medical Service
Kithyoko Mercy Medical Clinic,Machakos,Level 2,Private Enterprise (Institution)
St Elizabeth Nursing Home,Nakuru,Level 4,Private Practice - General Practitioner
Murgor Hills Dispensary,Uasin Gishu,Level 2,Ministry of Health
Olchobosei Clinic,Narok,Level 2,Private Enterprise (Institution)
GK Prison Dispensary (Malindi),Kilifi,Level 2,Ministry of Health
Khunyangu Sub-District Hospital,Busia,Level 3,Ministry of Health
Karurumo Rhtc,Embu,Level 3,Ministry of Health
Nyadenda Health Centre,Homa Bay,Level 3,Ministry of Health
Ang'iya Dispensary,Homa Bay,Level 2,Ministry of Health
Pala Health Centre,Homa Bay,Level 3,Ministry of Health
Kijauri Sub District Hospital,Nyamira,Level 4,Ministry of Health
Bukura Health Centre,Kakamega,Level 3,Ministry of Health
Kamoko Health Centre,Nyeri,Level 3,Ministry of Health
Gurar Health Centre,Wajir,Level 3,Ministry of Health
Mutionjuri Health Centre,Meru,Level 3,Ministry of Health
Raganga Health Centre,Kisii,Level 3,Ministry of Health
Ndaragwa Health Centre,Nyandarua,Level 3,Ministry of Health
Nimoli Medical Centre,Nairobi,Level 2,Private Enterprise (Institution)
Babadogo Medical Health Centre,Nairobi,Level 3,Private Enterprise (Institution)
Mt Kenya (ACK) Hospital,Kirinyaga,Level 3,Christian Health Association of Kenya
Malindi District Hospital,Kilifi,Level 4,Ministry of Health
Consolata Mission Hospital (Mathari),Nyeri,Level 4,Kenya Episcopal Conference-Catholic Secretariat
Mt Kenya Sub-District Hospital,Nyeri,Level 4,Ministry of Health
Kinoro Sub-District Hospital,Meru,Level 4,Ministry of Health
Wajir County Referral Hospital,Wajir,Level 4,Ministry of Health
Dr Rati S Shah,Mombasa,Level 2,Private Practice - General Practitioner
Nasewa Health Centre,Busia,Level 2,Ministry of Health
Magina Health Centre,Homa Bay,Level 3,Ministry of Health
Homa Lime Health Centre,Homa Bay,Level 3,Ministry of Health
Shiraha Health Centre,Kakamega,Level 3,Ministry of Health
Bushiri Health Centre,Kakamega,Level 3,Ministry of Health
Likoni District Hospital,Mombasa,Level 4,Ministry of Health
Sagana Sub-District Hospital,Kirinyaga,Level 4,Ministry of Health
Korondille Health Centre,Wajir,Level 3,Ministry of Health
Esiarambatsi Health Centre,Vihiga,Level 3,Ministry of Health
Isoge Health Centre,Nyamira,Level 3,Ministry of Health
Naari Health Centre,Meru,Level 3,Ministry of Health
Maina & Mwangi Health Centre,Nyandarua,Level 3,Ministry of Health
Kepchomo Tea Dispensary,Nandi,Level 2,Company Medical Service
Nyang'oma Sub county Hospital,Kisumu,Level 3,Ministry of Health
Nairobi West Chidren Clinic,Nairobi,Level 2,Private Enterprise (Institution)
Kebirigo Mission Health Centre,Nyamira,Level 3,Christian Health Association of Kenya
Matongo Health Centre,Nyamira,Level 3,Christian Health Association of Kenya
Nyamaiya Health Centre,Nyamira,Level 3,Ministry of Health
Nguni Health Centre,Kitui,Level 3,Ministry of Health
Wamagana Health Centre,Nyeri,Level 3,Ministry of Health
Ratta Health Centre,Kisumu,Level 3,Ministry of Health
Karimba Dispensary,Tharaka-Nithi,Level 2,Ministry of Health
Masyungwa Health Centre,Kitui,Level 3,Ministry of Health
Kibugu Health Centre,Embu,Level 3,Ministry of Health
Bora Bora Clinic,Homa Bay,Level 2,Private Enterprise (Institution)
Kangemi Health Centre,Nairobi,Level 3,Ministry of Health
Garrison Health Centre,Nairobi,Level 3,Armed Forces
Wanjerere Dispensary,Murang'A,Level 2,Ministry of Health
Rageng'ni Dispensary,Siaya,Level 2,Ministry of Health
Gacharageini Dispensary,Murang'A,Level 2,Ministry of Health
Kairungu Dispensary (Mwingi),Kitui,Level 2,Ministry of Health
Ouya Dispensary,Siaya,Level 2,Ministry of Health
Diani Dispensary,Nairobi,Level 2,Private Enterprise (Institution)
Matumaini Dispensary,Nakuru,Level 2,Other Faith Based
Ngamba Dispensary,Murang'A,Level 2,Private Enterprise (Institution)
Good Samaritan Dispensary,Nairobi,Level 2,Private Enterprise (Institution)
Gertrudes Othaya Road Dispensary,Nairobi,Level 2,Private Enterprise (Institution)
Round About Medical Dispensary,Nairobi,Level 2,Private Enterprise (Institution)
Isibania Mission Health Centre,Migori,Level 3,Kenya Episcopal Conference-Catholic Secretariat
St Kizito Health Centre,Migori,Level 3,Kenya Episcopal Conference-Catholic Secretariat
Kianyaga Catholic Health Centre,Kirinyaga,Level 3,Kenya Episcopal Conference-Catholic Secretariat
Kabiro Medical Clinic,Nairobi,Level 3,Non-Governmental Organizations
Witu Health Centre,Lamu,Level 3,Ministry of Health
Chepterit Mission Health Centre,Nandi,Level 3,Kenya Episcopal Conference-Catholic Secretariat
St Ursula Dispensary,Trans Nzoia,Level 2,Other Faith Based
Omboga Dispensary,Homa Bay,Level 2,Ministry of Health
Ngangani Dispensary,Kitui,Level 2,Ministry of Health
Dr Muasya Medical Clinic,Nairobi,Level 2,Private Practice - General Practitioner
Kalisasi Health Centre,Kitui,Level 3,Ministry of Health
Kalanga Dispensary,Kitui,Level 2,Ministry of Health
Sun-Shine Medical Clinic,Nakuru,Level 2,Private Practice - Nurse / Midwifery
Baricho Dispensary (Malindi),Kilifi,Level 2,Ministry of Health
Nyambari Geke Dispensary,Nyamira,Level 2,Ministry of Health
Ikobe Health Centre(Manga),Nyamira,Level 3,Ministry of Health
King'orani Prison Dispensary,Mombasa,Level 2,Ministry of Health
Ng'ombeni Dispensary,Kwale,Level 2,Ministry of Health
Mansa Nomadic Clinic,Wajir,Level 2,Ministry of Health
Mwananyamala (CDF) Dispensary,Kwale,Level 2,Ministry of Health
Nziu Health Centre,Makueni,Level 3,Ministry of Health
Chugu Dispensary,Meru,Level 2,Ministry of Health
Subuku Dispensary (Nyandarua North),Nyandarua,Level 2,Ministry of Health
Karandini Dispensary,Tharaka-Nithi,Level 2,Ministry of Health
Neissuit Dispensary,Nakuru,Level 2,Ministry of Health
Mkwiro Dispensary,Kwale,Level 2,Ministry of Health
Madunguni Dispensary,Kilifi,Level 2,Ministry of Health
Kinarani Dispensary,Kilifi,Level 2,Ministry of Health
Sacred Heart Dispensary,Kiambu,Level 2,Other Faith Based
Kiseuni Dispensary (Kitui),Kitui,Level 2,Ministry of Health
Yatwa Dispensary,Kitui,Level 2,Ministry of Health
Kipngchoch Medical Clinic,Nakuru,Level 2,Private Practice - Nurse / Midwifery
Gichiche Dispensary,Embu,Level 2,Ministry of Health
Alinjugur Health Centre,Garissa,Level 3,Ministry of Health
Kamenjo Dispensary,Bungoma,Level 2,Ministry of Health
Canaan (ACK) Medical Clinic,Nakuru,Level 2,Christian Health Association of Kenya
Bosiango Health Centre,Nyamira,Level 3,Ministry of Health
Kathangacini Dispensary,Tharaka-Nithi,Level 2,Ministry of Health
Bware Dispensary,Migori,Level 2,Ministry of Health
Ribe Dispensary,Kilifi,Level 2,Ministry of Health
Gobei  Health Centre,Siaya,Level 3,Ministry of Health
Mtwapa Health Centre,Kilifi,Level 3,Ministry of Health
Silibwet Health Centre (Nyandaruawest),Nyandarua,Level 3,Ministry of Health
Shimo La Tewa Annex Dispensary (GK Prison),Mombasa,Level 2,Ministry of Health
Argane Dispensary,Wajir,Level 2,Ministry of Health
Kakeani Dispensary,Kitui,Level 2,Ministry of Health
Njoki Dispensary,Nyeri,Level 2,Ministry of Health
Ndemi Health Centre,Nyandarua,Level 3,Ministry of Health
Ihuririo Dispensary,Nyeri,Level 2,Ministry of Health
Sango Rota Dispensary,Kisumu,Level 2,Ministry of Health
Divine Mercy Eldoro (Catholic) Dispensary,Taita Taveta,Level 2,Other Faith Based
Bar Ndege Dispensary,Siaya,Level 2,Ministry of Health
Hope Medical Clinic (Nakuru),Nakuru,Level 2,Private Practice - Nurse / Midwifery
Emaroro Dispensary,Kajiado,Level 2,Ministry of Health
Githunguri Medical Plaza Clinic,Kiambu,Level 2,Private Practice - Nurse / Midwifery
Ikombe Dispensary,Machakos,Level 2,Ministry of Health
Watuka Dispensary,Nyeri,Level 2,Ministry of Health
Makararangwe Dispensary,Migori,Level 2,Ministry of Health
Chemuswo Dispensary,Nandi,Level 2,Ministry of Health
Wasini Dispensary,Kwale,Level 2,Ministry of Health
Kigoro Dispensary,Murang'A,Level 2,Ministry of Health
Shangia Dispensary,Kilifi,Level 2,Ministry of Health
Oldorko Dispensary,Kajiado,Level 2,Ministry of Health
God Jope Dispensary,Migori,Level 2,Ministry of Health
Alimaow Health Centre,Wajir,Level 3,Ministry of Health
Moi Airport Dispensary,Mombasa,Level 2,Ministry of Health
Mulundi Dispensary,Kitui,Level 2,Ministry of Health
Esitsaba Dispensary,Vihiga,Level 2,Ministry of Health
Mansa Health Centre,Wajir,Level 3,Ministry of Health
Kombeni Dispensary,Kilifi,Level 2,Ministry of Health
Kipsigak Dispensary (Nandi),Nandi,Level 2,Ministry of Health
Township Dispensary (Kitui),Kitui,Level 2,Ministry of Health
Sabuli Nomadic Dispensary,Wajir,Level 2,Ministry of Health
Kikesa Dispensary,Machakos,Level 2,Ministry of Health
Kari Health Clinic,Kiambu,Level 2,Ministry of Health
Lwandanyi Dispensary,Bungoma,Level 2,Ministry of Health
Gsu Field Dispensary (Kajiado),Kajiado,Level 2,Public Institution
Mukangu Health Centre,Kirinyaga,Level 3,Ministry of Health
Nacoharg Medical Centre,Nakuru,Level 2,Non-Governmental Organizations
Kabete Approved School Dispensary,Nairobi,Level 2,Ministry of Health
Rwathia Dispensary,Murang'A,Level 2,Ministry of Health
Dagamra Dispensary,Kilifi,Level 2,Ministry of Health
Banisa Sub County Hospital,Mandera,Level 4,Ministry of Health
Silaloni Dispensary,Kwale,Level 2,Ministry of Health
GK Prison Dispensary (Gathigiriri ),Kirinyaga,Level 2,Ministry of Health
Anding'o Opanga Dispensary,Kisumu,Level 2,Ministry of Health
Ndau Dispensary,Lamu,Level 2,Ministry of Health
Tiinei Dispensary,West Pokot,Level 2,Ministry of Health
Gesima Health Centre,Nyamira,Level 3,Ministry of Health
Nyagancha Dispensary,Nyamira,Level 2,Ministry of Health
Riat Dispensary,Kisumu,Level 2,Ministry of Health
Kamaindi Dispensary,Tharaka-Nithi,Level 2,Ministry of Health
Mwangate Dispensary,Nakuru,Level 2,Ministry of Health
Matsangoni Model Health Centre,Kilifi,Level 3,Ministry of Health
Wagai Dispensary,Siaya,Level 2,Ministry of Health
Olkiramatian Dispensary,Kajiado,Level 2,Ministry of Health
Kinyaata Dispensary,Machakos,Level 2,Ministry of Health
Assumption Sisters Dispensary,Elegeyo-Marakwet,Level 2,Other Faith Based
Kevote Catholic Dispensary,Embu,Level 2,Kenya Episcopal Conference-Catholic Secretariat
Libahlow Nomadic Clinic,Garissa,Level 2,Ministry of Health
Holy Family Oriang Mission Dispensary,Homa Bay,Level 2,Kenya Episcopal Conference-Catholic Secretariat
Bubisa Dispensary,Marsabit,Level 2,Ministry of Health
Kalacha (AIC) Dispensary,Marsabit,Level 2,Christian Health Association of Kenya
Lower Kabete Dispensary (Kabete),Nairobi,Level 2,Ministry of Health
Ematsuli Dispensary,Vihiga,Level 2,Ministry of Health
Rgc Jipe Moyo Dispensary,Nairobi,Level 2,Christian Health Association of Kenya
St Mary (ACK) Mugumo Dispensary,Kirinyaga,Level 2,Christian Health Association of Kenya
Itugururu Dispensary,Tharaka-Nithi,Level 2,Christian Health Association of Kenya
Kemera Dispensary (Manga),Nyamira,Level 2,Christian Health Association of Kenya
St Barnabas Dispensary,Migori,Level 2,Christian Health Association of Kenya
Awasi Mission Health Center,Kisumu,Level 3,Kenya Episcopal Conference-Catholic Secretariat
Metaburo Health Centre,Kisii,Level 3,Kenya Episcopal Conference-Catholic Secretariat
Githure (ACK) Dispensary,Kirinyaga,Level 2,Christian Health Association of Kenya
GK Prison Dispensary (Ruiru),Kiambu,Level 2,Public Institution
Giribe Dispensary,Migori,Level 2,Ministry of Health
Uhuru Camp Dispensary (O P Admin Police),Nairobi,Level 2,Armed Forces
Kisii Campus Dispensary,Kisii,Level 2,Public Institution
Merueshi Village Community Health Centre,Kajiado,Level 2,Non-Governmental Organizations
Kiereni Dispensary,Tharaka-Nithi,Level 2,Ministry of Health
Kitheuni Dispensary,Machakos,Level 2,Ministry of Health
Amuma Mobile Dispensary,Garissa,Level 2,Ministry of Health
Rangwe (SDA) Dispensary,Homa Bay,Level 2,Christian Health Association of Kenya
Emusanda Dispensary,Kakamega,Level 2,Ministry of Health
Aguthi Dispensary,Nyeri,Level 2,Ministry of Health
Kiangai Health Centre,Kirinyaga,Level 3,Ministry of Health
Forolle Dispensary,Marsabit,Level 2,Ministry of Health
Nyakuru Dispensary,Migori,Level 2,Ministry of Health
Hadado Health Centre,Wajir,Level 3,Ministry of Health
Arito Langi Dispensary,Kisumu,Level 2,Ministry of Health
Lukore Dispensary,Kwale,Level 2,Ministry of Health
Ndururumo Dispensary,Kiambu,Level 2,Ministry of Health
GK Prison Dispensary (Murang'a),Murang'A,Level 2,Ministry of Health
Omobera Dispensary,Kisii,Level 2,Ministry of Health
Mitubiri Dispensary,Murang'A,Level 2,Ministry of Health
Kotulo Health Centre (Mandera Central),Mandera,Level 3,Ministry of Health
Nkathiari Dispensary,Meru,Level 2,Ministry of Health
Miangeni Dispensary (Mbooni),Makueni,Level 2,Ministry of Health
Ngomeni Dispensary (Malindi),Kilifi,Level 2,Ministry of Health
Kagwa Health Centre,Siaya,Level 3,Ministry of Health
Kibera Human Development Clinic,Nairobi,Level 2,Non-Governmental Organizations
Kaanwa Dispensary,Tharaka-Nithi,Level 2,Christian Health Association of Kenya
Euvan Medical Clinic,Nakuru,Level 2,Private Practice - Nurse / Midwifery
Shirikisho Dispensary,Homa Bay,Level 2,Other Faith Based
Matata Nursing Hospital,Homa Bay,Level 4,Other Faith Based
Nyachogochogo Dispensary,Kisii,Level 2,Ministry of Health
Kwa Ng'ang'a Medicare,Murang'A,Level 2,Private Practice - Nurse / Midwifery
Kehancha Nursing and Maternity Home,Migori,Level 3,Private Enterprise (Institution)
Mainland Health Centre (Magongo),Mombasa,Level 2,Private Enterprise (Institution)
Nyansiongo Nursing Home,Nyamira,Level 3,Private Enterprise (Institution)
Kibera South (Msf Belgium) Health Centre,Nairobi,Level 3,Non-Governmental Organizations
Kumpa Cmf Dispensary,Kajiado,Level 2,Non-Governmental Organizations
Kathonzweni Catholic Dispensary,Makueni,Level 2,Kenya Episcopal Conference-Catholic Secretariat
Catholic University Dispensary,Nairobi,Level 2,Kenya Episcopal Conference-Catholic Secretariat
Mulango (AIC) Health Centre,Kitui,Level 2,Christian Health Association of Kenya
Watamu (SDA) Dispensary,Kilifi,Level 2,Christian Health Association of Kenya
Othaya Catholic Dispensary,Nyeri,Level 2,Kenya Episcopal Conference-Catholic Secretariat
St Martin De Porres (Static),Nakuru,Level 2,Kenya Episcopal Conference-Catholic Secretariat
Saro Dispensary,Migori,Level 2,Ministry of Health
Njegas Health Centre,Kirinyaga,Level 3,Ministry of Health
Hindi Magogoni Dispensary,Lamu,Level 2,Ministry of Health
Port Health Dispensary (Wajir East),Wajir,Level 2,Ministry of Health
Kanyenyaini Health Centre,Murang'A,Level 3,Ministry of Health
Ndunyu Chege Dispensary,Murang'A,Level 2,Ministry of Health
Dr Waihenya,Kiambu,Level 2,Private Practice - General Practitioner
Lamorna Farm Clinic,Nakuru,Level 2,Company Medical Service
Dr Kimani Gicharo Clinic,Kiambu,Level 2,Private Practice - General Practitioner
New Ngei Road Nursing Home,Machakos,Level 3,Private Practice - Clinical Officer
Mbici Dispensary,Kiambu,Level 2,Ministry of Health
Omogwa Dispensary,Kisii,Level 2,Ministry of Health
Kiamutugu CFW Clinic,Kirinyaga,Level 2,Private Practice - Nurse / Midwifery
Marsabit Modern Medical Clinic,Marsabit,Level 2,Private Practice - Nurse / Midwifery
Kirathimo Medical Clinic,Kiambu,Level 2,Private Practice - Nurse / Midwifery
Kairi Medical Clinic,Kiambu,Level 2,Private Practice - Nurse / Midwifery
Afya Bora Medical Clinic (Muchagara),Kirinyaga,Level 2,Private Practice - Nurse / Midwifery
Jamii Clinic (Lamu),Lamu,Level 2,Private Practice - Clinical Officer
Kiamwathi Medical Clinic,Nyeri,Level 2,Private Practice - Clinical Officer
Gitata Medical Clinic,Nyeri,Level 2,Private Practice - Clinical Officer
Highway Medical Clinic (Kirinyaga),Kirinyaga,Level 2,Private Practice - Clinical Officer
Usenge Dispensary,Siaya,Level 2,Ministry of Health
Baolala Dispensary,Kilifi,Level 2,Ministry of Health
Grace Baricho Clinic,Kirinyaga,Level 2,Private Practice - Nurse / Midwifery
Wayside Clinic,Nakuru,Level 2,Private Practice - Nurse / Midwifery
Dr Wachira,Kiambu,Level 2,Private Practice - General Practitioner
Mwangulu Dispensary,Kwale,Level 2,Ministry of Health
Mwingi Nursing Home,Kitui,Level 3,Private Practice - Nurse / Midwifery
Faith Medical Clinic (Nyeri North),Nyeri,Level 2,Private Practice - Nurse / Midwifery
Aquilla Farm Medical Clinic,Nakuru,Level 2,Company Medical Service
Viewpoint Clinic,Murang'A,Level 2,Private Enterprise (Institution)
New Avenue Medical Clinic,Meru,Level 2,Private Enterprise (Institution)
Family Care Medical Clinic,Kiambu,Level 2,Private Practice - Nurse / Midwifery
Kithoka Outreach Clinic,Meru,Level 2,Private Enterprise (Institution)
Rongai First Medical Centre,Kajiado,Level 2,Private Enterprise (Institution)
Aga Khan University Hospital (Buruburu),Nairobi,Level 2,Private Enterprise (Institution)
St Margret Family Care Clinic,Kiambu,Level 2,Private Enterprise (Institution)
Othaya Medical Clinic,Kiambu,Level 2,Private Practice - Nurse / Midwifery
Arrow Web Maternity and Nursing Home,Nairobi,Level 3,Non-Governmental Organizations
Glory Medical Clinic,Kiambu,Level 2,Private Enterprise (Institution)
Mountain Medical Clinic,Marsabit,Level 2,Private Practice - Nurse / Midwifery
Tezo Community Health Care,Kilifi,Level 2,Private Practice - Nurse / Midwifery
Afya Bora Medical Clinic (CFW Clinic Gichugu),Kirinyaga,Level 2,Private Practice - Nurse / Midwifery
Mama Margaret Medical Clinic,Kiambu,Level 2,Private Practice - Nurse / Midwifery
Korwenje Dispensary,Kisumu,Level 2,Ministry of Health
Materi Girls Dispensary,Tharaka-Nithi,Level 2,Other Faith Based
Kabras Action Group (KAG) Clinic,Kakamega,Level 2,Company Medical Service
Kagwe Catholic Dispensary,Kiambu,Level 2,Kenya Episcopal Conference-Catholic Secretariat
Bondeni Maternity,Nakuru,Level 3,Ministry of Health
Amurt Health Centre (Likoni),Mombasa,Level 2,Private Enterprise (Institution)
Kibwezi Health Care Clinic,Makueni,Level 2,Private Enterprise (Institution)
St Mark Medical Clinic (Nairobi East),Nairobi,Level 2,Private Enterprise (Institution)
Jamii Medical Clinic (Malindi),Kilifi,Level 2,Private Practice - Nurse / Midwifery
Mavoko Medical Clinic,Machakos,Level 2,Private Enterprise (Institution)
Santa Maria Medical Clinic,Mombasa,Level 2,Private Enterprise (Institution)
Mowlana Medical Clinic,Mandera,Level 2,Private Enterprise (Institution)
Community Medical and Lab Services Clinic,Samburu,Level 2,Private Practice - Clinical Officer
Mirigamieru Health Facility,Meru,Level 2,Private Enterprise (Institution)
Meru Medical Plaza,Meru,Level 2,Private Enterprise (Institution)
Eastern Consultans Laboratory,Meru,Level 2,Private Enterprise (Institution)
Kiramburune Medical Clinic,Meru,Level 2,Private Enterprise (Institution)
Lelmolok Nursing Home,Uasin Gishu,Level 3,Private Enterprise (Institution)
Jetma Clinic,Embu,Level 2,Private Enterprise (Institution)
Dr B K Njuguna,Kirinyaga,Level 2,Private Practice - General Practitioner
Ikanga Sub-District Hospital,Kitui,Level 4,Ministry of Health
Shimo La Tewa High School Dispensary,Mombasa,Level 2,Private Enterprise (Institution)
Pims Medical Clinic,Samburu,Level 2,Private Practice - Nurse / Midwifery
Jamii Health Care Clinic (Kisauni),Mombasa,Level 2,Private Practice - Clinical Officer
Stanbridge Care Centre,Kilifi,Level 2,Private Practice - Clinical Officer
Crystal Medical Centre,Mombasa,Level 2,Private Practice - General Practitioner
Bamburi Medicare,Mombasa,Level 2,Private Enterprise (Institution)
St Immaculate Clinic,Machakos,Level 2,Private Enterprise (Institution)
Piemu Medical Clinic,Kiambu,Level 2,Private Practice - Nurse / Midwifery
Siloam Medical Centre,Kiambu,Level 2,Private Enterprise (Institution)
Kiahuria Medical Clinic,Kiambu,Level 2,Private Enterprise (Institution)
Msikiti Noor Medical Clinic,Mombasa,Level 2,Private Enterprise (Institution)
Corner Chaani Medical Clinic,Mombasa,Level 2,Other Faith Based
Junju Dispensary,Kilifi,Level 2,Ministry of Health
Githunguri Heathwatch Clinic,Kiambu,Level 2,Private Practice - General Practitioner
Stella Maris Medical Clinic,Mombasa,Level 2,Kenya Episcopal Conference-Catholic Secretariat
Senior Staff Medical Clinic (MCM),Mombasa,Level 2,Ministry of Health
Kyatune Health Centre,Kitui,Level 3,Ministry of Health
Kihia Medical Clinic,Nakuru,Level 2,Private Practice - Clinical Officer
Likoni Catholic Dispensary,Mombasa,Level 2,Kenya Episcopal Conference-Catholic Secretariat
St Joseph (EDARP) Clinic,Nairobi,Level 2,Kenya Episcopal Conference-Catholic Secretariat
Coptic Medical Clinic,Nairobi,Level 2,Christian Health Association of Kenya
Rolex Medical Clinic,Meru,Level 2,Private Enterprise (Institution)
Marie Stopes Clinic (Imenti North),Meru,Level 2,Non-Governmental Organizations
Dandora (EDARP) Clinic,Nairobi,Level 2,Kenya Episcopal Conference-Catholic Secretariat
EDARP Donholm Clinic,Nairobi,Level 2,Kenya Episcopal Conference-Catholic Secretariat
Nyambunwa Medical Clinic,Kisii,Level 2,Private Enterprise (Institution)
Annex Clinic (Kenyenya),Kisii,Level 2,Private Enterprise (Institution)
Lea Toto Clinic Kariobangi South,Nairobi,Level 2,Non-Governmental Organizations
Vikwatani Community Medical Clinic,Mombasa,Level 2,Private Practice - Nurse / Midwifery
Airport View Medical Clinic,Mombasa,Level 2,Private Enterprise (Institution)
Mjeni Medical Clinic,Mombasa,Level 2,Private Enterprise (Institution)
Gede Medical Clinic,Kilifi,Level 2,Private Enterprise (Institution)
San Marco Project Clinic,Kilifi,Level 2,Private Practice - Nurse / Midwifery
Kadzinuni Dispensary,Kilifi,Level 2,Ministry of Health
Kisesini Dispensary,Machakos,Level 2,Ministry of Health
St Lukes Cottage Hospital,Meru,Level 3,Kenya Episcopal Conference-Catholic Secretariat
Sun-Shine Medical Clinic Annex,Nakuru,Level 2,Private Practice - Clinical Officer
Dave Laboratory,Kirinyaga,Level 2,Private Enterprise (Institution)
Highway Medical Enterprises,Kirinyaga,Level 2,Private Enterprise (Institution)
Oasis Diagnostic Laboratory,Marsabit,Level 2,Private Enterprise (Institution)
Milimani Hospital,Kisumu,Level 4,Private Enterprise (Institution)
Marie Stopes Mombasa Nursing Home,Mombasa,Level 3,Private Practice - General Practitioner
Bishop Kioko Catholic Hospital,Machakos,Level 4,Kenya Episcopal Conference-Catholic Secretariat
St Joseph Mission Hospital,Migori,Level 3,Kenya Episcopal Conference-Catholic Secretariat
Tudor District Hospital (Mombasa),Mombasa,Level 3,Ministry of Health
Avenue Hospital,Nairobi,Level 4,Private Enterprise (Institution)
Pastor Machage Memorial Hospital,Migori,Level 4,Private Enterprise (Institution)
St John Hospital,Nairobi,Level 3,Private Enterprise (Institution)
Mother & Child Hospital,Nairobi,Level 3,Private Enterprise (Institution)
Family Health Options Kenya Clinic,Kiambu,Level 3,Non-Governmental Organizations
Conerstone Clinic,Nairobi,Level 2,Christian Health Association of Kenya
Gaturi Medical Clinic,Murang'A,Level 2,Private Enterprise (Institution)
Mwavizi Medical Clinic,Kilifi,Level 2,Private Practice - Nurse / Midwifery
Boma La Tumaini VCT,Kajiado,Level 2,Kenya Episcopal Conference-Catholic Secretariat
Githunguri Health Services Clinic,Kiambu,Level 2,Private Practice - Clinical Officer
Taveta Meditech Centre,Taita Taveta,Level 2,Private Practice - Clinical Officer
Kiroo Clinic,Tharaka-Nithi,Level 2,Private Practice - Clinical Officer
Khems Medical Clinic,Nakuru,Level 2,Private Practice - Clinical Officer
Gilgil Community Medical Clinic,Nakuru,Level 2,Private Practice - Nurse / Midwifery
St Monica Medical Clinic (Dundori),Nakuru,Level 2,Private Practice - Nurse / Midwifery
Heshima Medical Clinic (Nakuru North),Nakuru,Level 2,Private Practice - Nurse / Midwifery
Ndonyo Medical Clinic,Nakuru,Level 2,Private Practice - General Practitioner
Kagaa Dispensary,Kiambu,Level 2,Ministry of Health
Sosiana Dispensary,Narok,Level 2,Ministry of Health
St Mark Maternity,Machakos,Level 3,Private Enterprise (Institution)
Kenya Methodist University Dispensary,Meru,Level 2,Academic
Kemri VCT,Nairobi,Level 2,Ministry of Health
Kunene Dispensary,Meru,Level 2,Ministry of Health
Katangi Mission Dispensary,Machakos,Level 3,Kenya Episcopal Conference-Catholic Secretariat
Riabai Dispensary,Kiambu,Level 2,Ministry of Health
Lomelo Dispensary,Turkana,Level 2,Ministry of Health
Kaptech Dispensary,Vihiga,Level 2,Ministry of Health
Masurura Dispensary,Narok,Level 2,Ministry of Health
Kimogoi Dispensary,Vihiga,Level 2,Ministry of Health
Maasai Nursing Home,Narok,Level 3,Private Enterprise (Institution)
Beta Care Nursing Home,Kiambu,Level 3,Private Enterprise (Institution)
Nyonjoro Maternity Home,Nakuru,Level 2,Private Enterprise (Institution)
Top Choice Maternity and Nursing Home,Laikipia,Level 2,Private Enterprise (Institution)
Ndatani Dispensary,Kitui,Level 2,Ministry of Health
Kenol Hospital,Murang'A,Level 3,Private Enterprise (Institution)
Yongela Dispensary,Kitui,Level 2,Ministry of Health
Tugumoi Dispensary (Lembus Kwen),Baringo,Level 2,Ministry of Health
Chemasis Maternity Home,Nakuru,Level 2,Private Practice - Nurse / Midwifery
Lopedur Dispensary,Turkana,Level 2,Ministry of Health
Kabitungu Dispensary,Kericho,Level 2,Ministry of Health
Matulo Dispensary,Bungoma,Level 2,Ministry of Health
Bungwet Dispensary,Elegeyo-Marakwet,Level 2,Ministry of Health
Koitebes Dispensary,Baringo,Level 2,Ministry of Health
Kapkisiara Dispensary,Kericho,Level 2,Ministry of Health
Kunya Dispensary,Siaya,Level 2,Ministry of Health
Arsim Lutheran Dispensary,Samburu,Level 2,Christian Health Association of Kenya
Katangi Health Centre,Machakos,Level 3,Ministry of Health
Igwamiti Dispensary,Nakuru,Level 2,Ministry of Health
Sumek Dispensary,Nakuru,Level 2,Ministry of Health
Kandutura Dispensary,Nakuru,Level 2,Ministry of Health
Sangekoro Dispensary,Taita Taveta,Level 2,Ministry of Health
Sagaighu Dispensary,Taita Taveta,Level 2,Ministry of Health
Dede Dispensary,Migori,Level 2,Ministry of Health
Mrughua Dispensary,Taita Taveta,Level 2,Ministry of Health
Getarwet Dispensary,Kericho,Level 2,Ministry of Health
Tulwet Dispensary (Buret),Kericho,Level 2,Ministry of Health
Mosore Dispensary,Kericho,Level 2,Ministry of Health
Khalumuli Dispensary,Bungoma,Level 2,Public Institution
Kiptulos Dispensary,Elegeyo-Marakwet,Level 2,Public Institution
Sumbeiywet Dispensary,Elegeyo-Marakwet,Level 2,Ministry of Health
Mungwa Dispensary,Elegeyo-Marakwet,Level 2,Ministry of Health
Kapchebau Dispensary,Elegeyo-Marakwet,Level 2,Ministry of Health
Chesiyo Dispensary,Elegeyo-Marakwet,Level 2,Public Institution
Equator Health Centre,Baringo,Level 3,Ministry of Health
Mahanga Dispensary (Bokoli),Bungoma,Level 2,Public Institution
Othoch Rakuom Dispensary,Migori,Level 2,Ministry of Health
Kieni Kia Ndege Dispensary,Meru,Level 2,Ministry of Health
Lamba Medical Clinic,Machakos,Level 2,Private Enterprise (Institution)
Mukhe Dispensary,Bungoma,Level 2,Ministry of Health
Kaptembwo Dispensary,Bomet,Level 2,Ministry of Health
Satiet Dispensary,Bomet,Level 2,Ministry of Health
Toniok Dispensary,Baringo,Level 2,Ministry of Health
Kabimoi Dispensary,Baringo,Level 2,Ministry of Health
Nameyana Dispensary,Turkana,Level 2,Ministry of Health
Kakwanyang Dispensary,Turkana,Level 2,Ministry of Health
Chepkoton Dispensary,Kericho,Level 2,Ministry of Health
Kanawoi Dispensary,Turkana,Level 2,Ministry of Health
Naoros Dispensary,Turkana,Level 2,Ministry of Health
Kanaodon Dispensary,Turkana,Level 2,Ministry of Health
Lokapel Dispensary,Turkana,Level 2,Ministry of Health
Kaptoboiti Dispensary,Kericho,Level 2,Ministry of Health
Kapsomboch Dispensary,Kericho,Level 2,Ministry of Health
Kihato Dispensary,Laikipia,Level 2,Public Institution
Nturukuma Dispensary,Laikipia,Level 2,Ministry of Health
Lorengelup Dispensary,Turkana,Level 2,Ministry of Health
Muting'ong'o Dispensary,Kakamega,Level 2,Ministry of Health
Kapchebar Dispensary,Elegeyo-Marakwet,Level 2,Ministry of Health
Kapletingi Dispensary,Elegeyo-Marakwet,Level 2,Ministry of Health
Lorengippi Dispensary,Turkana,Level 2,Ministry of Health
Locheremoit Dispensary,Turkana,Level 2,Ministry of Health
Chepseon Dispensary,Kericho,Level 2,Ministry of Health
Lomil Dispensary,Turkana,Level 2,Ministry of Health
Tumaini Medical Clinic (Nyeri North),Nyeri,Level 2,Private Enterprise (Institution)
Mosoriot TTC Dispensary,Nandi,Level 2,Academic
10 Engineer VCT,Laikipia,Level 2,Armed Forces
Kapua Dispensary,Turkana,Level 2,Ministry of Health
Chebewor Dispensary,Kericho,Level 2,Ministry of Health
Iraa Dispensary,Kericho,Level 2,Ministry of Health
Meguara Dispensary,Narok,Level 2,Ministry of Health
Njipiship Dispensary,Narok,Level 2,Ministry of Health
Ligega Health Centre,Siaya,Level 3,Ministry of Health
Loturerei Dispensary,Turkana,Level 2,Ministry of Health
Lukusi Dispensary,Bungoma,Level 2,Public Institution
GK Prison Dispensary ( Bungoma South),Bungoma,Level 2,Public Institution
Kapindasim Dispensary,Baringo,Level 2,Ministry of Health
Keringani Dispensary,Narok,Level 2,Ministry of Health
Baraka Medical Clinic (Lamu),Lamu,Level 2,Private Practice - Clinical Officer
Gacharage Dispensary,Murang'A,Level 2,Ministry of Health
Mashangwa Dispensary,Narok,Level 2,Ministry of Health
Gianchuku Dispensary,Tharaka-Nithi,Level 2,Ministry of Health
Ikaatini Dispensary,Machakos,Level 2,Ministry of Health
Iuuma Dispensary,Machakos,Level 2,Ministry of Health
Jepkoyai Dispensary,Vihiga,Level 2,Ministry of Health
Kiairugu Dispensary,Tharaka-Nithi,Level 2,Ministry of Health
Itunduimuni Health Centre,Machakos,Level 3,Ministry of Health
Wenje Dispensary,Tana River,Level 2,Ministry of Health
Kondamet Dispensary,Narok,Level 2,Ministry of Health
GK Prison Annex Dispensary (Naivasha),Nakuru,Level 2,Public Institution
Ilengi Dispensary,Kitui,Level 2,Ministry of Health
Ochii Dispensary,Baringo,Level 2,Ministry of Health
Sandai Dispensary,Baringo,Level 2,Ministry of Health
Mogoiywet Dispensary,Narok,Level 2,Ministry of Health
Gikoe Dispensary,Murang'A,Level 2,Ministry of Health
Anmer Dispensary,Kiambu,Level 2,Ministry of Health
Kighombo Dispensary,Taita Taveta,Level 2,Ministry of Health
Kimorigho Dispensary,Taita Taveta,Level 2,Ministry of Health
GK Prisons Dispensary (Tana River),Tana River,Level 2,Ministry of Health
Githunguri Dispensary,Murang'A,Level 2,Ministry of Health
Ilkerin Dispensary (Narok South),Narok,Level 2,Ministry of Health
AIC Gituru Dispensary,Murang'A,Level 2,Christian Health Association of Kenya
Kaguthi Dispensary,Murang'A,Level 2,Ministry of Health
Miguta Dispensary,Kiambu,Level 2,Ministry of Health
Bughuta Health Centre,Taita Taveta,Level 3,Ministry of Health
Mihang'o Dispensary,Murang'A,Level 2,Ministry of Health
Gitiha Dispensary,Kiambu,Level 2,Ministry of Health
Waldena Dispensary,Tana River,Level 2,Ministry of Health
Oldanyati Health Centre,Narok,Level 3,Ministry of Health
Wayu Dispensary,Tana River,Level 2,Ministry of Health
Nadoto Dispensary,Turkana,Level 2,Ministry of Health
Osinoni Dispensary,Narok,Level 2,Ministry of Health
Kiprengwet Dispensary,Kericho,Level 2,Ministry of Health
Endei Dispensary,Machakos,Level 2,Ministry of Health
Chegulo Dispensary,Kakamega,Level 2,Ministry of Health
Chevoso Dispensary,Kakamega,Level 2,Ministry of Health
Kuresiet Dispensary,Narok,Level 2,Ministry of Health
Ukunda Primary Health Care Dispensary,Kwale,Level 2,Private Enterprise (Institution)
Kasigau Rdch,Taita Taveta,Level 3,Ministry of Health
Kinakoni Dispensary,Kitui,Level 2,Ministry of Health
Kiamuchairu Health Centre,Tharaka-Nithi,Level 3,Ministry of Health
Kikumini Dispensary,Machakos,Level 2,Ministry of Health
Langa Langa Health Centre,Nakuru,Level 3,Ministry of Health
Katyethoka Health Centre,Kitui,Level 3,Ministry of Health
Kithyoko Health Centre,Machakos,Level 3,Ministry of Health
Kiini Health Centre,Tharaka-Nithi,Level 3,Ministry of Health
Mukoe Dispensary,Murang'A,Level 2,Ministry of Health
Kariua Dispensary,Murang'A,Level 2,Ministry of Health
Kariti Dispensary,Murang'A,Level 2,Ministry of Health
Ngurweini Dispensary,Murang'A,Level 2,Ministry of Health
Kangari Health Centre,Murang'A,Level 3,Ministry of Health
Kanderendu Dispensary,Murang'A,Level 2,Ministry of Health
Muruka Dispensary,Murang'A,Level 2,Ministry of Health
Mutheru Dispensary,Murang'A,Level 2,Ministry of Health
Mukuria Dispensary,Murang'A,Level 2,Ministry of Health
Cianda Dispensary,Kiambu,Level 2,Ministry of Health
Muthithi Dispensary,Murang'A,Level 2,Ministry of Health
Beta Medical & Skin Clinic,Mombasa,Level 2,Private Enterprise (Institution)
Kithimani Dispensary,Machakos,Level 2,Ministry of Health
Mugumoini Dispensary (Muranga South),Murang'A,Level 2,Ministry of Health
Naaro Dispensary,Murang'A,Level 2,Ministry of Health
Kajire Dispensary,Taita Taveta,Level 2,Ministry of Health
Kiangachinyi Dispensary,Taita Taveta,Level 2,Ministry of Health
David Kayanda Dispensary,Taita Taveta,Level 2,Ministry of Health
Shiseso Health Centre,Kakamega,Level 3,Ministry of Health
Katilini Health Centre,Kitui,Level 3,Ministry of Health
Bahati Clinic,Nairobi,Level 2,Ministry of Health
Gathanga Dispensary,Kiambu,Level 2,Ministry of Health
Marungu Health Centre,Taita Taveta,Level 3,Ministry of Health
Mwambirwa Dispensary,Taita Taveta,Level 2,Ministry of Health
Mwanda Health Centre (Taita Taveta),Taita Taveta,Level 3,Ministry of Health
Ndome Dispensary (Taita),Taita Taveta,Level 2,Ministry of Health
Kirumi Dispensary,Tharaka-Nithi,Level 2,Ministry of Health
Katulye Dispensary,Machakos,Level 2,Ministry of Health
Kathukini Dispensary,Machakos,Level 2,Ministry of Health
Ndithini Health Centre,Machakos,Level 2,Ministry of Health
Ngetani Dispensary,Machakos,Level 2,Ministry of Health
Kalewa Dispensary,Tharaka-Nithi,Level 2,Ministry of Health
NYS (National Youth Service) Dispensary Yatta,Machakos,Level 2,Ministry of Health
Surgery Clinic,Kilifi,Level 2,Private Practice - Medical Specialist
Kiseuni Dispensary,Machakos,Level 2,Ministry of Health
Kitangani Dispensary,Machakos,Level 2,Ministry of Health
Kanziku Health Centre,Kitui,Level 3,Ministry of Health
Kyoani Dispensary,Kitui,Level 2,Ministry of Health
Kyondoni Dispensary ( Kivaa),Machakos,Level 2,Ministry of Health
Kasaala Health Centre,Kitui,Level 3,Ministry of Health
Kakongo Dispensary,Machakos,Level 2,Ministry of Health
Mukui Health Centre,Tharaka-Nithi,Level 3,Ministry of Health
Mukusu Dispensary,Machakos,Level 2,Ministry of Health
Mumbuni Dispensary (Maara),Tharaka-Nithi,Level 2,Ministry of Health
Muthesya Dispensary,Machakos,Level 2,Ministry of Health
Kwa-Mnegwa Dispensary,Taita Taveta,Level 2,Ministry of Health
Manyani Dispensary,Taita Taveta,Level 2,Ministry of Health
Dawson Mwanyumba Dispensary,Taita Taveta,Level 2,Ministry of Health
Ndakaini Clinic,Murang'A,Level 2,Private Enterprise (Institution)
Chewani Dispensary,Tana River,Level 2,Ministry of Health
Ghazi Dispensary,Taita Taveta,Level 2,Ministry of Health
Mutha Health Centre,Kitui,Level 3,Ministry of Health
Majengo Dispensary (Tana River),Tana River,Level 2,Ministry of Health
Dembwa Dispensary,Taita Taveta,Level 2,Ministry of Health
Kitobo Dispensary (Taveta),Taita Taveta,Level 2,Ministry of Health
Kishushe Dispensary,Taita Taveta,Level 2,Ministry of Health
Mbulia Dispensary,Taita Taveta,Level 2,Ministry of Health
Miasenyi Dispensary,Taita Taveta,Level 2,Ministry of Health
Mgange Nyika Health Centre,Taita Taveta,Level 3,Ministry of Health
Kamutei Health Centre,Kitui,Level 3,Ministry of Health
Olereko Dispensary,Narok,Level 2,Ministry of Health
Benmac Clinic,Nakuru,Level 2,Private Enterprise (Institution)
Frontline Clinic,Mombasa,Level 2,Private Enterprise (Institution)
Kayole I Health Centre,Nairobi,Level 3,Ministry of Health
Nyamathi Dispensary,Nakuru,Level 2,Ministry of Health
Nys Dispensary (Gilgil),Nakuru,Level 2,Ministry of Health
Nzoia Dispensary (Trans Nzoia East),Trans Nzoia,Level 2,Ministry of Health
Muricho Dispensary,Nakuru,Level 2,Ministry of Health
Mtaragon Health Centre,Kericho,Level 3,Ministry of Health
Motosiet Dispensary,Trans Nzoia,Level 2,Ministry of Health
Olkinyei Dispensary,Narok,Level 2,Ministry of Health
Miti-Mingi Dispensary,Nakuru,Level 2,Ministry of Health
Momoniat Health Centre,Kericho,Level 3,Ministry of Health
Morijo Loita Dispensary,Narok,Level 2,Ministry of Health
Mosiro Dispensary,Narok,Level 2,Ministry of Health
Chepngoror Dispensary,Uasin Gishu,Level 2,Ministry of Health
Chepnyal Dispensary,West Pokot,Level 2,Other Faith Based
Mutara Dispensary,Laikipia,Level 2,Ministry of Health
Chepsir Dispensary,Kericho,Level 2,Ministry of Health
Nys Dispensary (Keiyo),Elegeyo-Marakwet,Level 2,Ministry of Health
Oldepesi Dispensary,Bomet,Level 2,Ministry of Health
Motiret Dispensary,Bomet,Level 2,Ministry of Health
Pondeni Medical Clinic,Machakos,Level 2,Private Enterprise (Institution)
Kithimani Medical Clinic,Machakos,Level 2,Private Enterprise (Institution)
Mormorio Dispensary,Baringo,Level 2,Ministry of Health
Cheplambus Dispensary,Baringo,Level 2,Ministry of Health
Molok Dispensary,Baringo,Level 2,Ministry of Health
Ol-Arabel Dispensary,Baringo,Level 2,Ministry of Health
Sambut Dispensary,Uasin Gishu,Level 2,Ministry of Health
Chepkunyuk Dispensary (Kipkelion),Kericho,Level 2,Ministry of Health
Serem Health Centre (Nandi South),Nandi,Level 2,Ministry of Health
Sekenani Health Centre,Narok,Level 3,Ministry of Health
Soliat Dispensary,Kericho,Level 2,Ministry of Health
Sang'alo Dispensary,Nandi,Level 2,Ministry of Health
Chepkoiyo Dispensary,Nandi,Level 2,Ministry of Health
Olderkesi Dispensary,Narok,Level 2,Ministry of Health
Victoria Clinic,Migori,Level 2,Private Enterprise (Institution)
Mutethya Medical Clnic,Machakos,Level 2,Private Enterprise (Institution)
Nkareta Dispensary,Narok,Level 2,Ministry of Health
Muhotetu Dispensary,Laikipia,Level 2,Ministry of Health
Imani Medical Clinic (Kiambu West),Kiambu,Level 2,Private Practice - Nurse / Midwifery
Segero Dispensary (Segeroi/barsombe),Uasin Gishu,Level 2,Ministry of Health
Merewet Dispensary,Uasin Gishu,Level 2,Ministry of Health
Kisayani Health Centre,Kitui,Level 3,Ministry of Health
Mugumoini Dispensary (Kipkelion),Kericho,Level 2,Ministry of Health
Sisiya Dispensary,Elegeyo-Marakwet,Level 2,Ministry of Health
Sangurur Dispensary,Elegeyo-Marakwet,Level 2,Ministry of Health
Segut Dispensary,Elegeyo-Marakwet,Level 2,Ministry of Health
Nyaru Dispensary,Elegeyo-Marakwet,Level 2,Ministry of Health
Saruchat Dispensary,Bomet,Level 2,Ministry of Health
Singorwet Dispensary,Bomet,Level 2,Ministry of Health
Mugango Dispensary,Bomet,Level 2,Ministry of Health
Segutiet Dispensary,Bomet,Level 2,Ministry of Health
Muchukwo Dispensary,Baringo,Level 2,Ministry of Health
Mugurin Dispensary,Baringo,Level 2,Ministry of Health
Sigoro Dispensary,Baringo,Level 2,Ministry of Health
Solian Dispensary,Baringo,Level 2,Ministry of Health
Chuluni Dispensary,Kitui,Level 2,Ministry of Health
Shankoe Dispensary,Narok,Level 2,Ministry of Health
Setek Dispensary,Nandi,Level 2,Ministry of Health
Olmoran Health Centre,Laikipia,Level 3,Ministry of Health
Cheplaskei Dispensary,Uasin Gishu,Level 2,Ministry of Health
Cheptabach Dispensary,Nandi,Level 2,Ministry of Health
Naisoya Dispensary,Narok,Level 2,Ministry of Health
Chepkunyuk Dispensary,Nandi,Level 2,Ministry of Health
Sereolipi Health Centre,Samburu,Level 2,Ministry of Health
Ndurumo Dispensary,Laikipia,Level 2,Ministry of Health
Mwituria Dispensary,Laikipia,Level 2,Ministry of Health
Cheptuiyet Dispensary,Kericho,Level 2,Ministry of Health
Siwo Dispensary,Nandi,Level 2,Ministry of Health
Seretut Dispensary,Kericho,Level 2,Ministry of Health
Megwara Dispensary,Narok,Level 2,Ministry of Health
Nabkoi Dispensary,Uasin Gishu,Level 2,Ministry of Health
Sergoit Dispensary (Keiyo),Elegeyo-Marakwet,Level 2,Ministry of Health
Chegilet Dispensary,Elegeyo-Marakwet,Level 2,Ministry of Health
Mogil Health Centre,Elegeyo-Marakwet,Level 3,Ministry of Health
Olkokwe Health Centre,Baringo,Level 3,Ministry of Health
Sirwa Dispensary (Mogotio),Baringo,Level 2,Ministry of Health
Marti Dispensary,Samburu,Level 2,Ministry of Health
Bahati Dispensary,Nakuru,Level 2,Ministry of Health
Mbogoini Dispensary,Nakuru,Level 2,Ministry of Health
Mwenje Dispensary,Laikipia,Level 2,Ministry of Health
Mahanga Dispensary (Lwandeti),Kakamega,Level 2,Ministry of Health
Mutomo Health Centre,Kitui,Level 3,Ministry of Health
Miendo Dispensary,Bungoma,Level 2,Ministry of Health
Namagara Dispensary,Kakamega,Level 2,Ministry of Health
Malekha Dispensary,Kakamega,Level 2,Ministry of Health
Bondeni Health Centre (Trans Nzoia - Saboti),Trans Nzoia,Level 2,Ministry of Health
Arama Dispensary,Baringo,Level 2,Ministry of Health
Nangina Dispensary,Busia,Level 2,Ministry of Health
Nambuku Model Health Centre,Busia,Level 3,Ministry of Health
Rumbiye Dispensary,Busia,Level 2,Ministry of Health
Agenga Dispensary (Samia),Busia,Level 2,Ministry of Health
Kabula Dispensary,Bungoma,Level 2,Ministry of Health
Mumbule Dispensary,Bungoma,Level 2,Ministry of Health
Mechimeru Dispensary,Bungoma,Level 2,Ministry of Health
Bartolimo Dispensary,Baringo,Level 2,Ministry of Health
Aiyebo Dispensary,Baringo,Level 2,Ministry of Health
Mutomo Mission Hospital,Kitui,Level 4,Kenya Episcopal Conference-Catholic Secretariat
Sibilo Dispensary,Baringo,Level 2,Ministry of Health
Nasianda Dispensary,Bungoma,Level 2,Ministry of Health
Kapkiam Dispensary,Kericho,Level 2,Ministry of Health
Nganayio Dispensary,Narok,Level 2,Ministry of Health
Ngutuk-Engiron Dispensary,Samburu,Level 2,Ministry of Health
Ngobit Dispensary,Laikipia,Level 2,Ministry of Health
Ngeria South Dispensary,Uasin Gishu,Level 2,Ministry of Health
Ngenyilel Dispensary,Uasin Gishu,Level 2,Ministry of Health
Ngendalel Dispensary,Kericho,Level 2,Ministry of Health
Kapchemwani Dispensary,Vihiga,Level 2,Ministry of Health
Barotion (AIC) Dispensary,Kericho,Level 2,Ministry of Health
Matuu District Hospital,Machakos,Level 4,Ministry of Health
Adurkoit Dispensary,West Pokot,Level 2,Ministry of Health
Ngechek Dispensary,Nandi,Level 2,Ministry of Health
Lambwe Dispensary,Homa Bay,Level 2,Ministry of Health
Likindu Dispensary,Vihiga,Level 2,Ministry of Health
Kimangeti Dispensary,Kakamega,Level 2,Ministry of Health
Kuvasali Health Centre,Kakamega,Level 3,Ministry of Health
Shihome Dispensary,Kakamega,Level 2,Ministry of Health
Shamberere Dispensary,Kakamega,Level 2,Ministry of Health
Shihalia Dispensary,Kakamega,Level 2,Ministry of Health
Bulondo Dispensary,Bungoma,Level 2,Ministry of Health
Maina Dispensary,Elegeyo-Marakwet,Level 2,Ministry of Health
Chebirbelek Dispensary,Bomet,Level 2,Ministry of Health
Ngetmoi Dispensary,Baringo,Level 2,Ministry of Health
Bekibon Dispensary,Baringo,Level 2,Ministry of Health
Tebei Dispensary,Baringo,Level 2,Ministry of Health
Maji Moto Dispensary,Baringo,Level 2,Ministry of Health
Maji Mazuri Dispensary,Baringo,Level 2,Ministry of Health
Manyoror Dispensary,Kericho,Level 2,Ministry of Health
Makyolok Dispensary,Kericho,Level 2,Ministry of Health
Maraigushu Dispensary,Nakuru,Level 2,Ministry of Health
Mangu Dispensary (Rongai),Nakuru,Level 2,Ministry of Health
Matuu Mission Health Centre,Machakos,Level 3,Kenya Episcopal Conference-Catholic Secretariat
Wei Dispensary,Nakuru,Level 2,Ministry of Health
Ollessos Holy Family Dispensary,Nandi,Level 2,Ministry of Health
Ywalateke Dispensary,West Pokot,Level 2,Ministry of Health
Wiyumiririe Dispensary,Laikipia,Level 2,Ministry of Health
Wiyeta Dispensary,Trans Nzoia,Level 2,Ministry of Health
Masaita/ Miti-Tatu Dispensary,Kericho,Level 2,Ministry of Health
Nkorinkori Dispensary,Narok,Level 2,Ministry of Health
Ndabibi Dispensary,Nakuru,Level 2,Ministry of Health
Olchorro Health Centre,Narok,Level 3,Ministry of Health
Pona Haraka Clinic,Kitui,Level 2,Private Enterprise (Institution)
Olmesutie Dispensary,Narok,Level 2,Ministry of Health
Weonia Health Centre,Trans Nzoia,Level 2,Ministry of Health
Maron-Marichor Dispensary,Elegeyo-Marakwet,Level 2,Ministry of Health
Biretwa health centre,Elegeyo-Marakwet,Level 2,Ministry of Health
Kapkures Dispensary (Sotik),Bomet,Level 2,Ministry of Health
Matuu Cottage Clinic,Machakos,Level 2,Private Enterprise (Institution)
Ndamichonik Dispensary,Bomet,Level 2,Ministry of Health
Makimeny Dispensary,Bomet,Level 2,Ministry of Health
Siomo Dispensary,Bomet,Level 2,Ministry of Health
Poi Dispensary,Baringo,Level 2,Ministry of Health
Yatya Dispensary,Baringo,Level 2,Ministry of Health
Molos Dispensary,Baringo,Level 2,Ministry of Health
Prison Dispensary,Nakuru,Level 2,Ministry of Health
Chepkero Dispensary,Uasin Gishu,Level 2,Ministry of Health
Mituki Medical Clinic,Kiambu,Level 2,Private Enterprise (Institution)
Kaparon Health Centre,Elegeyo-Marakwet,Level 3,Ministry of Health
Kianjugu Dispensary,Murang'A,Level 2,Ministry of Health
Chepkopegh Dipensary,West Pokot,Level 2,Ministry of Health
Shiru Health Centre,Vihiga,Level 3,Ministry of Health
Gikono Dispensary,Murang'A,Level 2,Ministry of Health
Chemelil Dispensary,Nandi,Level 2,Ministry of Health
Kiwalwa Dispensary,Taita Taveta,Level 2,Ministry of Health
Chemoiben Dispensary,Kericho,Level 2,Ministry of Health
Chepkigen Dispensary,Uasin Gishu,Level 2,Ministry of Health
Chemworor Health Centre,Elegeyo-Marakwet,Level 3,Ministry of Health
Tugumoi Dispensary (Metkei),Elegeyo-Marakwet,Level 2,Ministry of Health
Nairobi Womens Hospital (Hurlingham),Nairobi,Level 4,Private Enterprise (Institution)
Kibwezi Huruma Medical Clinic and Laboratory,Makueni,Level 2,Private Practice - Nurse / Midwifery
Muhabini Medical Clinic,Vihiga,Level 2,Private Practice - Nurse / Midwifery
Borabu Nursing Home,Nyamira,Level 3,Private Practice - Nurse / Midwifery
Mother Land Medical Clinic,Kiambu,Level 2,Private Enterprise (Institution)
Bahati Health Centre,Nairobi,Level 3,Ministry of Health
GK Prisons Dispensary (Busia),Busia,Level 2,Public Institution
Cheptongei Dispensary,Elegeyo-Marakwet,Level 2,Ministry of Health
Malaba Dispensary,Busia,Level 2,Ministry of Health
Mutarakwa Dispensary (Molo),Nakuru,Level 2,Ministry of Health
Getrudes Hospital (Nairobi West Clinic),Nairobi,Level 2,Private Enterprise (Institution)
Ochude Dispensary,Busia,Level 2,Ministry of Health
Moru Karisa Dispensary,Busia,Level 2,Ministry of Health
Lukolis Model Health Centre,Busia,Level 3,Ministry of Health
Tana Medical Clinic (Yatta),Machakos,Level 2,Private Enterprise (Institution)
Tudor Health Care,Mombasa,Level 2,Private Enterprise (Institution)
Imani Medical Clinic,Meru,Level 2,Private Enterprise (Institution)
Obekai Dispensary,Busia,Level 2,Ministry of Health
Rongena Dispensary,Bomet,Level 2,Ministry of Health
Eastleigh Health Centre,Nairobi,Level 3,Ministry of Health
Olposimoru Dispensary,Narok,Level 2,Ministry of Health
Poole Dispensary,West Pokot,Level 2,Ministry of Health
Osupuko Dispensary,Narok,Level 2,Ministry of Health
The Mediance Nursing Home,Machakos,Level 2,Private Enterprise (Institution)
Osorongai Dispensary,Uasin Gishu,Level 2,Ministry of Health
Kamuneru Dispensary,Bungoma,Level 2,Ministry of Health
Nyaburi Clinic,Migori,Level 2,Private Enterprise (Institution)
Minjore Dispensary,Laikipia,Level 2,Ministry of Health
Rocco Dispensary,Nakuru,Level 2,Ministry of Health
Tigoi Health Centre,Vihiga,Level 3,Ministry of Health
Annet Dispensary,West Pokot,Level 2,Ministry of Health
Pserum Dispensary,West Pokot,Level 2,Ministry of Health
Merto Dispensary,Kericho,Level 2,Ministry of Health
Iltilal Health Centre,Kajiado,Level 3,Ministry of Health
Cheramei Dispensary,Uasin Gishu,Level 2,Ministry of Health
Salama Health Centre (Laikipia West),Laikipia,Level 3,Ministry of Health
Soamam Medical Clinic,Nyamira,Level 2,Private Enterprise (Institution)
Jordan Medical Clinic,Mombasa,Level 2,Private Enterprise (Institution)
Chepsiro Dispensary,Trans Nzoia,Level 2,Ministry of Health
Kisiiki Dispensary,Machakos,Level 2,Ministry of Health
Mikindani Medical Clinic,Mombasa,Level 2,Private Enterprise (Institution)
Cdc Ganjoni Dispensary,Mombasa,Level 2,Ministry of Health
Imbiakalo Dispensary,Kakamega,Level 2,Ministry of Health
Women Care Clinic,Garissa,Level 2,Private Enterprise (Institution)
Cheptobot Dispensary,Elegeyo-Marakwet,Level 3,Ministry of Health
Rimoi Dispensary,Elegeyo-Marakwet,Level 2,Ministry of Health
Jadi Medical Clinic,Mombasa,Level 2,Private Enterprise (Institution)
Kimoloi Dispensary,Elegeyo-Marakwet,Level 2,Ministry of Health
Pamar Medical Clinic,Mombasa,Level 2,Company Medical Service
Mamba Dispensary (Yatta),Machakos,Level 2,Ministry of Health
Tabare Dispensary,Elegeyo-Marakwet,Level 2,Ministry of Health
Mbembani Dispensary,Machakos,Level 2,Ministry of Health
Maunguja Dispensary,Mombasa,Level 2,Ministry of Health
Al-Bir Medical Centre (Kilindini),Mombasa,Level 2,Private Enterprise (Institution)
Simbi Dispensary,Bomet,Level 2,Ministry of Health
Ndalani Dispensary,Machakos,Level 2,Ministry of Health
Riwo Dispensary,Baringo,Level 2,Ministry of Health
Wananchi Medical Clinic (Kilindini),Mombasa,Level 2,Private Enterprise (Institution)
Sabor Dispensary,Baringo,Level 2,Ministry of Health
Radat Dispensary,Baringo,Level 2,Ministry of Health
Mt Elgon  County Hospital,Trans Nzoia,Level 3,Ministry of Health
Kenya Airways Medical Centre,Nairobi,Level 2,Private Practice - Medical Specialist
Chepkechir Dispensary,West Pokot,Level 2,Ministry of Health
Chepcholiet Dispensary,Kericho,Level 2,Ministry of Health
NYS Dispensary (Mavoloni),Machakos,Level 2,Ministry of Health
Sina Dispensary,West Pokot,Level 2,Ministry of Health
Chepkemel Dispensary,Uasin Gishu,Level 2,Ministry of Health
Ongata Dispensary,Uasin Gishu,Level 2,Ministry of Health
St Kizito Mission,Machakos,Level 2,Kenya Episcopal Conference-Catholic Secretariat
Ptoyo Dipensary,West Pokot,Level 2,Ministry of Health
Ngong Road Dispensary,Nairobi,Level 2,Ministry of Health
Mirugi Kariuki Dispensary,Nakuru,Level 2,Ministry of Health
Ol-Rongai Dispensary (Rongai),Nakuru,Level 2,Ministry of Health
Oromodei Dispensary,Samburu,Level 2,Ministry of Health
Olorte Dispensary,Narok,Level 2,Ministry of Health
Cherara Dispensary,Kericho,Level 2,Ministry of Health
Sondany Dispensary,West Pokot,Level 2,Other Faith Based
Bunde Dispensary,Kisumu,Level 2,Ministry of Health
Imulama Dispensary,Kakamega,Level 2,Ministry of Health
Chesetan Dispensary,Elegeyo-Marakwet,Level 2,Ministry of Health
Amagoro Nursing Home,Busia,Level 2,Private Enterprise (Institution)
Huruma Lions Dispensary,Nairobi,Level 2,Ministry of Health
Aboloi Dispensary,Busia,Level 2,Ministry of Health
Amase Dispensary,Busia,Level 2,Ministry of Health
Borabu Medical Clinic,Mombasa,Level 2,Private Enterprise (Institution)
Apokor Dispensary,Busia,Level 2,Ministry of Health
Kapletundo Dispensary,Bomet,Level 2,Ministry of Health
Merigi Dispensary,Bomet,Level 2,Ministry of Health
Dr Were Medical Clinic,Nairobi,Level 2,Private Practice - General Practitioner
Utange Dispensary,Mombasa,Level 2,Ministry of Health
Mikanjuni Medical Clinic,Mombasa,Level 2,Private Enterprise (Institution)
Kosele Dispensary,Homa Bay,Level 2,Ministry of Health
Karunga Dispensary,Nakuru,Level 2,Ministry of Health
Kapyemit Dispensary,Uasin Gishu,Level 2,Ministry of Health
Kebeneti Dispensary,Kericho,Level 2,Ministry of Health
Kapsasian Dispensary,Narok,Level 2,Ministry of Health
Katuiyo Dispensary,Uasin Gishu,Level 2,Ministry of Health
Mandera Medicare Clinic,Mandera,Level 2,Private Enterprise (Institution)
Lokwii Health center,Turkana,Level 3,Ministry of Health
Keben Dispensary,Nandi,Level 2,Ministry of Health
Kedowa Dispensary,Kericho,Level 3,Ministry of Health
St Getrude Dispensary,Uasin Gishu,Level 2,Other Faith Based
Liavo Medical Clinic (Kwanza),Trans Nzoia,Level 2,Private Practice - General Practitioner
Lokori (AIC) Health Centre,Turkana,Level 3,Christian Health Association of Kenya
Seed of Hope Medical Clinic,Trans Nzoia,Level 2,Non-Governmental Organizations
Kericho Forest Dispensary,Kericho,Level 2,Ministry of Health
Kapelibok Dispensary,Turkana,Level 2,Kenya Episcopal Conference-Catholic Secretariat
Juluk Dispensary,Turkana,Level 2,Kenya Episcopal Conference-Catholic Secretariat
Benon Dispensary,Trans Nzoia,Level 2,Ministry of Health
Kambu Catholic Dispensary,Makueni,Level 2,Kenya Episcopal Conference-Catholic Secretariat
Kikton Medical Clinic,Turkana,Level 2,Private Practice - General Practitioner
Afya Bora Medical Clinic (Turkana Central),Turkana,Level 2,Private Practice - Clinical Officer
Tumaini Medical Clinic (Turkana Central),Turkana,Level 2,Private Practice - Clinical Officer
Ahero Medical Clinic,Nakuru,Level 2,Ministry of Health
Morulem Dispensary,Turkana,Level 2,Ministry of Health
Lokwamosing Dispensary,Turkana,Level 2,Ministry of Health
Nakukulas Dispensary,Turkana,Level 2,Ministry of Health
Embakasi Health Centre,Nairobi,Level 3,Ministry of Health
Miskwony Dispensary,West Pokot,Level 2,Ministry of Health
Nachecheyet Dispensary,West Pokot,Level 2,Ministry of Health
West Gate Dispensary,Samburu,Level 2,Ministry of Health
Mbonzuki Dispensary,Embu,Level 2,Ministry of Health
Kapkondo Dispensary,Kericho,Level 2,Ministry of Health
Starlight Mti Moja,Uasin Gishu,Level 2,Ministry of Health
Jamii Clinic (Westlands),Nairobi,Level 2,Private Enterprise (Institution)
Okiki Amayo Health Centre,Homa Bay,Level 3,Ministry of Health
Vanga Health Centre,Kwale,Level 3,Ministry of Health
Homa Hills Health Centre,Homa Bay,Level 3,Non-Governmental Organizations
Dabel Health Centre (Moyale),Marsabit,Level 3,Ministry of Health
Kiunga Health Centre,Lamu,Level 3,Ministry of Health
Faza Hospital,Lamu,Level 4,Ministry of Health
Immaculate Heart of Mary Hospital,Kiambu,Level 4,Kenya Episcopal Conference-Catholic Secretariat
Kapsogut Dispensary,Kericho,Level 2,Ministry of Health
Giaki Sub-District Hospital,Meru,Level 4,Ministry of Health
Ruiru Hospital Limited,Kiambu,Level 3,Private Enterprise (Institution)
Gsu Dispensary (Kibish),Turkana,Level 2,Armed Forces
Chepterwo Dispensary,Kericho,Level 2,Ministry of Health
Cheptebo Dispensary,Elegeyo-Marakwet,Level 2,Ministry of Health
Kimawit-Uswet Dispensary,Bomet,Level 2,Ministry of Health
Chepwostuiyet Dispensary,Bomet,Level 2,Ministry of Health
Mung'ang'a (ACK) Dispensary,Kirinyaga,Level 2,Christian Health Association of Kenya
Nkabune Dispensary,Meru,Level 2,Christian Health Association of Kenya
St Philips (ACK) Dispensary Ndiriti,Kirinyaga,Level 2,Christian Health Association of Kenya
Bofu Dispensary,Kwale,Level 2,Ministry of Health
Fincharo Dispensary,Mandera,Level 2,Ministry of Health
Githunguri Health Centre (Ruiru),Kiambu,Level 3,Ministry of Health
Mtaa Dispensary,Kwale,Level 2,Ministry of Health
Mazeras Dispensary,Kwale,Level 2,Ministry of Health
Karatina Home Based Care Dispensary,Nyeri,Level 2,Ministry of Health
Rwanyange Dispensary,Meru,Level 2,Ministry of Health
Kiitini Dispensary,Machakos,Level 2,Ministry of Health
Odda Dispensary (Moyale),Marsabit,Level 2,Ministry of Health
Godoma Model Health Centre (Moyale),Marsabit,Level 2,Ministry of Health
Kyawalia Dispensary,Machakos,Level 2,Ministry of Health
Kathanjuri Dispensary,Embu,Level 2,Ministry of Health
Kathithi Dispensary,Meru,Level 2,Ministry of Health
Kalama Dispensary,Machakos,Level 2,Ministry of Health
Mkokoni Dispensary,Lamu,Level 2,Ministry of Health
Oaklands Estate Dispensary,Kiambu,Level 2,Company Medical Service
Mchana Estate Dispensary,Kiambu,Level 2,Private Enterprise (Institution)
Kenene Dispensary,Kericho,Level 2,Ministry of Health
Mnyenzeni Dispensary,Kwale,Level 2,Ministry of Health
Malkamari Health Centre (Malkamari),Mandera,Level 3,Ministry of Health
Kenyagoro Dispensary,Bomet,Level 2,Ministry of Health
Nthongoni Dispensary (Kibwezi),Makueni,Level 3,Ministry of Health
St Mary Medical Clinic,Nyeri,Level 2,Ministry of Health
Lucimed Clinic,Laikipia,Level 2,Ministry of Health
Kasisit Dispensary,Baringo,Level 2,Ministry of Health
Manyatta Medical Clinic (Nyeri South),Nyeri,Level 2,Private Practice - Clinical Officer
Mwea Medical Clinic Kagio,Kirinyaga,Level 2,Private Practice - Clinical Officer
Uzima Medical Clinic (Nyeri North),Nyeri,Level 2,Private Practice - Clinical Officer
Ngai Murunya Health Service,Kajiado,Level 2,Private Practice - General Practitioner
Plainsview Nursing Home,Kiambu,Level 4,Private Practice - General Practitioner
St Peter Claver R Clinic,Kajiado,Level 2,Ministry of Health
Alum Beach Dispensary,Homa Bay,Level 2,Ministry of Health
Shimbir Fatuma Health Centre,Mandera,Level 3,Ministry of Health
Kirindine Nursing Home,Meru,Level 2,Private Enterprise (Institution)
Kiawaithanji Medical Clinic,Nyeri,Level 2,Private Practice - Nurse / Midwifery
Kasok Dispensary,Baringo,Level 2,Ministry of Health
Nzeveni Dispensary,Makueni,Level 3,Ministry of Health
Joska Medical Care Clinic,Meru,Level 2,Private Enterprise (Institution)
Joska Medical Care,Meru,Level 2,Private Enterprise (Institution)
Mutethia Clinic,Meru,Level 2,Private Enterprise (Institution)
Al-Maqdis ENT Clinic,Garissa,Level 2,Private Enterprise (Institution)
Ideal Medical /Fp Clinic,Meru,Level 2,Private Enterprise (Institution)
Ideal Health Laboratory,Meru,Level 2,Private Enterprise (Institution)
Shikamoo Medical Clinic,Kiambu,Level 2,Private Practice - Clinical Officer
Giaki Clinic,Meru,Level 2,Private Enterprise (Institution)
Kim's Intergrated Clinic,Meru,Level 2,Private Enterprise (Institution)
Ruiru East Medical Clinic,Kiambu,Level 2,Ministry of Health
Imani Medical Clinic (Ruiru),Kiambu,Level 2,Ministry of Health
St Camellus Medical Clinic,Kajiado,Level 2,Private Enterprise (Institution)
Thimangiri Medical Clinic,Meru,Level 2,Private Enterprise (Institution)
Sorok Dispensary,Baringo,Level 2,Ministry of Health
Ruiru Diagnostic Centre,Kiambu,Level 2,Ministry of Health
Ruiru Sub-County Hospital,Kiambu,Level 4,Ministry of Health
Kasiela Dispensary,Baringo,Level 2,Ministry of Health
Dwa Health Centre,Makueni,Level 3,Company Medical Service
Yururu Medical Clinic,Meru,Level 2,Private Enterprise (Institution)
Buruburu Medical Clinic,Nairobi,Level 2,Private Enterprise (Institution)
Kapsimotwa Dispensary,Bomet,Level 2,Ministry of Health
Wayani Medical Clinic (Changamwe),Mombasa,Level 2,Private Enterprise (Institution)
St Agnes Clinic,Migori,Level 2,Private Enterprise (Institution)
St Mary's Medical Clinic (Ruiru),Kiambu,Level 2,Private Enterprise (Institution)
St Josef Medical Clinic,Kiambu,Level 2,Ministry of Health
Muringombugi Clinic,Meru,Level 2,Private Enterprise (Institution)
Kithyululu Dispensary,Makueni,Level 2,Ministry of Health
Kaptumek Dispensary,Nandi,Level 2,Ministry of Health
Kapsengere Dispensary,Nandi,Level 2,Ministry of Health
Kapsorok Dispenasry,Kericho,Level 2,Ministry of Health
Abel Migwi Johana Laboratory,Kirinyaga,Level 2,Private Enterprise (Institution)
Othaya Dental Clinic,Nyeri,Level 2,Private Enterprise (Institution)
Kapsamoch Dispensary,Nandi,Level 2,Ministry of Health
Huruma Maternity Hospital,Nairobi,Level 4,Private Enterprise (Institution)
Coffee Research Staff Dispensary,Kiambu,Level 2,Company Medical Service
Roadblock Clinic,Homa Bay,Level 2,Private Enterprise (Institution)
Masongaleni Health Centre,Makueni,Level 3,Ministry of Health
Kapseger Dispensary,Kericho,Level 2,Ministry of Health
Kunyak Dispensary,Kericho,Level 2,Ministry of Health
Kaptabuk Dispensary,West Pokot,Level 2,Ministry of Health
Kaptumo Dispensary,Uasin Gishu,Level 2,Ministry of Health
Kapsetek Dispensary,Nakuru,Level 2,Ministry of Health
Kemeloi Health Centre,Nandi,Level 3,Ministry of Health
Kaputir Dispensary,Turkana,Level 2,Ministry of Health
Kapweria Dispensary,Narok,Level 2,Ministry of Health
Karaba Dispensary (Laikipia West),Laikipia,Level 2,Ministry of Health
Kaptich Dispensary,Nandi,Level 2,Ministry of Health
Kaptum Dispensary,Baringo,Level 2,Ministry of Health
Katee Dispensary,Elegeyo-Marakwet,Level 2,Ministry of Health
Kapyego Health Centre,Elegeyo-Marakwet,Level 3,Ministry of Health
Kaptagat Forest Dispensary,Elegeyo-Marakwet,Level 2,Ministry of Health
Kapsowar Dispensary,Elegeyo-Marakwet,Level 2,Ministry of Health
Kapoleseroi Dispensary,Bomet,Level 2,Ministry of Health
Kaptiony Dispensary,Baringo,Level 2,Ministry of Health
Katibel Dispensary,Baringo,Level 2,Ministry of Health
Kapkeburu Dispensary,Kericho,Level 2,Ministry of Health
Kanyarkwat Dispensary,West Pokot,Level 2,Ministry of Health
Kapkeben Dispensary,Nandi,Level 2,Ministry of Health
Kapkenyeloi Dispensary,Nandi,Level 2,Ministry of Health
Tamkal Dispensary,West Pokot,Level 2,Ministry of Health
Kapkolei Dispensary,Nandi,Level 2,Ministry of Health
Ngwata Health Centre,Makueni,Level 3,Ministry of Health
Kaplelach Chepyakwai,Uasin Gishu,Level 2,Ministry of Health
Kaplelach Tumoge,Uasin Gishu,Level 2,Ministry of Health
Kaplelartet Dispensary,Kericho,Level 2,Ministry of Health
Chuiyat Dispensary,Uasin Gishu,Level 2,Ministry of Health
Kapkimolwa Dispensary,Bomet,Level 2,Ministry of Health
Kapkole Dispensary,Baringo,Level 2,Ministry of Health
Kaplenge Dispensary,Elegeyo-Marakwet,Level 2,Ministry of Health
Kapkata Dispensary,Elegeyo-Marakwet,Level 2,Ministry of Health
Kapchelal Dispensary,Elegeyo-Marakwet,Level 2,Ministry of Health
Jericho Health Centre,Nairobi,Level 2,Ministry of Health
Kapkesosio Dispensary,Bomet,Level 2,Ministry of Health
Kapchepkor Dispensary,Baringo,Level 2,Ministry of Health
Kapkelelwa Dispensary,Baringo,Level 2,Ministry of Health
Kaplel Dispensary,Baringo,Level 2,Ministry of Health
Kapkuei Dispensary,Baringo,Level 2,Ministry of Health
Kasitet Dispensary,Baringo,Level 2,Ministry of Health
Keturwo Dispensary,Baringo,Level 2,Ministry of Health
Kuinet Dispensary,Uasin Gishu,Level 2,Ministry of Health
Kurangurik Health centre,Narok,Level 3,Ministry of Health
Kalaacha Dispensary,Kericho,Level 2,Ministry of Health
Kabiemit Dispensary (Mosop),Nandi,Level 2,Ministry of Health
Kabisaga Dispensary,Nandi,Level 2,Ministry of Health
Kaboeito Dispensary,Kericho,Level 2,Ministry of Health
Kabolecho Dispensary,Narok,Level 2,Ministry of Health
Kaborok Dispensary,Kericho,Level 2,Ministry of Health
Kangatosa Dispensary,Turkana,Level 2,Ministry of Health
Kabunyeria Health Centre,Nandi,Level 2,Ministry of Health
Kaibos Dipensary,West Pokot,Level 2,Ministry of Health
Kainuk Health Centre,Turkana,Level 3,Ministry of Health
Kaitui Dispensary,Kericho,Level 2,Ministry of Health
Karagita Dispensary,Nakuru,Level 2,Ministry of Health
Kapngetuny Dispensary,Uasin Gishu,Level 2,Ministry of Health
Kamelil Dispensary (Tinderet),Nandi,Level 2,Ministry of Health
Kakiptui Dispensary,Kericho,Level 2,Ministry of Health
Kangakipur Dispensary,Turkana,Level 2,Ministry of Health
Chepkongony Dispensary,Nandi,Level 2,Ministry of Health
Kamwingi Dispensary,Kericho,Level 2,Ministry of Health
Chesubet Dispensary,Elegeyo-Marakwet,Level 2,Ministry of Health
Kamoi Dispensary,Elegeyo-Marakwet,Level 2,Ministry of Health
Kamogo Health Centre,Elegeyo-Marakwet,Level 3,Ministry of Health
Kalwal Dispensary,Elegeyo-Marakwet,Level 2,Ministry of Health
Kabiemit Dispensary (Keiyo),Elegeyo-Marakwet,Level 2,Ministry of Health
Amani Medical Clinic (Kambu),Makueni,Level 2,Private Enterprise (Institution)
Kamongil Dispensary,Bomet,Level 2,Ministry of Health
Gynapaed Dispensary (Kilimani-),Nairobi,Level 2,Private Enterprise (Institution)
Ilaiser Dispensary,Narok,Level 2,Ministry of Health
Ewaso Ngiro Dispensary,Narok,Level 2,Ministry of Health
Elelea Sub-county Hospital,Turkana,Level 3,Ministry of Health
GK Prisons Dispensary (Turkana Central),Turkana,Level 2,Ministry of Health
GK Remand Prisons Dispensary (Trans Nzoia West),Trans Nzoia,Level 2,Ministry of Health
Entontol Dispensary,Narok,Level 2,Ministry of Health
Enaibor Ajijik Dispensary,Narok,Level 2,Ministry of Health
Athi Kamunyuni Dispensary,Makueni,Level 2,Ministry of Health
Geta Dispensary,Trans Nzoia,Level 2,Ministry of Health
Jagoror Dispensary,Kericho,Level 2,Ministry of Health
Eburru Dispensary,Nakuru,Level 2,Ministry of Health
Engashura Health Centre,Nakuru,Level 3,Ministry of Health
Cengalo Dispensary,Uasin Gishu,Level 2,Ministry of Health
Kaiboi Mission Health Centre,Nandi,Level 2,Other Faith Based
Flax Dispensary,Elegeyo-Marakwet,Level 2,Ministry of Health
Kabalwat Dispensary,Elegeyo-Marakwet,Level 2,Ministry of Health
Emsea Dispensary,Elegeyo-Marakwet,Level 2,Ministry of Health
Burgei Dispensary,Bomet,Level 2,Ministry of Health
Chebilat Dispensary,Bomet,Level 2,Ministry of Health
Itembe Dispensary,Bomet,Level 2,Ministry of Health
Chamalal Dispensary,Bomet,Level 2,Ministry of Health
Illinga'rua Dispensary,Baringo,Level 2,Ministry of Health
Cheberen Dispensary,Baringo,Level 2,Ministry of Health
Mikaro Dispensary,Nyandarua,Level 2,Ministry of Health
Nyina Wa Mumbi Dispensary,Nairobi,Level 2,Other Faith Based
Takitech Dispensary,Narok,Level 2,Ministry of Health
Mbogo Valley Dispensary,Nandi,Level 2,Ministry of Health
Sweet Waters Dispensary,Laikipia,Level 2,Ministry of Health
Sosit Dispensary,Kericho,Level 2,Ministry of Health
Sosian Dispensary,Laikipia,Level 2,Ministry of Health
Songonyet Dispensary,Kericho,Level 2,Ministry of Health
Endoinyo Erinka Dispensary,Narok,Level 2,Ministry of Health
South Horr Dispensary,Samburu,Level 2,Ministry of Health
GK Prisons Dispensary (Ngeria),Uasin Gishu,Level 2,Ministry of Health
GK Prisons Dispensary,Narok,Level 2,Ministry of Health
GK Farm Prisons Dispensary (Trans Nzoia),Trans Nzoia,Level 2,Ministry of Health
Swari Model Health Centre,Samburu,Level 2,Ministry of Health
Subukia Dispensary (Kipkelion),Kericho,Level 2,Ministry of Health
Kambu Integrated Health Clinic,Makueni,Level 2,Private Enterprise (Institution)
Bethel Medical Clinic,Kiambu,Level 2,Private Practice - Nurse / Midwifery
Chechan Dispensary,Elegeyo-Marakwet,Level 2,Ministry of Health
Machakos Level 5 Hospital,Machakos,Level 5,Ministry of Health
Gorgor Dispensary,Bomet,Level 2,Ministry of Health
Gelegele Dispensary,Bomet,Level 2,Ministry of Health
Gwitembe Health Centre,Migori,Level 3,Ministry of Health
Focus Medical Clinic and Counselling Centre,Kiambu,Level 2,Private Practice - Nurse / Midwifery
Soymet Dispensary,Bomet,Level 2,Ministry of Health
Lugari Forest Dispensary,Kakamega,Level 2,Ministry of Health
Karen Health Centre,Nairobi,Level 2,Ministry of Health
Mtito andei Sub District,Makueni,Level 4,Ministry of Health
Chebango Dispensary,Bomet,Level 2,Ministry of Health
Ngiluni Dispensary,Makueni,Level 2,Ministry of Health
General Medical Laboratory,Meru,Level 2,Private Enterprise (Institution)
Muumandu Health Center,Machakos,Level 2,Ministry of Health
Cheboyo Dispensary,Bomet,Level 2,Ministry of Health
Chebunyo Dispensary,Bomet,Level 2,Ministry of Health
Talai Dispensary,Baringo,Level 2,Ministry of Health
Sore Dispensary,Baringo,Level 2,Ministry of Health
Igure Dispensary,Baringo,Level 2,Ministry of Health
St Michael Clinic,Nairobi,Level 2,Private Enterprise (Institution)
Matanya Dispensary,Laikipia,Level 2,Ministry of Health
St Marys Medical Clinic (Kiaragana),Embu,Level 2,Private Enterprise (Institution)
Family Care Medical Centre (Meru),Meru,Level 2,Non-Governmental Organizations
Meru Medical Diagnostic Imaging Centre Ltd,Meru,Level 2,Private Enterprise (Institution)
Nana Dispensary,Marsabit,Level 2,Ministry of Health
Tachasis Mission Dispensary,Nandi,Level 2,Ministry of Health
Buuri Chemist / Laboratory,Meru,Level 2,Private Enterprise (Institution)
Lokori Primary Health Care Programme,Turkana,Level 2,Kenya Episcopal Conference-Catholic Secretariat
Awendo Sub-District Hospital,Migori,Level 4,Ministry of Health
Matharu Dispensary,Uasin Gishu,Level 2,Ministry of Health
Posland Medical Clinic,Meru,Level 2,Private Enterprise (Institution)
Nzoila Dispensary,Makueni,Level 2,Ministry of Health
Turkwel Health Centre (Loima),Turkana,Level 3,Ministry of Health
Afya Medical Clinic (KIBIRICHIA),Meru,Level 2,Private Practice - General Practitioner
Uhuru Dispensary,Uasin Gishu,Level 2,Ministry of Health
Simba Opepo Dispensary,Kisumu,Level 2,Ministry of Health
Tuum Dispensary,Samburu,Level 2,Ministry of Health
Nyametembe Dispensary,Migori,Level 2,Ministry of Health
Sugoi B Dispensary,Uasin Gishu,Level 2,Ministry of Health
Tapach Dispensary,West Pokot,Level 2,Ministry of Health
Mbotela Clinic,Nairobi,Level 2,Ministry of Health
Tunyo Dispensary,Elegeyo-Marakwet,Level 2,Ministry of Health
Tuturung Dispensary,Elegeyo-Marakwet,Level 2,Ministry of Health
Suleman Farooq Memorial Centre,Taita Taveta,Level 4,Other Faith Based
Kabetwa Health Centre,Elegeyo-Marakwet,Level 3,Ministry of Health
Hurri-Hills Dispensary,Marsabit,Level 2,Ministry of Health
Matira Dispensary,Elegeyo-Marakwet,Level 2,Ministry of Health
Chelelach Dispensary,Bomet,Level 2,Ministry of Health
Tarakwa Health centre,Bomet,Level 3,Ministry of Health
Itare Dispensary,Bomet,Level 2,Ministry of Health
Tirriondonin Dispensary,Baringo,Level 2,Ministry of Health
Bossei Dispensary,Baringo,Level 2,Ministry of Health
Sumeiyon Dispensary,Baringo,Level 2,Ministry of Health
Timboiywo Dispensary,Baringo,Level 2,Ministry of Health
Borrowonin Dispensary,Baringo,Level 2,Ministry of Health
Tinet Dispensary (Koibatek),Baringo,Level 2,Ministry of Health
Chemaner Dispensary (Bomet),Bomet,Level 2,Ministry of Health
Kerio Health Centre,Turkana,Level 3,Ministry of Health
Kobujoi Forest,Nandi,Level 2,Ministry of Health
Lingwai Dispensary,Uasin Gishu,Level 2,Ministry of Health
Lochwaangikamatak Dispensary,Turkana,Level 2,Ministry of Health
Kiwamu Dispensary,Nakuru,Level 3,Ministry of Health
Kimong Dispensary,Nandi,Level 2,Ministry of Health
Kimugul Dispensary (Kipkelion),Kericho,Level 2,Ministry of Health
Longonot Dispensary,Nakuru,Level 2,Ministry of Health
Lelechwet Dispensary (Rongai),Nakuru,Level 2,Ministry of Health
Lokiriama Dispensary,Turkana,Level 2,Ministry of Health
Lorien Dispensary,Laikipia,Level 2,Ministry of Health
Lorogon Dispensary,Turkana,Level 2,Ministry of Health
Losogwa Dispensary,Laikipia,Level 2,Ministry of Health
Litein Dispensary,Kericho,Level 2,Ministry of Health
Lemotit Dispensary,Kericho,Level 2,Ministry of Health
Lengenet Dispensary,Nakuru,Level 2,Ministry of Health
Lerrata Dispensary,Samburu,Level 2,Ministry of Health
Lessos Community Dispensary,Nandi,Level 2,Ministry of Health
Nairobi Hospital,Nairobi,Level 5,Private Enterprise (Institution)
Masogo Sub County Hospital,Kisumu,Level 4,Ministry of Health
Lemoru Ngeny Dispensary,Uasin Gishu,Level 2,Ministry of Health
Kimuren Dispensary,Elegeyo-Marakwet,Level 2,Ministry of Health
Lugumek Dispensary,Bomet,Level 2,Ministry of Health
Likwon Dispensary,Baringo,Level 2,Ministry of Health
ABC Thange Dispensary,Makueni,Level 2,Other Faith Based
Baragu Health Centre,Tharaka-Nithi,Level 3,Ministry of Health
Kimugul Dispensary (Baringo North),Baringo,Level 2,Ministry of Health
Kipcherere Dispensary,Baringo,Level 2,Ministry of Health
Kibwezi Catholic Dispensary,Makueni,Level 2,Kenya Episcopal Conference-Catholic Secretariat
Nyaani Dispensary,Kitui,Level 2,Ministry of Health
Loboi Dispensary,Baringo,Level 2,Ministry of Health
Town Medical Clinic,Meru,Level 2,Private Enterprise (Institution)
Nehema Medical Lab,Meru,Level 2,Private Enterprise (Institution)
Diplomat Clinic,Meru,Level 2,Private Enterprise (Institution)
Kimbimbi Medical Clinic,Kirinyaga,Level 2,Private Enterprise (Institution)
Kombe Dispensary (Nandi Central),Nandi,Level 2,Ministry of Health
Asat Beach Dispensary,Kisumu,Level 2,Ministry of Health
Pandanguo Dispensary,Lamu,Level 2,Ministry of Health
Yago Dispensary,Migori,Level 2,Ministry of Health
Nyakurungoto Dispensary,Migori,Level 2,Ministry of Health
Kakoneni Dispensary,Kilifi,Level 2,Ministry of Health
Sacha Health Centre,Bungoma,Level 3,Ministry of Health
Kibwezi Sub County Hospital,Makueni,Level 4,Ministry of Health
Kipsegi Dispensary,Kericho,Level 2,Ministry of Health
Kipsigak Baibai Dispensary,Nandi,Level 2,Ministry of Health
Kiptome Dispensary,Kericho,Level 2,Ministry of Health
Kiplombe AIC Dispensary,Uasin Gishu,Level 2,Ministry of Health
Kojonga Dispensary,Narok,Level 2,Ministry of Health
Jubilee Medical Clinic,Kiambu,Level 2,Private Enterprise (Institution)
Lelu Dispensary,Kericho,Level 2,Ministry of Health
Lomut Health Centre,West Pokot,Level 2,Ministry of Health
Kimintet Dispensary,Narok,Level 2,Ministry of Health
Afya Medical Clinic (Nyeri South),Nyeri,Level 2,Private Practice - Nurse / Midwifery
Border Medical Care,Kajiado,Level 2,Private Enterprise (Institution)
Union Medical Dispensary,Kilifi,Level 2,Other Faith Based
Bravo Medical Clinic (Marsabit),Marsabit,Level 2,Private Practice - Nurse / Midwifery
Hope Medical Clinic (Gatundu South),Kiambu,Level 2,Private Practice - Nurse / Midwifery
Mwichio Amua Medical Clinic,Vihiga,Level 2,Private Practice - Nurse / Midwifery
Highway Medical Clinic Kibingoti,Kirinyaga,Level 2,Private Practice - Nurse / Midwifery
Karangia Health Clinic,Nyeri,Level 2,Private Practice - Nurse / Midwifery
St Jude Clinic,Kirinyaga,Level 2,Private Practice - Nurse / Midwifery
By Faith Clinic (Kirinyaga),Kirinyaga,Level 2,Private Practice - Nurse / Midwifery
By Grace Medical (Kutus) Clinic,Kirinyaga,Level 2,Private Practice - Nurse / Midwifery
Eunice Medical Clinic,Nyeri,Level 2,Private Practice - Nurse / Midwifery
Leshau Medical Clinic,Nyandarua,Level 2,Private Practice - Nurse / Midwifery
Laliat Dispensary,Kericho,Level 2,Ministry of Health
Lelmokwo Dispensary,Nandi,Level 2,Ministry of Health
Kyaani Dispensary,Makueni,Level 2,Ministry of Health
Endiba Health Centre,Nyamira,Level 3,Ministry of Health
Afya Medical Clinic (Juja),Kiambu,Level 2,Private Practice - Nurse / Midwifery
Kiriita Forest Dispensary,Kiambu,Level 2,Ministry of Health
Jamii Medical Clinic (Muranga North),Murang'A,Level 2,Private Practice - Nurse / Midwifery
Kirimukuyu Medical Clinic,Nyeri,Level 2,Private Practice - Clinical Officer
Robana Medical Clinic,Kajiado,Level 2,Private Practice - Clinical Officer
Three In One Clinic,Kirinyaga,Level 2,Private Practice - Clinical Officer
Maximillan Clinic,Mombasa,Level 2,Private Practice - General Practitioner
Kinasia Dispensary,Kisumu,Level 2,Ministry of Health
Bakhita Dispensary,Kilifi,Level 2,Non-Governmental Organizations
Latakweny Dispensary,Samburu,Level 2,Ministry of Health
St Augastine,Kiambu,Level 2,Private Enterprise (Institution)
Pona Mat Dispensary,Nairobi,Level 2,Private Enterprise (Institution)
Med-Point Dispensary,Nairobi,Level 2,Private Enterprise (Institution)
Prime Health Services Dispensary,Nairobi,Level 2,Private Enterprise (Institution)
Borana Dispensary,Laikipia,Level 2,Private Enterprise (Institution)
Misyani Catholic Health Centre,Machakos,Level 2,Kenya Episcopal Conference-Catholic Secretariat
Kilingili Health Centre,Kakamega,Level 3,Ministry of Health
Kadinda Health Centre,Kisumu,Level 3,Non-Governmental Organizations
APTC Health Centre,Nairobi,Level 3,Armed Forces
Cheptais Sub District Hospital,Bungoma,Level 4,Ministry of Health
Kusa Health Centre,Kisumu,Level 3,Ministry of Health
Turkwel Health Centre,West Pokot,Level 3,Ministry of Health
Gitwamba Health Centre,Trans Nzoia,Level 3,Ministry of Health
Butula Mission Health Centre,Busia,Level 2,Other Faith Based
Moding Health Centre,Busia,Level 3,Ministry of Health
Nyagoro Health Centre,Homa Bay,Level 3,Ministry of Health
Fatima Health Centre (Lenkism),Kajiado,Level 3,Kenya Episcopal Conference-Catholic Secretariat
Mutithi Health Centre,Kirinyaga,Level 3,Ministry of Health
Lesirikan Health Centre,Samburu,Level 3,Non-Governmental Organizations
St Antony's Abossi Health Centre,Narok,Level 3,Kenya Episcopal Conference-Catholic Secretariat
St Anthony Lemek Dispensary,Narok,Level 2,Kenya Episcopal Conference-Catholic Secretariat
Taveta District Hospital,Taita Taveta,Level 4,Ministry of Health
Catholic Hospital Wamba,Samburu,Level 4,Kenya Episcopal Conference-Catholic Secretariat
Vihiga Health Centre,Vihiga,Level 3,Ministry of Health
Bulwani Dispensary,Busia,Level 2,Ministry of Health
Jamia Medical Centre,Kakamega,Level 2,Supreme Council for Kenya Muslims
Seregeya Dispensary,Kakamega,Level 2,Ministry of Health
Pan M Medical Clinic,Kakamega,Level 2,Private Practice - Nurse / Midwifery
PCEA Kasasule Dispensary,Makueni,Level 2,Christian Health Association of Kenya
National Spinal Injury Hospital,Nairobi,Level 6,Ministry of Health
Lopur Dispensary (Turkana South),Turkana,Level 2,Ministry of Health
Kokwet Dispensary,Nandi,Level 2,Ministry of Health
Korongoi Dispensary,Elegeyo-Marakwet,Level 2,Ministry of Health
St Martin Medical Clinic,Makueni,Level 2,Private Enterprise (Institution)
Kipsuter Dispensary,Bomet,Level 2,Ministry of Health
Kiromwok Dispensary,Bomet,Level 2,Ministry of Health
Kitoben Dispensary,Bomet,Level 2,Ministry of Health
Koroto Dispensary,Baringo,Level 2,Ministry of Health
Kipsacho Dispensary,Baringo,Level 2,Ministry of Health
Koriema Dispensary,Baringo,Level 2,Ministry of Health
Mutuini Sub-District Hospital,Nairobi,Level 4,Ministry of Health
Mgange Dawida Dispensary,Taita Taveta,Level 2,Ministry of Health
Kimout Dispensary,Kericho,Level 2,Ministry of Health
Kiptewit Dispensary,Kericho,Level 2,Ministry of Health
Kipkeikei Dispensary,Trans Nzoia,Level 2,Ministry of Health
Kibwareng Health Centre,Nandi,Level 3,Ministry of Health
Kibugat Dispensary,Kericho,Level 2,Ministry of Health
Uthiru Dispensary,Kiambu,Level 2,Ministry of Health
Girigiri Dispensary,Migori,Level 2,Ministry of Health
Kisor Dispensary,Uasin Gishu,Level 2,Ministry of Health
King'wal Dispensary,Nandi,Level 2,Ministry of Health
Kiptangwanyi Dispensary,Nakuru,Level 2,Ministry of Health
Elangata Enterit Dispensary,Narok,Level 2,Ministry of Health
Eldoret Airport Dispensary,Uasin Gishu,Level 2,Ministry of Health
Kilibwoni Health Centre,Nandi,Level 3,Ministry of Health
Tabolwa Dispensary,Nandi,Level 2,Ministry of Health
Lagos Road Dispensary,Nairobi,Level 2,Ministry of Health
Kibendo Dispensary,Elegeyo-Marakwet,Level 2,Ministry of Health
Lodwar County Referral Hospital,Turkana,Level 4,Ministry of Health
Kipkabus Forest Dispensary,Elegeyo-Marakwet,Level 2,Ministry of Health
Kiptulwa Dispensary,Bomet,Level 2,Ministry of Health
Kimolwet Dispensary,Bomet,Level 2,Ministry of Health
Kiplelji Dispensary,Bomet,Level 2,Ministry of Health
Getambwega Dispensary,Migori,Level 2,Ministry of Health
Kiptenden Dispensary (Buret),Bomet,Level 2,Ministry of Health
Chemursoi Dispensary,Nandi,Level 2,Ministry of Health
Ilkerin Dispensary (Trans Mara),Narok,Level 2,Ministry of Health
Kinyach Dispensary,Baringo,Level 2,Ministry of Health
Kiboino Dispensary,Baringo,Level 2,Ministry of Health
Mother Franciscan Mission Health Centre,Nandi,Level 3,Kenya Episcopal Conference-Catholic Secretariat
St Boniface Dispensary,Nandi,Level 2,Kenya Episcopal Conference-Catholic Secretariat
Kaimosi Tea Dispensary,Nandi,Level 2,Company Medical Service
Kiptuno Dispensary,Baringo,Level 2,Ministry of Health
Coptic Hospital (Ngong Road),Nairobi,Level 4,Christian Health Association of Kenya
Kapsikak Tea Dispensary,Nandi,Level 2,Company Medical Service
Kipkoimet Tea Dispensary,Nandi,Level 2,Company Medical Service
Lebolos Dispensary,Baringo,Level 2,Ministry of Health
Mathari Hospital,Nairobi,Level 6,Ministry of Health
Kapsiwon Tea Dispensary,Nandi,Level 2,Company Medical Service
Kaboswa Tea Dispensary,Nandi,Level 2,Company Medical Service
Kibwari Tea Dispensary,Nandi,Level 2,Company Medical Service
Kapchorua Tea Dispensary,Nandi,Level 2,Company Medical Service
Ogirgir Tea Dispensary,Nandi,Level 2,Company Medical Service
Ketepa Dispensary (Kericho),Kericho,Level 2,Private Enterprise (Institution)
Sitoi Tea Dispensary,Nandi,Level 2,Company Medical Service
Siret Tea Dispensary,Nandi,Level 2,Company Medical Service
Mokong Tea Dispensary,Nandi,Level 2,Company Medical Service
Sagat Dispensary,Baringo,Level 2,Ministry of Health
Kaisugu Dispensary,Kericho,Level 2,Company Medical Service
Tinderet Tea Dispensary,Nandi,Level 2,Company Medical Service
Kipkoigen Tea Dispensary,Nandi,Level 2,Company Medical Service
Mau Tea Dispensary,Kericho,Level 2,Company Medical Service
Eldama Ravine (AIC) Health Centre,Baringo,Level 3,Christian Health Association of Kenya
Chagaik Dispensary,Kericho,Level 2,Company Medical Service
Chemomi Tea Dispensary,Nandi,Level 2,Company Medical Service
Koisagat Tea Dispensary,Nandi,Level 2,Company Medical Service
Kamkong Tea Dispensary,Nandi,Level 2,Company Medical Service
Karen Roses Dispensary,Baringo,Level 2,Private Enterprise (Institution)
Rwika Dispensary,Embu,Level 2,Ministry of Health
Taito Tea Dispensary,Nandi,Level 2,Company Medical Service
Nzoia Sugar Dispensary,Bungoma,Level 2,Company Medical Service
Kipkeibon Tea Dispensary,Nandi,Level 2,Company Medical Service
Savani Tea Dispensary,Nandi,Level 2,Company Medical Service
Ngeru Dispensary,Tharaka-Nithi,Level 2,Christian Health Association of Kenya
KIagai (PCEA) Dispensary,Nakuru,Level 2,Christian Health Association of Kenya
St Bridgit Kalemunyang Dispensary,Turkana,Level 2,Kenya Episcopal Conference-Catholic Secretariat
Kabarnet High School Dispensary,Baringo,Level 2,Private Enterprise (Institution)
Tea Resaerch Dispensary,Kericho,Level 2,Private Enterprise (Institution)
Kisonei Dispensary,Baringo,Level 2,Ministry of Health
JFK Engineering Disp,Kericho,Level 2,Private Enterprise (Institution)
Kerenga Dispensary,Kericho,Level 2,Private Enterprise (Institution)
Kapturo Dispensary (Bartabwa),Baringo,Level 2,Ministry of Health
Chemase Dispensary,Kericho,Level 2,Private Enterprise (Institution)
Nginyang Health Centre,Baringo,Level 3,Ministry of Health
Kabinga (CHBC) Dispensary,Kericho,Level 2,Private Enterprise (Institution)
Chemamul Dispensary,Bomet,Level 2,Private Enterprise (Institution)
Jamji Dispensary,Kericho,Level 2,Private Enterprise (Institution)
Chepchabas Dispensary,Bomet,Level 2,Ministry of Health
Kapsinendet Dispensary,Bomet,Level 2,Ministry of Health
Chesoen Dispensary,Bomet,Level 2,Ministry of Health
JFK Ii Dispensary,Kericho,Level 2,Private Enterprise (Institution)
Makwasinyi Dispensary,Taita Taveta,Level 2,Ministry of Health
Kapkein Dispensary,Baringo,Level 2,Ministry of Health
KWS Dispensary,Taita Taveta,Level 2,Company Medical Service
Kibabet Tea Dispensary,Nandi,Level 2,Company Medical Service
Kaprachoge Tea Dispensary,Nandi,Level 2,Company Medical Service
Monirre Dispensary,Bomet,Level 2,Private Enterprise (Institution)
Care Medical Clinic (North Kinangop),Nyandarua,Level 2,Private Practice - Clinical Officer
Shikokho Dispensary,Kakamega,Level 2,Private Enterprise (Institution)
Liter (AIC) Dispensary,Elegeyo-Marakwet,Level 2,Christian Health Association of Kenya
Marinyin Dispensary,Bomet,Level 2,Private Enterprise (Institution)
Ebenezer Nursing Home,Bungoma,Level 3,Private Enterprise (Institution)
Lukhuna Dispensary,Bungoma,Level 2,Ministry of Health
Tongaren Health Centre,Bungoma,Level 3,Ministry of Health
Sacho School Dispensary,Baringo,Level 2,Private Enterprise (Institution)
Kipsaraman Dispensary,Baringo,Level 2,Kenya Episcopal Conference-Catholic Secretariat
Lochoraikeny Dispensary,Turkana,Level 2,Ministry of Health
Baragoi Catholic Dispensary,Samburu,Level 2,Kenya Episcopal Conference-Catholic Secretariat
Sererit Catholic Dispensary,Samburu,Level 2,Kenya Episcopal Conference-Catholic Secretariat
Ngarua Catholic Dispensary,Laikipia,Level 2,Kenya Episcopal Conference-Catholic Secretariat
Pwani Dispensary,Bungoma,Level 2,Ministry of Health
Lungai Dispensary,Bungoma,Level 2,Ministry of Health
Kibisi Dispensary,Bungoma,Level 2,Ministry of Health
Psigor Dispensary,West Pokot,Level 2,Kenya Episcopal Conference-Catholic Secretariat
Sipili Catholic Dispensary,Laikipia,Level 2,Kenya Episcopal Conference-Catholic Secretariat
St Patrick's Kanamkemer Dispensary,Turkana,Level 2,Kenya Episcopal Conference-Catholic Secretariat
Our Lady of Lords Dispensary,Uasin Gishu,Level 2,Kenya Episcopal Conference-Catholic Secretariat
Makhonge Health Centre,Bungoma,Level 3,Ministry of Health
Nasusi Dispensary,Bungoma,Level 2,Ministry of Health
Maeni Dispensary,Bungoma,Level 2,Ministry of Health
Karangatha Health Centre,Nyandarua,Level 3,Ministry of Health
Minugu Dispensary,Tharaka-Nithi,Level 2,Christian Health Association of Kenya
St Joseph Catholic Dispensary (Laikipia East),Laikipia,Level 2,Kenya Episcopal Conference-Catholic Secretariat
Rumuruti Catholic Dispensary,Laikipia,Level 2,Kenya Episcopal Conference-Catholic Secretariat
Nyagani Dispensary,Tharaka-Nithi,Level 2,Christian Health Association of Kenya
Namwaya Clinic,Bungoma,Level 2,Private Practice - Nurse / Midwifery
Samburu Lodge Dispensary,Samburu,Level 2,Private Enterprise (Institution)
Ekitale Dispensary,Bungoma,Level 2,Ministry of Health
Mayanja Dispensary,Bungoma,Level 2,Ministry of Health
Mary Immaculate Dispensary (Laikipia East),Laikipia,Level 2,Kenya Episcopal Conference-Catholic Secretariat
Napeililim Dispensary,Turkana,Level 2,Kenya Episcopal Conference-Catholic Secretariat
Olmoran Catholic Dispensary,Laikipia,Level 2,Kenya Episcopal Conference-Catholic Secretariat
Kangagetei Dispensary,Turkana,Level 2,Christian Health Association of Kenya
Loyapat Dispensary,Turkana,Level 2,Ministry of Health
Jordan Baptist Medical Clinic,Bungoma,Level 2,Other Faith Based
Eliye Springs (AIC) Dispensary,Turkana,Level 2,Christian Health Association of Kenya
Kayaya Dispensary,Bungoma,Level 2,Ministry of Health
Sinoko Dispensary (Bungoma East),Bungoma,Level 2,Ministry of Health
Nandarasi Dispensary,Nyandarua,Level 2,Ministry of Health
Siboti Health Centre,Bungoma,Level 3,Ministry of Health
D Comboni Mission,Machakos,Level 2,Kenya Episcopal Conference-Catholic Secretariat
Kapkateny Dispensary,Bungoma,Level 2,Ministry of Health
Kopsiro Health Centre,Bungoma,Level 3,Ministry of Health
Tamlega Dispensary,Bungoma,Level 2,Ministry of Health
Korosiandet Dispensary,Bungoma,Level 2,Ministry of Health
Butonge Dispensary,Bungoma,Level 2,Christian Health Association of Kenya
Kahuru Dispensary (Nyandarua South),Nyandarua,Level 2,Public Institution
Uluthe Dispensary,Siaya,Level 2,Ministry of Health
Kaptalelio Dispensary,Bungoma,Level 2,Ministry of Health
Kaborom Dispensary,Bungoma,Level 2,Ministry of Health
Kaptama (Friends) Health Centre,Bungoma,Level 3,Other Faith Based
Kaare Dispensary,Tharaka-Nithi,Level 2,Ministry of Health
Nerkwo Dispensary,Elegeyo-Marakwet,Level 2,Kenya Episcopal Conference-Catholic Secretariat
Quadalupe Sisters Roret,Kericho,Level 3,Kenya Episcopal Conference-Catholic Secretariat
Buduta Dispensary,Busia,Level 2,Ministry of Health
Khasoko Health Centre,Bungoma,Level 3,Christian Health Association of Kenya
Tuina Dipensary,West Pokot,Level 2,Other Faith Based
Talek Health Centre,Narok,Level 3,Other Faith Based
Lukhome Dispensary (Bungoma West),Bungoma,Level 2,Ministry of Health
Holy Rosary Ikinu Dispensary,Kiambu,Level 2,Other Faith Based
Weru Health Centre (Nyandarua South),Nyandarua,Level 3,Ministry of Health
New Busia Maternity & Nursing Home,Busia,Level 3,Private Enterprise (Institution)
Musibiriri Dispensary,Busia,Level 2,Ministry of Health
Busibwabo Dispensary,Busia,Level 2,Ministry of Health
Lupida Health Centre,Busia,Level 3,Ministry of Health
Mununga Dispensary,Murang'A,Level 2,Christian Health Association of Kenya
Your Family Clinic,Busia,Level 2,Private Practice - Nurse / Midwifery
Bujumba Dispensary,Busia,Level 2,Other Faith Based
Igara Dispensary,Busia,Level 2,Ministry of Health
Chemasiri (ACK) Dispensary,Busia,Level 2,Christian Health Association of Kenya
Khayo Dispensary,Busia,Level 2,Ministry of Health
Tambach T T College Dispensary,Elegeyo-Marakwet,Level 2,Private Enterprise (Institution)
Busia County Referral Hospital,Busia,Level 4,Ministry of Health
Rumangao Dispensary,Taita Taveta,Level 2,Christian Health Association of Kenya
Olkoroi Dispensary,Narok,Level 2,Ministry of Health
Iriga Dispensary,Tharaka-Nithi,Level 2,Christian Health Association of Kenya
Mara Serena Dispensary,Narok,Level 2,Private Enterprise (Institution)
Munongo Dispensary,Busia,Level 2,Ministry of Health
Chesoi Medical Clinic,Elegeyo-Marakwet,Level 2,Private Enterprise (Institution)
Kenton Dispensary,Nyandarua,Level 2,Ministry of Health
Olasiti (AIC) Dispensary,Narok,Level 2,Christian Health Association of Kenya
Bukembe Dispensary,Bungoma,Level 2,Ministry of Health
Webuye Health Centre,Bungoma,Level 3,Ministry of Health
Ngilai Dispensary,Samburu,Level 2,Non-Governmental Organizations
Jemunada Dispensary,Elegeyo-Marakwet,Level 2,Ministry of Health
St Damiano Medical Centre,Bungoma,Level 3,Kenya Episcopal Conference-Catholic Secretariat
St Ladislaus Dispensary,Uasin Gishu,Level 2,Other Faith Based
Kamasia Health Centre,Elegeyo-Marakwet,Level 3,Ministry of Health
Elgon View Medical Cottage,Bungoma,Level 3,Private Enterprise (Institution)
Wusi-Wutesia (ACK) Dispensary,Taita Taveta,Level 2,Christian Health Association of Kenya
Ccs Kiritiri Clinic,Embu,Level 2,Other Faith Based
By Faith Medical Clinic,Embu,Level 2,Private Enterprise (Institution)
Gachuriri Dispensary,Embu,Level 2,Ministry of Health
Nganduri Dispensary,Embu,Level 2,Ministry of Health
Kiamuringa Dispensary,Embu,Level 2,Ministry of Health
Ndunyu Njeru Dispensary,Nyandarua,Level 2,Ministry of Health
Mary Finch Dispensary,Kericho,Level 2,Other Faith Based
Riakanau Dispensary,Embu,Level 2,Ministry of Health
Karaba Dispensary (Mbeere),Embu,Level 2,Ministry of Health
Kigumo Dispensary,Embu,Level 2,Ministry of Health
Consolata Kyeni Hospital,Embu,Level 4,Kenya Episcopal Conference-Catholic Secretariat
St Agnes Kiaganari,Embu,Level 2,Private Enterprise (Institution)
Universal Medical Clinic,Embu,Level 2,Private Enterprise (Institution)
Patrician Dispensary,Uasin Gishu,Level 2,Other Faith Based
Ccs Macumo Clinic,Embu,Level 2,Christian Health Association of Kenya
Kaune's Medical Clinic,Embu,Level 2,Private Enterprise (Institution)
Kr Memorial Medical Clinic,Embu,Level 2,Private Enterprise (Institution)
St Marys Medical Clinic (Runyenjes),Embu,Level 2,Private Enterprise (Institution)
Makengi Clinic,Embu,Level 2,Private Enterprise (Institution)
Makengi Dispensary (Embu),Embu,Level 2,Ministry of Health
Kamuthatha Clinic,Embu,Level 2,Private Enterprise (Institution)
Ndubusat Bethel Dispensary,Kericho,Level 2,Non-Governmental Organizations
Emmanuel Kigari (ACK) Dispensary,Embu,Level 2,Christian Health Association of Kenya
Kairuri Health Centre,Embu,Level 3,Ministry of Health
Tata Hannah (African Christian Churches and School,Murang'A,Level 2,Christian Health Association of Kenya
P O M Dipensary,West Pokot,Level 2,Non-Governmental Organizations
Huruma Clinic (Embu),Embu,Level 2,Private Practice - Nurse / Midwifery
CFW Kimangaru Clinic,Embu,Level 2,Private Practice - Nurse / Midwifery
Mbondoni Dispensary,Embu,Level 2,Ministry of Health
Majengo (PCEA) Clinic,Embu,Level 2,Christian Health Association of Kenya
Kangaru Dispensary (Embu),Embu,Level 2,Ministry of Health
Hospice Dispensary,Uasin Gishu,Level 2,Non-Governmental Organizations
Utawala Dispensary,Garissa,Level 2,Public Institution
Inkoirienito Dispensary,Narok,Level 2,Ministry of Health
Kibulgeny Dispensary,Uasin Gishu,Level 2,Ministry of Health
Mogotio Catholic Dispensary,Baringo,Level 2,Other Faith Based
Namboboto Dispensary,Busia,Level 2,Christian Health Association of Kenya
Ruqa Dispensary,Garissa,Level 2,Ministry of Health
Sisters Maternity Home (Simaho),Garissa,Level 3,Non-Governmental Organizations
Koiwa Medical Clinic,Bomet,Level 3,Company Medical Service
Kiserian Dispensary,Baringo,Level 2,Other Faith Based
Baraki Dispensary,Garissa,Level 2,Ministry of Health
Shantaabaq Health Centre (Lagdera),Garissa,Level 3,Ministry of Health
Mutarakwa Dispensary (Nyandarua South),Nyandarua,Level 2,Ministry of Health
Entasekera Health Centre,Narok,Level 3,Other Faith Based
Al-Aqsa Medical Clinic,Garissa,Level 2,Private Practice - Clinical Officer
Ifmaho Medical Clinic and Laboratory,Garissa,Level 2,Private Practice - Nurse / Midwifery
Liberty Maternity and Nursing Home,Embu,Level 3,Private Enterprise (Institution)
Gathara Dispensary,Nyandarua,Level 2,Ministry of Health
Kakamega Provincial General Hospital (PGH),Kakamega,Level 5,Ministry of Health
St Jude Health Centre (Icipe),Homa Bay,Level 3,Private Enterprise (Institution)
Islamic Relief Agency,Garissa,Level 3,Private Enterprise (Institution)
Sirwa Dispensary,Nandi,Level 2,Ministry of Health
Kichwa Tembo Dispensary,Narok,Level 2,Private Enterprise (Institution)
Bible Faith Church Medical Services Dispensary,West Pokot,Level 2,Other Faith Based
Kilgoris (Cog) Dispensary,Narok,Level 2,Christian Health Association of Kenya
Kiriani Dispensary,Tharaka-Nithi,Level 2,Christian Health Association of Kenya
Titila (AIC) Dispensary,Tana River,Level 2,Christian Health Association of Kenya
Ikumbo Dispensary,Tharaka-Nithi,Level 2,Ministry of Health
Mulot Catholic Dispensary,Narok,Level 2,Kenya Episcopal Conference-Catholic Secretariat
Mutindwa Dispensary,Tharaka-Nithi,Level 2,Ministry of Health
Mirogi Health Centre,Homa Bay,Level 3,Kenya Episcopal Conference-Catholic Secretariat
Kenya Acorn Project (Acorn) Health Centre,Homa Bay,Level 2,Private Enterprise (Institution)
Lambwe Forest Dispensary,Homa Bay,Level 2,Ministry of Health
Nyamasi Dispensary,Homa Bay,Level 2,Ministry of Health
Chukura Dispensary,Uasin Gishu,Level 2,Ministry of Health
Homa Clinic,Homa Bay,Level 2,Private Enterprise (Institution)
Olenkasurai Dispensary,Narok,Level 2,Other Faith Based
Mogotio Plantation Dispensary,Nakuru,Level 2,Company Medical Service
Lela (Community) Dispensary,Homa Bay,Level 2,Ministry of Health
Raruowa Health Centre,Homa Bay,Level 3,Kenya Episcopal Conference-Catholic Secretariat
Bindura Dispensary,Uasin Gishu,Level 2,Other Faith Based
St Teresa Olokirikirai Dispensary,Narok,Level 2,Kenya Episcopal Conference-Catholic Secretariat
Kambui (PCEA) Dispensary,Kiambu,Level 2,Christian Health Association of Kenya
Nyaitara Dispensary,Migori,Level 2,Ministry of Health
Sino Dispensary,Homa Bay,Level 2,Ministry of Health
Othoro Health Centre (Rachuonyo),Homa Bay,Level 3,Ministry of Health
Nyagowa Elck Dispensary,Homa Bay,Level 2,Other Faith Based
Badana Dispensary,Isiolo,Level 2,Ministry of Health
Gathiruini (PCEA) Dispensary,Kiambu,Level 2,Christian Health Association of Kenya
Nguruki-Iruma Dispensary,Tharaka-Nithi,Level 2,Christian Health Association of Kenya
Karura (SDA) Dispensary,Kiambu,Level 2,Christian Health Association of Kenya
Daba (AIC) Dispensary,Tana River,Level 2,Christian Health Association of Kenya
Cedar Medical Clinic (Kimana),Kajiado,Level 2,Private Practice - Nurse / Midwifery
Isinet Dispensary,Kajiado,Level 2,Ministry of Health
Magongo (MCM) Dispensary,Mombasa,Level 2,Ministry of Health
Kipsaos Dispensary,Elegeyo-Marakwet,Level 2,Other Faith Based
Enkirotet Medical Clinic,Kajiado,Level 2,Private Practice - Nurse / Midwifery
Kariakomo Dispensary,Tharaka-Nithi,Level 2,Christian Health Association of Kenya
Rwanyambo Dispensary,Nyandarua,Level 2,Ministry of Health
Murambani Dispensary,Tharaka-Nithi,Level 2,Christian Health Association of Kenya
Enkitoria Dispensary,Narok,Level 2,Other Faith Based
Torosei Dispensary,Kajiado,Level 2,Ministry of Health
Makengi Dispensary (Maara),Tharaka-Nithi,Level 2,Ministry of Health
Napusimoru Dispensary,Turkana,Level 2,Christian Health Association of Kenya
Barsombe Dispensary,Uasin Gishu,Level 2,Ministry of Health
Kadaina Community Dispensary,Kilifi,Level 2,Ministry of Health
Helmon Clinic,Kajiado,Level 2,Private Enterprise (Institution)
Kerol Health Services,Kericho,Level 2,Private Enterprise (Institution)
Namelok Health Centre,Kajiado,Level 3,Ministry of Health
Ukwala Sub County Hospital,Siaya,Level 4,Ministry of Health
Chepseon Health Care Clinic,Kericho,Level 2,Private Enterprise (Institution)
Mukeu (AIC) Dispensary,Nyandarua,Level 2,Christian Health Association of Kenya
Kataret Dispensary,Bomet,Level 2,Ministry of Health
Kapset Dispensary,Bomet,Level 2,Ministry of Health
Kaplomboi Dispensary,Bomet,Level 2,Kenya Episcopal Conference-Catholic Secretariat
Kibagenge Dispensary,Uasin Gishu,Level 2,Ministry of Health
Kipsigak Health Centre,Uasin Gishu,Level 3,Ministry of Health
Tumoi Dispensary,Bomet,Level 2,Ministry of Health
Kipsingei Dispensary,Bomet,Level 2,Ministry of Health
Kitale Mobile Clinic,Trans Nzoia,Level 2,Other Faith Based
Kosikiria Dispensary,Turkana,Level 2,Ministry of Health
Bumala B Health Centre,Busia,Level 3,Ministry of Health
Busembe Dispensary,Busia,Level 2,Ministry of Health
Akichelesit Dispensary,Busia,Level 2,Ministry of Health
Sisenye Dispensary,Busia,Level 2,Ministry of Health
Setano Dispensary,Elegeyo-Marakwet,Level 2,Ministry of Health
Kapcherop Health Centre,Elegeyo-Marakwet,Level 3,Ministry of Health
St Michael Dispensary,Elegeyo-Marakwet,Level 2,Kenya Episcopal Conference-Catholic Secretariat
Burnt Forest Catholic Dispensary,Uasin Gishu,Level 2,Kenya Episcopal Conference-Catholic Secretariat
Koloch Dispensary,Nandi,Level 2,Other Faith Based
Kings Medical Centre (Delivarance) Nakuru,Nakuru,Level 2,Christian Health Association of Kenya
Fountain Medical Centre,Narok,Level 2,Christian Health Association of Kenya
Nakalei Dispensary,Turkana,Level 2,Ministry of Health
Galmagalla Health Centre,Garissa,Level 3,Ministry of Health
Gitare Dispensary (Embu),Embu,Level 2,Ministry of Health
Police Line Dispensary (Garissa),Garissa,Level 2,Ministry of Health
Royal Medical Centre,Nyandarua,Level 2,Private Enterprise (Institution)
Chimoi Health Centre,Kakamega,Level 3,Kenya Episcopal Conference-Catholic Secretariat
Samburu Complex,Isiolo,Level 2,Ministry of Health
Young Muslim Dispensary,Garissa,Level 2,Supreme Council for Kenya Muslims
Excel Health Services,Garissa,Level 2,Private Practice - Clinical Officer
Handaro Dispensary,Garissa,Level 2,Ministry of Health
Yumbis Dispensary,Garissa,Level 2,Ministry of Health
Merti Catholic Dispensary,Isiolo,Level 2,Kenya Episcopal Conference-Catholic Secretariat
Catholic Dispensary (Isiolo),Isiolo,Level 2,Kenya Episcopal Conference-Catholic Secretariat
Chebitet Dispensary,Bomet,Level 2,Company Medical Service
Kimalewa Health Centre,Bungoma,Level 3,Ministry of Health
Chaani (MCM) Dispensary,Mombasa,Level 2,Ministry of Health
Muthithi (PCEA) Dispensary,Murang'A,Level 2,Christian Health Association of Kenya
Kabuchai Health Centre,Bungoma,Level 3,Ministry of Health
Nalondo Cbm Dispensary,Bungoma,Level 2,Other Faith Based
Ngalasia Dispensary,Bungoma,Level 2,Ministry of Health
Kitale  County Refferal  Hospital,Trans Nzoia,Level 5,Ministry of Health
Heni Health Centre,Nyandarua,Level 3,Ministry of Health
Mariira Catholic Dispensary,Murang'A,Level 2,Kenya Episcopal Conference-Catholic Secretariat
Chepsaita Dispensary,Uasin Gishu,Level 2,Ministry of Health
Nasolot Dispensary,West Pokot,Level 2,Other Faith Based
St Elizabeth Health Centre,Narok,Level 3,Other Faith Based
Olmekenyu Dispensary,Narok,Level 2,Ministry of Health
Sancta Maria Clinic,Kajiado,Level 2,Private Enterprise (Institution)
Zam Zam Medical Services,Kajiado,Level 3,Non-Governmental Organizations
Nyambene District Hospital,Meru,Level 4,Ministry of Health
Ngito Dispensary,Narok,Level 2,Other Faith Based
Maringo Clinic,Nairobi,Level 2,Ministry of Health
Lady Northey Dispensary,Nairobi,Level 2,Ministry of Health
Mararianta Dispensary,Narok,Level 2,Other Faith Based
Our Lady of Mercy (Magumu),Nyandarua,Level 2,Christian Health Association of Kenya
Shikusa Health Centre,Kakamega,Level 3,Ministry of Health
Magundu Dispensary,Tharaka-Nithi,Level 2,Christian Health Association of Kenya
Mundoli Health Centre,Kakamega,Level 3,Other Faith Based
Marich Dispensary,West Pokot,Level 2,Other Faith Based
Khumsalaba Clinic,Kakamega,Level 2,Private Practice - Clinical Officer
Munyanza Nursing Home,Kakamega,Level 3,Private Practice - Nurse / Midwifery
Mwihila Mission Hospital,Kakamega,Level 3,Other Faith Based
Shimuli Medical Clinic,Kakamega,Level 2,Private Enterprise (Institution)
St Pauline Nursing Home and Marternity,Kakamega,Level 3,Private Enterprise (Institution)
Nturumeti Dispensary,Narok,Level 2,Other Faith Based
Mulwanda Dispensary,Kakamega,Level 2,Ministry of Health
Kongoni Dispensary,Laikipia,Level 2,Private Enterprise (Institution)
Marie Stopes Clinic (Kitale),Trans Nzoia,Level 2,Non-Governmental Organizations
Tabuga (PCEA) Dispensary,Nakuru,Level 2,Christian Health Association of Kenya
Mpata Club Dispensary,Narok,Level 2,Private Enterprise (Institution)
Kiminini Health Centre,Trans Nzoia,Level 3,Ministry of Health
Olendeem Dispensary,Narok,Level 2,Other Faith Based
Toror Medical Clinic,Elegeyo-Marakwet,Level 2,Private Enterprise (Institution)
Mihuu Dispensary,Bungoma,Level 2,Public Institution
Kapkitony Dispensary,Elegeyo-Marakwet,Level 2,Other Faith Based
Cheptabes Dispensary,Bomet,Level 2,Private Enterprise (Institution)
Sikulu Dispensary,Bungoma,Level 2,Ministry of Health
Makuyu Health Centre,Murang'A,Level 3,Ministry of Health
Maragua Ridge Health Centre,Murang'A,Level 3,Ministry of Health
Mpinzinyi Health Centre,Taita Taveta,Level 3,Ministry of Health
Don Bosco Catholic Dispensary,Murang'A,Level 2,Kenya Episcopal Conference-Catholic Secretariat
Ruchu Dispensary,Murang'A,Level 2,Kenya Episcopal Conference-Catholic Secretariat
Jamii Clinical Services,West Pokot,Level 2,Private Practice - Clinical Officer
Naikara Dispensary,Narok,Level 2,Other Faith Based
Nairasirasa Dispensary,Narok,Level 2,Other Faith Based
ASN Upendo Village Dispensary,Nakuru,Level 2,Kenya Episcopal Conference-Catholic Secretariat
Mabusi Health Centre,Kakamega,Level 3,Ministry of Health
June Mar Maternity and Medical Centre,Kajiado,Level 2,Private Enterprise (Institution)
Sabasaba Catholic Dispensary,Murang'A,Level 2,Christian Health Association of Kenya
Bwena Dipensary,West Pokot,Level 2,Private Enterprise (Institution)
Chumvi Dispensary,Laikipia,Level 2,Other Faith Based
Kipkelion (CHFC) Dispensary,Kericho,Level 2,Private Enterprise (Institution)
Eshikhuyu Dispensary,Kakamega,Level 2,Ministry of Health
Diguna Dispensary,Nandi,Level 2,Other Faith Based
St Charles Lwanga Health Centre,Kakamega,Level 3,Kenya Episcopal Conference-Catholic Secretariat
Cheppemma (AIC) Dispensary,Nakuru,Level 2,Other Faith Based
West Health Centre,Uasin Gishu,Level 3,Ministry of Health
Machwele Dispensary,Bungoma,Level 2,Other Faith Based
Mwakirunge Dispensary,Mombasa,Level 2,Ministry of Health
Muthurwa Clinic,Nairobi,Level 2,Ministry of Health
Kaptabuk Dispensary (Marakwet),Elegeyo-Marakwet,Level 2,Ministry of Health
Salawa Catholic Mission Dispensary PHC,Baringo,Level 2,Kenya Episcopal Conference-Catholic Secretariat
Marigat Catholic Mission,Baringo,Level 2,Kenya Episcopal Conference-Catholic Secretariat
Arroket Dispensary,Bomet,Level 2,Private Enterprise (Institution)
Ololpironito Health Centre,Narok,Level 2,Ministry of Health
Ngewa Health Centre,Kiambu,Level 3,Ministry of Health
Karuri Health Centre,Kiambu,Level 3,Ministry of Health
Karia Health Centre,Kiambu,Level 3,Ministry of Health
Githiga Health Centre,Kiambu,Level 3,Ministry of Health
Wundanyi Sub-District Hospital,Taita Taveta,Level 4,Ministry of Health
Sagala Health Centre,Taita Taveta,Level 3,Ministry of Health
Ekalakala Health Centre,Machakos,Level 3,Ministry of Health
Dadaab Sub-District Hospital,Garissa,Level 4,Ministry of Health
Njukini Health Centre,Taita Taveta,Level 3,Ministry of Health
Nyache Health Centre,Taita Taveta,Level 3,Ministry of Health
Mbale Health Centre,Taita Taveta,Level 3,Ministry of Health
Kivaa Health Centre,Machakos,Level 3,Ministry of Health
Muthambi Health Centre,Tharaka-Nithi,Level 3,Ministry of Health
Tausa Health Centre,Taita Taveta,Level 3,Ministry of Health
Medical Reception Service - Ist Kr,Laikipia,Level 2,Armed Forces
Kigumo Sub County Hospital (Kigumo),Murang'A,Level 4,Ministry of Health
Kigumo Health Centre (Kiambu East),Kiambu,Level 3,Ministry of Health
Masinga Sub County Hospital,Machakos,Level 4,Ministry of Health
Olokyin Health Centre,Bomet,Level 3,Ministry of Health
Matare Mission Dispensary,Migori,Level 2,Christian Health Association of Kenya
Serewo Health Centre,West Pokot,Level 3,Ministry of Health
Kabianga Health Centre,Kericho,Level 3,Ministry of Health
Sogoo Health Centre,Narok,Level 3,Ministry of Health
Kaplamai Health Centre,Trans Nzoia,Level 3,Ministry of Health
Mogotio Rhdc,Nakuru,Level 3,Ministry of Health
Jaramogi Oginga Odinga Teaching  Referral Hospital,Kisumu,Level 5,Ministry of Health
Kabichbich Health Centre,West Pokot,Level 3,Ministry of Health
Kesses Health Centre,Uasin Gishu,Level 2,Ministry of Health
Rongai Health Centre,Nakuru,Level 3,Ministry of Health
Sakutiek Health Centre,Narok,Level 3,Ministry of Health
Soba River Health Centre,Nandi,Level 2,Ministry of Health
Kapteldon Health Centre,Uasin Gishu,Level 2,Ministry of Health
Kabiyet Health Centre,Nandi,Level 3,Ministry of Health
Mosoriot Rural Health Training Centre,Nandi,Level 3,Ministry of Health
Roret Sub-District Hospital,Kericho,Level 4,Ministry of Health
Kapkoros Sub-County Hospital,Bomet,Level 4,Ministry of Health
Kapteren Health Centre,Elegeyo-Marakwet,Level 3,Ministry of Health
Kinondo Kwetu Community Clinic,Kwale,Level 2,Ministry of Health
Kolanya Salvation Army Dispensary,Busia,Level 2,Christian Health Association of Kenya
Siongiroi Health Centre,Bomet,Level 3,Ministry of Health
Kuikui Dispensary,Baringo,Level 2,Ministry of Health
Salawa Health Centre,Baringo,Level 3,Ministry of Health
Mogorwa Health Centre,Baringo,Level 3,Ministry of Health
Seretunin Health Centre,Baringo,Level 2,Ministry of Health
Kampi Samaki Health Centre,Baringo,Level 3,Ministry of Health
Baobab Clinic - Bamburi Cement,Mombasa,Level 2,Private Enterprise (Institution)
Maiela Health Centre,Nakuru,Level 3,Ministry of Health
Kabazi Sub-District Hospital,Nakuru,Level 3,Ministry of Health
Serem Health Centre,Vihiga,Level 3,Ministry of Health
Emarti Health Centre,Narok,Level 3,Ministry of Health
Mbuta Model Health Centre,Mombasa,Level 2,Ministry of Health
Turbo Health Centre,Uasin Gishu,Level 3,Ministry of Health
Tulwet Health Centre,Trans Nzoia,Level 3,Ministry of Health
Suwerwa Health Centre,Trans Nzoia,Level 3,Ministry of Health
Subukia SDH,Nakuru,Level 3,Ministry of Health
Sosiot Health Centre,Kericho,Level 3,Ministry of Health
Sosiani Health Centre,Uasin Gishu,Level 3,Ministry of Health
Maji Tamu Health Centre,Nakuru,Level 2,Ministry of Health
Koilot Health Centre,Nandi,Level 3,Ministry of Health
Bikeke Health Centre,Trans Nzoia,Level 3,Ministry of Health
Dandora II Health Centre,Nairobi,Level 3,Ministry of Health
Lelboinet Health Centre (Keiyo),Elegeyo-Marakwet,Level 3,Ministry of Health
Amukura Health Centre,Busia,Level 3,Ministry of Health
Bumula Health Centre,Bungoma,Level 3,Ministry of Health
Angurai Health Centre,Busia,Level 3,Ministry of Health
Sotik Health Centre,Bomet,Level 3,Ministry of Health
Tegat Health Centre,Bomet,Level 3,Ministry of Health
Torongo Health Centre,Baringo,Level 3,Ministry of Health
Esageri Health Centre,Baringo,Level 3,Ministry of Health
Amukura Mission Health Centre,Busia,Level 3,Kenya Episcopal Conference-Catholic Secretariat
Dundori Health Centre,Nakuru,Level 3,Ministry of Health
Naroosura Health Centre,Narok,Level 3,Ministry of Health
Upper Solai Health Centre,Nakuru,Level 3,Ministry of Health
Kabatini Health Centre,Nakuru,Level 3,Ministry of Health
Enabelbel Health Centre,Narok,Level 3,Ministry of Health
Milo Health Centre,Bungoma,Level 3,Ministry of Health
Nkararo Health Centre,Narok,Level 3,Ministry of Health
Koyo Health Centre,Nandi,Level 3,Ministry of Health
Nairagie-Enkare Health Centre,Narok,Level 3,Ministry of Health
Moi's Bridge Catholic,Uasin Gishu,Level 3,Kenya Episcopal Conference-Catholic Secretariat
Kipkabus Health Centre,Uasin Gishu,Level 3,Ministry of Health
Moi University Health Centre,Uasin Gishu,Level 3,Ministry of Health
Banja Health Centre,Vihiga,Level 3,Ministry of Health
Kipwastuiyo Health Centre,Kericho,Level 3,Ministry of Health
Chombeli Health Centre,Kakamega,Level 3,Ministry of Health
Msekekwa Health Centre,Elegeyo-Marakwet,Level 3,Ministry of Health
Kipsonoi Health Centre,Bomet,Level 3,Ministry of Health
Olbutyo Health Centre,Bomet,Level 3,Ministry of Health
Irwaga Health Centre,Bomet,Level 3,Ministry of Health
Mogogosiek Health Centre,Bomet,Level 3,Ministry of Health
Koiwa Health Centre,Bomet,Level 3,Ministry of Health
Kiptagich Health Centre,Baringo,Level 3,Ministry of Health
Kituro Health Centre,Baringo,Level 3,Ministry of Health
Nakurio Dispensary,Turkana,Level 2,Ministry of Health
Kimalel Health Centre,Baringo,Level 3,Ministry of Health
Emining Health Centre,Baringo,Level 3,Ministry of Health
Kisanana Health Centre,Baringo,Level 3,Ministry of Health
North Kinangop Catholic Hospital,Nyandarua,Level 4,Kenya Episcopal Conference-Catholic Secretariat
Holy Trinity Health Centre (Mai Mahiu),Nakuru,Level 3,Kenya Episcopal Conference-Catholic Secretariat
Mt Elgon Sub County Hospital,Bungoma,Level 4,Ministry of Health
Oserian Health Centre,Nakuru,Level 3,Company Medical Service
Marie Stopes Health Centre (Kericho),Kericho,Level 3,Non-Governmental Organizations
Angata Health Centre,Narok,Level 3,Ministry of Health
Chepkemel Health Centre (Kericho),Kericho,Level 3,Ministry of Health
Chemase Health Centre,Nandi,Level 3,Ministry of Health
Chepkemel Health Centre (Mosop),Nandi,Level 3,Ministry of Health
Ainamoi Health Centre,Kericho,Level 3,Ministry of Health
Forttenan Sub District Hospital,Kericho,Level 4,Ministry of Health
Ol-Jorai Dispensary,Nakuru,Level 3,Ministry of Health
Ndindika Health Centre,Laikipia,Level 3,Ministry of Health
Kerugoya District Hospital,Kirinyaga,Level 4,Ministry of Health
Ngarua Health Centre,Laikipia,Level 3,Ministry of Health
Huruma District Hospital,Uasin Gishu,Level 3,Ministry of Health
Cherangany Health Centre,Trans Nzoia,Level 3,Ministry of Health
Chepkorio Health Centre,Elegeyo-Marakwet,Level 3,Ministry of Health
Muskut Health Centre,Elegeyo-Marakwet,Level 3,Ministry of Health
Bomet Health Centre,Bomet,Level 3,Ministry of Health
Chebangang Health Centre,Bomet,Level 3,Ministry of Health
Barwessa Health Centre,Baringo,Level 2,Ministry of Health
Kiumbu Health Centre,Kirinyaga,Level 3,Ministry of Health
Murungaru Health Centre,Nyandarua,Level 3,Ministry of Health
Ndalat (PCEA) Health Centre,Nandi,Level 2,Christian Health Association of Kenya
Ichagaki (Mission) Health Centre,Murang'A,Level 3,Kenya Episcopal Conference-Catholic Secretariat
Ainabkoi (RCEA) Health Centre,Uasin Gishu,Level 2,Ministry of Health
Kamung'ang'a (ACK) Dispensary,Murang'A,Level 3,Christian Health Association of Kenya
Kimng'oror (ACK) Health Centre,Nandi,Level 2,Christian Health Association of Kenya
Nakwamoru Health Centre,Turkana,Level 2,Kenya Episcopal Conference-Catholic Secretariat
Kebeneti (SDA) Health Centre,Kericho,Level 3,Christian Health Association of Kenya
Kabobo Health Centre,Uasin Gishu,Level 3,Ministry of Health
St Theresa Thatha Mission Dispensary,Machakos,Level 2,Kenya Episcopal Conference-Catholic Secretariat
Lokichar (RCEA) Health Centre,Turkana,Level 3,Christian Health Association of Kenya
Kobujoi Mission Health Centre,Nandi,Level 3,Other Faith Based
Mazumalume Dispensary,Kwale,Level 2,Ministry of Health
Esther Memorial Nursing Home,Nakuru,Level 3,Private Enterprise (Institution)
Kutulo Health Centre (Wajir East),Wajir,Level 3,Ministry of Health
Archers Post Health Centre,Samburu,Level 3,Kenya Episcopal Conference-Catholic Secretariat
Moi's Bridge Health Centre,Uasin Gishu,Level 3,Ministry of Health
Hekima Dispensary,Nakuru,Level 2,Other Faith Based
Soy Health Centre,Uasin Gishu,Level 3,Ministry of Health
Ngubereti Health Centre,Baringo,Level 3,Ministry of Health
St Pius Musoli Health Centre,Kakamega,Level 3,Other Faith Based
Cmf Aitong Health Centre,Narok,Level 3,Other Faith Based
Njabini Maternity and Nursing Home,Nyandarua,Level 2,Private Practice - Nurse / Midwifery
Flourspar Health Centre,Elegeyo-Marakwet,Level 3,Private Enterprise (Institution)
Kaboson Health Centre,Bomet,Level 3,Christian Health Association of Kenya
Maragua District Hospital,Murang'A,Level 4,Ministry of Health
Wesu District Hospital,Taita Taveta,Level 4,Ministry of Health
St John Cottage Health Centre,Nakuru,Level 2,Kenya Episcopal Conference-Catholic Secretariat
South Horr Catholic Health Centre,Samburu,Level 3,Kenya Episcopal Conference-Catholic Secretariat
Ime (AIC) Health Centre,Nakuru,Level 2,Christian Health Association of Kenya
Wesley Health Centre,Nakuru,Level 3,Other Faith Based
St Francis Tinga Health Centre (Kipkelion),Kericho,Level 3,Kenya Episcopal Conference-Catholic Secretariat
Thessalia Health Centre,Kericho,Level 3,Other Faith Based
Buyangu Health Centre,Vihiga,Level 3,Other Faith Based
St Raphael Health Centre,Tana River,Level 3,Other Faith Based
St Brigitas Health Centre,Uasin Gishu,Level 3,Other Faith Based
St Mary's Kapsoya Dispensary,Uasin Gishu,Level 2,Other Faith Based
Ereto Health Centre,Narok,Level 3,Non-Governmental Organizations
Huruma Health Centre (Laikipia East),Laikipia,Level 3,Kenya Episcopal Conference-Catholic Secretariat
St. Monica Eregi Mission Health Centre,Kakamega,Level 3,Other Faith Based
Crater Medical Centre,Nakuru,Level 3,Private Practice - General Practitioner
Bamboo Health Centre,Nyandarua,Level 3,Ministry of Health
Kiambu District Hospital,Kiambu,Level 4,Ministry of Health
Bushiangala Health Centre,Kakamega,Level 3,Other Faith Based
Arror Health Centre,Elegeyo-Marakwet,Level 3,Kenya Episcopal Conference-Catholic Secretariat
Chesoi Health Centre,Elegeyo-Marakwet,Level 3,Kenya Episcopal Conference-Catholic Secretariat
Kamfas Clinic,Kirinyaga,Level 2,Private Practice - Nurse / Midwifery
Endo Health Centre,Elegeyo-Marakwet,Level 3,Kenya Episcopal Conference-Catholic Secretariat
Chesongoch Health Centre,Elegeyo-Marakwet,Level 4,Kenya Episcopal Conference-Catholic Secretariat
Kibabii Health Centre,Bungoma,Level 3,Kenya Episcopal Conference-Catholic Secretariat
Ziwa Sub-District Hospital,Uasin Gishu,Level 4,Ministry of Health
Wamba Health Centre,Samburu,Level 3,Ministry of Health
Nandi Hills District Hospital,Nandi,Level 4,Ministry of Health
Malava District Hospital,Kakamega,Level 4,Ministry of Health
Bahati District Hospital,Nakuru,Level 4,Ministry of Health
Kaptumo Sub-District Hospital,Nandi,Level 4,Ministry of Health
Kericho District Hospital,Kericho,Level 4,Ministry of Health
Lolgorian Sub District Hosp,Narok,Level 4,Ministry of Health
Nanyuki District Hospital,Laikipia,Level 4,Ministry of Health
Londiani District Hospital,Kericho,Level 4,Ministry of Health
Moi District Hospital Voi,Taita Taveta,Level 4,Ministry of Health
Mwatate Sub-District Hospital,Taita Taveta,Level 4,Ministry of Health
Magutuni District Hospital,Tharaka-Nithi,Level 4,Ministry of Health
Hola District Hospital,Tana River,Level 4,Ministry of Health
Kihara Sub-District Hospital,Kiambu,Level 4,Ministry of Health
Cheplanget Dispensary,Kericho,Level 2,Ministry of Health
Nyeri Town Health Centre,Nyeri,Level 3,Ministry of Health
Gilgil Military Regional Hospital,Nakuru,Level 4,Armed Forces
Kapkatet District Hospital,Kericho,Level 4,Ministry of Health
Narok County Referral Hospital,Narok,Level 4,Ministry of Health
Katilu Sub County Hospital,Turkana,Level 4,Ministry of Health
Cheptalal Sub-District Hospital,Bomet,Level 4,Ministry of Health
Tambach Sub-District Hospital,Elegeyo-Marakwet,Level 4,Ministry of Health
Mukungi Dispensary,Nyandarua,Level 2,Ministry of Health
Mwiki CFW,Nairobi,Level 2,Private Enterprise (Institution)
Limo Surgical Hospital,Uasin Gishu,Level 3,Private Enterprise (Institution)
Kaimosi Mission Hospital,Vihiga,Level 4,Other Faith Based
Ololulunga District Hospital,Narok,Level 4,Ministry of Health
Rumuruti District Hospital,Laikipia,Level 4,Ministry of Health
Meteitei Sub-District Hospital,Nandi,Level 3,Ministry of Health
Saboti Sub-District Hospital,Trans Nzoia,Level 4,Ministry of Health
Sigowet Sub-District Hospital,Kericho,Level 4,Ministry of Health
Baragoi Sub-District Hospital,Samburu,Level 4,Ministry of Health
Shibwe Sub-District Hospital,Kakamega,Level 4,Ministry of Health
Transmara District Hospital,Narok,Level 4,Ministry of Health
Kapsara District Hospital,Trans Nzoia,Level 4,Ministry of Health
Kangu Dispensary,Kirinyaga,Level 2,Ministry of Health
Cheindoi Dispensary,Nandi,Level 2,Ministry of Health
Chepterwai Sub-District Hospital,Nandi,Level 4,Ministry of Health
Iguhu County Hospital,Kakamega,Level 4,Ministry of Health
Baringo County Refferal Hospital,Baringo,Level 4,Ministry of Health
Bokoli Hospital,Bungoma,Level 4,Ministry of Health
Marigat Sub District Hospital,Baringo,Level 4,Ministry of Health
Eldama Ravine District Hospital,Baringo,Level 4,Ministry of Health
Iten District Hospital,Elegeyo-Marakwet,Level 4,Ministry of Health
Kaptarakwa Sub-District Hospital,Elegeyo-Marakwet,Level 4,Ministry of Health
Teso  North Sub county Hospital,Busia,Level 4,Ministry of Health
Alupe Sub-District Hospital,Busia,Level 4,Ministry of Health
Kabartonjo District Hospital,Baringo,Level 3,Ministry of Health
Njabini Health Centre,Nyandarua,Level 3,Ministry of Health
Pap Kodero Health Centre,Siaya,Level 3,Ministry of Health
Kegondi Health Centre,Vihiga,Level 3,Ministry of Health
Mbale Rural Health Training Centre,Vihiga,Level 3,Ministry of Health
Chandaria Health Centre,Nairobi,Level 3,Ministry of Health
Mulele Dispensary,Vihiga,Level 2,Ministry of Health
Bugina Health Centre,Vihiga,Level 3,Ministry of Health
Nadanya Dispensary,Vihiga,Level 2,Ministry of Health
Webuye Hospital,Bungoma,Level 4,Ministry of Health
Munoywa Dispensary,Vihiga,Level 2,Ministry of Health
Naitiri Sub-County Hospital,Bungoma,Level 4,Ministry of Health
Inyali Dispensary,Vihiga,Level 2,Ministry of Health
Iduku Dispensary,Vihiga,Level 2,Ministry of Health
Bugamangi Dispensary,Vihiga,Level 2,Ministry of Health
Egago Dispensary,Vihiga,Level 2,Ministry of Health
Mbaleway Side Clinic,Vihiga,Level 2,Private Practice - Clinical Officer
Mijay Clinic,Vihiga,Level 2,Private Practice - Nurse / Midwifery
Alliance Clinic,Vihiga,Level 2,Private Practice - Nurse / Midwifery
Carol Afandi Clinic,Vihiga,Level 2,Private Practice - Nurse / Midwifery
Jasho Medical Clinic,Vihiga,Level 2,Private Practice - Nurse / Midwifery
Junction Medical Clinic,Vihiga,Level 2,Private Practice - Nurse / Midwifery
Mji Wa Huruma Dispensary,Nairobi,Level 2,Ministry of Health
Sabatia Eye Hospital Mission,Vihiga,Level 4,Christian Health Association of Kenya
Mediheal Hospital,Uasin Gishu,Level 4,Private Enterprise (Institution)
Githumu Hospital,Murang'A,Level 4,Christian Health Association of Kenya
Kapedo Sub-County Hospital,Turkana,Level 4,Ministry of Health
Holy Family Nangina Hospital,Busia,Level 4,Kenya Episcopal Conference-Catholic Secretariat
Lugulu Friends Mission Hospital,Bungoma,Level 4,Other Faith Based
Kapsowar (AIC) Hospital,Elegeyo-Marakwet,Level 4,Christian Health Association of Kenya
Sabatia Health Centre,Vihiga,Level 3,Ministry of Health
Chamakanga Mission,Vihiga,Level 2,Christian Health Association of Kenya
Enzaro Health Centre,Vihiga,Level 3,Ministry of Health
Lyanaginga Health Centre,Vihiga,Level 3,Ministry of Health
Chavogere Mission,Vihiga,Level 3,Christian Health Association of Kenya
St Mary's Hospital (Mumias),Kakamega,Level 3,Kenya Episcopal Conference-Catholic Secretariat
Port Victoria Hospital,Busia,Level 4,Ministry of Health
Ivona Clinic,Kakamega,Level 2,Private Enterprise (Institution)
Rophy Clinic,Kakamega,Level 2,Private Enterprise (Institution)
Beberion Clinic,Kakamega,Level 2,Private Enterprise (Institution)
Kona Clinic,Kakamega,Level 2,Private Enterprise (Institution)
Matunda  Sub county Hospital,Trans Nzoia,Level 4,Ministry of Health
Go Down Clinic,Kakamega,Level 2,Private Enterprise (Institution)
Central Clinic (Lugari),Kakamega,Level 2,Private Enterprise (Institution)
Nzoia (ACK) Dispensary,Kakamega,Level 2,Christian Health Association of Kenya
Mumias Sugar Clinic,Kakamega,Level 2,Private Practice - Nurse / Midwifery
Musanda (ACK) Clinic,Kakamega,Level 2,Other Faith Based
Canaan Clinic (Matete),Kakamega,Level 2,Private Enterprise (Institution)
Mulukaka Clinic,Kakamega,Level 2,Private Enterprise (Institution)
Mukhobola Health Centre,Busia,Level 3,Ministry of Health
Sirimba Dispensary,Busia,Level 2,Kenya Episcopal Conference-Catholic Secretariat
Budalangi Dispensary,Busia,Level 2,Ministry of Health
Elwasambi Dispensary,Kakamega,Level 2,Ministry of Health
Marakusi Dispensary,Kakamega,Level 2,Ministry of Health
Mbagara Dispensary,Kakamega,Level 2,Ministry of Health
Mukuyu Dispensary,Kakamega,Level 2,Ministry of Health
Nzoia Matete Dispensary,Kakamega,Level 2,Ministry of Health
Munyuki Dispensary,Kakamega,Level 2,Ministry of Health
Majengo Dispensary,Kakamega,Level 2,Ministry of Health
Kamla Community Dispensary,West Pokot,Level 2,Ministry of Health
Musembe Dispensary (Lugari),Kakamega,Level 2,Ministry of Health
Lumani Dispensary,Kakamega,Level 2,Ministry of Health
Maturu Dispensary,Kakamega,Level 2,Ministry of Health
Turbo Forest Dispensary,Kakamega,Level 2,Ministry of Health
Sango Dispensary,Kakamega,Level 2,Ministry of Health
Matunda Nursing Home,Kakamega,Level 3,Private Enterprise (Institution)
Soy Sambu Dispensary,Kakamega,Level 2,Ministry of Health
Mumias Model Health Centre,Kakamega,Level 2,Ministry of Health
Mwea Mission (Our Lady of Lourdes) Hospital,Kirinyaga,Level 4,Kenya Episcopal Conference-Catholic Secretariat
Bukaya Medical Centre,Kakamega,Level 2,Private Practice - Medical Specialist
Khaunga Dispensary,Kakamega,Level 2,Ministry of Health
Mung'ung'u Dispensary,Kakamega,Level 2,Ministry of Health
Shibanze Dispensary,Kakamega,Level 2,Ministry of Health
Namulungu Dispensary,Kakamega,Level 2,Ministry of Health
Lung'anyiro Dispensary,Kakamega,Level 2,Ministry of Health
National Youth Service Dispensary,Kakamega,Level 2,Ministry of Health
Mapengo Dispensary,Kakamega,Level 2,Ministry of Health
Community Health Foundation,Nairobi,Level 2,Ministry of Health
Bukaya Health Centre,Kakamega,Level 3,Ministry of Health
Matete Health Centre,Kakamega,Level 3,Ministry of Health
Kongoni Health Centre,Kakamega,Level 3,Ministry of Health
Shikunga Health Centre,Kakamega,Level 3,Ministry of Health
Bungasi Health Centre,Kakamega,Level 3,Ministry of Health
Lusheya Health Centre,Kakamega,Level 3,Ministry of Health
Makunga Rhdc,Kakamega,Level 3,Ministry of Health
Mung'ang'a Dispensary,Kakamega,Level 2,Ministry of Health
Khalaba Health Centre,Kakamega,Level 2,Ministry of Health
Maridadi RCEA Medical Centre,Trans Nzoia,Level 2,Other Faith Based
Ojola Dispensary,Kisumu,Level 2,Ministry of Health
Kimondo Dispensary,Trans Nzoia,Level 2,Ministry of Health
Chepchoina Dispensary,Trans Nzoia,Level 2,Ministry of Health
Matunda Sub-District Hospital,Kakamega,Level 4,Ministry of Health
Likuyani Sub-District Hospital,Kakamega,Level 4,Ministry of Health
Kyangunga Health Centre,Kitui,Level 3,Ministry of Health
Tyaa Kamuthale Dispensary,Kitui,Level 3,Ministry of Health
Mautuma Sub County Hospital,Kakamega,Level 4,Ministry of Health
Kaisagat Health Centre,Trans Nzoia,Level 3,Ministry of Health
Mt Elgon National Park Dispensary,Trans Nzoia,Level 2,Ministry of Health
Khaoya Dispensary,Bungoma,Level 2,Public Institution
Thiba Health Centre,Kirinyaga,Level 3,Ministry of Health
Andersen Medical Centre,Trans Nzoia,Level 3,Private Enterprise (Institution)
Roadside Medical Clinic Kiangai,Kirinyaga,Level 2,Private Practice - Nurse / Midwifery
Wamumu Dispensary,Kirinyaga,Level 2,Ministry of Health
Sagana Catholic Dispensary,Kirinyaga,Level 2,Kenya Episcopal Conference-Catholic Secretariat
Rukanga  Health Centre,Kirinyaga,Level 3,Ministry of Health
Gatithi Dispensary,Kirinyaga,Level 2,Ministry of Health
Kibirigwi Health Centre,Kirinyaga,Level 3,Ministry of Health
Gathigiriri Health Centre,Kirinyaga,Level 3,Ministry of Health
Kiaragana Dispensary,Kirinyaga,Level 2,Ministry of Health
Makueni Catholic Dispensary,Makueni,Level 2,Kenya Episcopal Conference-Catholic Secretariat
Siloam Medical clinic(Kwanza),Trans Nzoia,Level 2,Private Enterprise (Institution)
Ahmadiya Hospital,Kakamega,Level 4,Other Faith Based
Lumakanda Sub County Hospital,Kakamega,Level 4,Ministry of Health
Kabirirsang Dispensary,Nandi,Level 2,Ministry of Health
Matungu Sub-District Hospital,Kakamega,Level 4,Ministry of Health
Muhoroni County Hospital,Kisumu,Level 4,Ministry of Health
St John Ndururumo Medical Clinic,Laikipia,Level 2,Private Practice - Clinical Officer
Keringet Health Centre,West Pokot,Level 3,Ministry of Health
Bethany Family Clinic,Nyeri,Level 2,Private Practice - Nurse / Midwifery
St Peter's Medical Clinic,Kajiado,Level 2,Private Practice - Nurse / Midwifery
Dr Irungu Mwangi Dermatology Clinic,Nyeri,Level 2,Private Practice - General Practitioner
Eldoret Hospital,Uasin Gishu,Level 4,Private Enterprise (Institution)
Mpeketoni Health Services Clinic,Lamu,Level 2,Private Practice - Clinical Officer
Star of Good Hope Medical Clinic,Kwale,Level 2,Private Practice - Clinical Officer
Mugos Clinic,Lamu,Level 2,Private Practice - Clinical Officer
Gatuamba Medical Clinic,Nyeri,Level 2,Private Practice - Nurse / Midwifery
Gatukuyu Medical Clinic,Kiambu,Level 2,Private Practice - Nurse / Midwifery
Charity Medical Clinic,Kiambu,Level 2,Private Practice - Nurse / Midwifery
Mayols Medical Clinic,Nyeri,Level 2,Private Practice - Nurse / Midwifery
Tumaini Medical Clinic (Nyandarua North),Nyandarua,Level 2,Private Practice - Nurse / Midwifery
St Teresa Medical Clinic,Machakos,Level 2,Private Practice - Nurse / Midwifery
Jamii Medical Clinic (Mwala),Machakos,Level 2,Private Practice - Nurse / Midwifery
Unique Tambaya Medical Clinic,Nyeri,Level 2,Private Practice - Nurse / Midwifery
Ol Jororok Medical Clinic,Nyandarua,Level 2,Private Practice - Nurse / Midwifery
Sisi Kwa Sisi Medical Clinic,Machakos,Level 2,Private Practice - Nurse / Midwifery
Afya Bora Medical Clinic (Malindi),Kilifi,Level 2,Private Practice - Nurse / Midwifery
Mariakani Community Health Care Services,Kilifi,Level 2,Private Practice - Nurse / Midwifery
Ithe-Kahuno Medical Clinic,Nyeri,Level 2,Private Practice - Nurse / Midwifery
Kipkenyo Dispensary,Uasin Gishu,Level 2,Ministry of Health
Labura/Babito Medical Clinic,Nyeri,Level 2,Private Practice - Nurse / Midwifery
Uzima Medical Clinic (Lamu),Lamu,Level 2,Private Practice - Clinical Officer
Cornerstone Medical Clinic,Kwale,Level 2,Private Practice - Clinical Officer
Gituamba Medical Clinic,Kiambu,Level 2,Private Practice - Nurse / Midwifery
Kinunga Medical Clinic,Nyeri,Level 2,Private Practice - Nurse / Midwifery
Mutitu Gikondi Medical Clinic,Nyeri,Level 2,Private Practice - Nurse / Midwifery
Atlas Medical Clinic,Nyeri,Level 2,Private Practice - Nurse / Midwifery
Mihuti Medical Clinic,Nyeri,Level 2,Private Practice - Nurse / Midwifery
Ssema Medical Clinic,Kirinyaga,Level 2,Private Practice - Nurse / Midwifery
Manguo Medical Clinic,Nyandarua,Level 2,Private Practice - Nurse / Midwifery
Tunuku Medical Clinic,Nyeri,Level 2,Private Practice - Nurse / Midwifery
Kageni Med Clinic,Tharaka-Nithi,Level 2,Private Practice - Nurse / Midwifery
Kimahuri Medical Clinic,Nyeri,Level 2,Private Practice - Nurse / Midwifery
Kabuti Clinic,Kirinyaga,Level 2,Private Practice - Nurse / Midwifery
Ithare Medical Clinic,Kirinyaga,Level 2,Private Practice - Nurse / Midwifery
Khadija Medical Clinic,Kilifi,Level 2,Private Practice - Clinical Officer
Mt Kenya Narumoru Medical Clinic,Nyeri,Level 2,Private Practice - Nurse / Midwifery
New Kihoya Clinic,Murang'A,Level 2,Private Practice - Nurse / Midwifery
St Mary's Medical Clinic (Malindi),Kilifi,Level 2,Private Practice - Nurse / Midwifery
Baraka Medical Clinic (Muranga North),Murang'A,Level 2,Private Practice - Nurse / Midwifery
Zakma Medical Clinic,Garissa,Level 2,Private Practice - Nurse / Midwifery
Dertu Medical Clinic,Garissa,Level 2,Private Practice - Clinical Officer
Emmanuel Medical Clinic (Nyeri North),Nyeri,Level 2,Private Practice - Nurse / Midwifery
Kopeeto Dispensary,West Pokot,Level 2,Ministry of Health
Rapha Afya Medical Clinic (Kirinyaga),Kirinyaga,Level 2,Private Practice - Clinical Officer
St Monica Nakwamekwi Dispensary,Turkana,Level 2,Kenya Episcopal Conference-Catholic Secretariat
Kahara Medical Clinic,Nyeri,Level 2,Private Practice - Nurse / Midwifery
Ebenezer Medical Clinic (Nyeri South),Nyeri,Level 2,Private Practice - Nurse / Midwifery
Kariumba Medical Clinic,Nyeri,Level 2,Private Practice - Nurse / Midwifery
Aberdare Medical & Surgical Clinic,Nyeri,Level 2,Private Practice - Nurse / Midwifery
Katethya Medical Clinic,Kitui,Level 2,Private Practice - Clinical Officer
Tewas Medical Clinic,Murang'A,Level 2,Private Practice - Nurse / Midwifery
Muthuthiini Medical Clinic,Nyeri,Level 2,Private Practice - Nurse / Midwifery
Safi Medical Clinic,Kirinyaga,Level 2,Private Practice - Nurse / Midwifery
Gatamu Medical Clinic,Nyeri,Level 2,Private Practice - Clinical Officer
Wanduta Medical Clinic,Kiambu,Level 2,Private Practice - Nurse / Midwifery
Diana Medical Clinic,Nyeri,Level 2,Private Practice - Nurse / Midwifery
Mukarara Medical Clinic,Nyeri,Level 2,Private Practice - Nurse / Midwifery
Imani Yako Medical Clinic,Machakos,Level 2,Private Practice - Nurse / Midwifery
Kimondo Medical Clinic,Nyeri,Level 2,Private Practice - Nurse / Midwifery
Ndonyero Medical Clinic,Kiambu,Level 2,Private Practice - Nurse / Midwifery
Upendo Medical Care,Nyeri,Level 2,Private Practice - Nurse / Midwifery
Jaribu Medical Clinic,Garissa,Level 2,Private Practice - Nurse / Midwifery
Matura Medical Care,Nyeri,Level 2,Private Practice - Clinical Officer
Salem Medical Services,Kitui,Level 3,Private Practice - Clinical Officer
Gichiche Medical Clinic,Nyeri,Level 2,Private Practice - Clinical Officer
Sagana Medical Clinic,Kirinyaga,Level 2,Private Practice - Clinical Officer
Wellness Medical Clinic,Laikipia,Level 2,Private Practice - Clinical Officer
Obeys Medical Clinic,Murang'A,Level 2,Private Practice - Nurse / Midwifery
Delina Health Care,Nyeri,Level 2,Private Practice - Nurse / Midwifery
Boore Clinic,Kiambu,Level 2,Private Practice - Nurse / Midwifery
Mayos Medical Clinic,Nyeri,Level 2,Private Practice - Nurse / Midwifery
Mathingira Medical Clinic,Nyeri,Level 2,Private Practice - General Practitioner
Njika Wega Medical Clinic,Nyeri,Level 2,Private Practice - Nurse / Midwifery
Alpha Family Health Care,Nyeri,Level 3,Private Practice - Nurse / Midwifery
Good Samaritan Health Services (Kirinyaga),Kirinyaga,Level 2,Private Practice - Nurse / Midwifery
Njambi Nursing Home,Kirinyaga,Level 2,Private Enterprise (Institution)
Nyalenda Nursing Home,Homa Bay,Level 3,Private Practice - General Practitioner
Kihaaro Medical Clinic,Nyeri,Level 2,Private Practice - Clinical Officer
Karure Medical Clinic,Kiambu,Level 2,Private Practice - Clinical Officer
Mangu (Aip) Dispensary,Kiambu,Level 2,Other Faith Based
Hope Medical Clinic (Kirinyaga),Kirinyaga,Level 2,Private Practice - Nurse / Midwifery
Manjo Health Clinic,Nyeri,Level 2,Private Practice - Nurse / Midwifery
Itara Medical Clinic,Nyeri,Level 2,Private Practice - Nurse / Midwifery
Ihururu Medical Clinic,Nyeri,Level 2,Private Practice - Nurse / Midwifery
Muthinga Medical Clinic,Nyeri,Level 2,Private Practice - Nurse / Midwifery
Waihara Medical Clinic,Nyeri,Level 2,Private Practice - Nurse / Midwifery
Faith Medical Clinic (Nyeri South),Nyeri,Level 2,Private Practice - Nurse / Midwifery
Kituneni Medical Clinic,Machakos,Level 2,Private Practice - Nurse / Midwifery
Tonys Medical Clinic,Nyeri,Level 2,Private Practice - Nurse / Midwifery
Thunguri Medical Clinic,Nyeri,Level 2,Private Practice - Nurse / Midwifery
St Austine Medical Clinic,Kirinyaga,Level 2,Private Practice - Nurse / Midwifery
Ojm Medical Clinic,Vihiga,Level 2,Private Practice - Nurse / Midwifery
Rapcom Nursing and Maternity Home,Migori,Level 3,Private Enterprise (Institution)
Jehova Jireh Clinic,Kirinyaga,Level 2,Private Practice - Nurse / Midwifery
St Faith Medical Clinic (Kimana),Kajiado,Level 2,Private Practice - Nurse / Midwifery
Muhaka Dispensary(Khwisero),Kakamega,Level 2,Ministry of Health
Subuku Medical Clinic,Nyandarua,Level 2,Private Practice - Nurse / Midwifery
Danrose Clinic,Kilifi,Level 2,Private Practice - Nurse / Midwifery
Othaya Medical Services Clinic,Nyeri,Level 2,Private Practice - Nurse / Midwifery
Tumaini Medical Cl Dzitsoni,Kilifi,Level 2,Private Practice - Nurse / Midwifery
St Philomena Medical Clinic,Machakos,Level 2,Private Practice - Nurse / Midwifery
Muruguru Medical Clinic (Nyeri South),Nyeri,Level 2,Private Practice - Nurse / Midwifery
Iriaini Medical Clinic,Nyeri,Level 2,Private Practice - Nurse / Midwifery
Mercy Medical Clinic (Othaya),Nyeri,Level 2,Private Practice - Nurse / Midwifery
Thangathi Health Clinic,Nyeri,Level 2,Private Practice - Nurse / Midwifery
Mwendwa Medical Clinic,Nyeri,Level 2,Private Practice - Nurse / Midwifery
Mwea Medical Clinic,Kirinyaga,Level 2,Private Practice - Nurse / Midwifery
Sonak Clinic,Kakamega,Level 2,Private Practice - Nurse / Midwifery
Apostles Clinic,Kakamega,Level 2,Christian Health Association of Kenya
Kiangai Medical Clinic,Kirinyaga,Level 2,Private Practice - Nurse / Midwifery
Equator Nursing and Maternity Home,Vihiga,Level 3,Private Practice - General Practitioner
Rosa Medical Clinic,Nyeri,Level 2,Private Practice - Nurse / Midwifery
Samkim Medical Clinic,Kiambu,Level 2,Private Practice - Nurse / Midwifery
Bay Way Medical Clinic,Vihiga,Level 2,Private Practice - Nurse / Midwifery
Kimunyu (PCEA) Dispensary,Kiambu,Level 2,Christian Health Association of Kenya
Kirichu Market Medical Clinic,Nyeri,Level 2,Private Practice - Nurse / Midwifery
Fr Baldo Cath Disp,Nyandarua,Level 2,Kenya Episcopal Conference-Catholic Secretariat
Ukunda Diani Catholic Dispensary,Kwale,Level 2,Kenya Episcopal Conference-Catholic Secretariat
Holy Family Dispensary,Nyandarua,Level 2,Kenya Episcopal Conference-Catholic Secretariat
Genesis Community Bamako Initiative,Kirinyaga,Level 2,Non-Governmental Organizations
